[02:18:12] [main/INFO] [LaunchWrapper]: Loading tweak class name net.minecraftforge.fml.common.launcher.FMLServerTweaker
[02:18:12] [main/INFO] [LaunchWrapper]: Using primary tweak class name net.minecraftforge.fml.common.launcher.FMLServerTweaker
[02:18:12] [main/INFO] [LaunchWrapper]: Calling tweak class net.minecraftforge.fml.common.launcher.FMLServerTweaker
[02:18:12] [main/INFO] [FML]: Forge Mod Loader version 14.23.5.2860 for Minecraft 1.12.2 loading
[02:18:12] [main/INFO] [FML]: Java is OpenJDK 64-Bit Server VM, version 1.8.0_492, running on Linux:amd64:6.8.0-1052-azure, installed at /usr/lib/jvm/java-8-openjdk-amd64/jre
[02:18:17] [main/INFO] [FML]: Searching /workspaces/de-nuevo/servidor_minecraft/./mods for mods
[02:18:17] [main/INFO] [FML]: Searching /workspaces/de-nuevo/servidor_minecraft/./mods/1.12.2 for mods
[02:18:17] [main/WARN] [FML]: Found FMLCorePluginContainsFMLMod marker in !configanytime-3.0.jar. This is not recommended, @Mods should be in a separate jar from the coremod.
[02:18:17] [main/WARN] [FML]: The coremod com.cleanroommc.configanytime.ConfigAnytimePlugin does not have a MCVersion annotation, it may cause issues with this version of Minecraft
[02:18:17] [main/WARN] [FML]: The coremod ConfigAnytimePlugin (com.cleanroommc.configanytime.ConfigAnytimePlugin) is not signed!
[02:18:17] [main/INFO] [FML]: Loading tweaker org.spongepowered.asm.launch.MixinTweaker from !mixinbooter-10.4.jar
[02:18:17] [main/WARN] [FML]: Found FMLCorePluginContainsFMLMod marker in !Red-Core-MC-1.8-1.12-0.6-Dev-9.jar. This is not recommended, @Mods should be in a separate jar from the coremod.
[02:18:17] [main/WARN] [FML]: The coremod dev.redstudio.redcore.RedCorePlugin does not have a MCVersion annotation, it may cause issues with this version of Minecraft
[02:18:17] [main/WARN] [FML]: The coremod Red Core (dev.redstudio.redcore.RedCorePlugin) is not signed!
[02:18:17] [main/INFO] [FML]: Loading tweaker org.spongepowered.asm.launch.MixinTweaker from _supermartijn642corelib-1.1.18-forge-mc1.12.jar
[02:18:17] [main/WARN] [FML]: Found FMLCorePluginContainsFMLMod marker in ae2-uel-v0.56.6.jar. This is not recommended, @Mods should be in a separate jar from the coremod.
[02:18:17] [main/WARN] [FML]: The coremod AE2ELCore (appeng.core.AE2ELCore) is not signed!
[02:18:17] [main/WARN] [FML]: Found FMLCorePluginContainsFMLMod marker in Alfheim-1.5-Dev-4.jar. This is not recommended, @Mods should be in a separate jar from the coremod.
[02:18:17] [main/WARN] [FML]: The coremod AlfheimPlugin (dev.redstudio.alfheim.asm.AlfheimPlugin) is not signed!
[02:18:17] [main/WARN] [FML]: Found FMLCorePluginContainsFMLMod marker in bogosorter-1.4.9.jar. This is not recommended, @Mods should be in a separate jar from the coremod.
[02:18:17] [main/WARN] [FML]: The coremod BogoSorter-Core (com.cleanroommc.bogosorter.core.BogoSorterCore) is not signed!
[02:18:17] [main/WARN] [FML]: Found FMLCorePluginContainsFMLMod marker in Bubbles-2.2.jar. This is not recommended, @Mods should be in a separate jar from the coremod.
[02:18:17] [main/WARN] [FML]: The coremod Bubbles (baubles.core.BubblesCore) is not signed!
[02:18:17] [main/WARN] [FML]: Found FMLCorePluginContainsFMLMod marker in censoredasm5.21.jar. This is not recommended, @Mods should be in a separate jar from the coremod.
[02:18:17] [main/WARN] [FML]: The coremod LoliASM (zone.rong.loliasm.core.LoliLoadingPlugin) is not signed!
[02:18:17] [main/INFO] [LoliASM]: Lolis are on the server-side.
[02:18:17] [main/INFO] [LoliASM]: Lolis are preparing and loading in mixins since Rongmario's too lazy to write pure ASM at times despite the mod being called 'LoliASM'
[02:18:17] [main/WARN] [LoliASM]: Replacing CA Certs with an updated one...
[02:18:17] [main/INFO] [FML]: Loading tweaker codechicken.asm.internal.Tweaker from ChickenASM-1.12-1.0.2.7.jar
[02:18:17] [main/WARN] [FML]: Found FMLCorePluginContainsFMLMod marker in CreativeCore_v1.10.71_mc1.12.2.jar. This is not recommended, @Mods should be in a separate jar from the coremod.
[02:18:17] [main/WARN] [FML]: The coremod com.creativemd.creativecore.core.CreativePatchingLoader does not have a MCVersion annotation, it may cause issues with this version of Minecraft
[02:18:17] [main/WARN] [FML]: The coremod CreativePatchingLoader (com.creativemd.creativecore.core.CreativePatchingLoader) is not signed!
[02:18:17] [main/WARN] [FML]: Found FMLCorePluginContainsFMLMod marker in EnderStorage-1.12.2-2.6.3.jar. This is not recommended, @Mods should be in a separate jar from the coremod.
[02:18:17] [main/WARN] [FML]: The coremod ReflectorsPlugin (codechicken.enderstorage.reflection.ReflectorsPlugin) is not signed!
[02:18:17] [main/WARN] [FML]: Found FMLCorePluginContainsFMLMod marker in ExtendedAE-1.12-0.0.1.jar. This is not recommended, @Mods should be in a separate jar from the coremod.
[02:18:17] [main/WARN] [FML]: The coremod ExtendedAE (com.github.glodblock.eae.coremod.EAECoreMod) is not signed!
[02:18:17] [main/WARN] [FML]: Found FMLCorePluginContainsFMLMod marker in Fluid Craft for AE2-2.6.6-r.jar. This is not recommended, @Mods should be in a separate jar from the coremod.
[02:18:17] [main/WARN] [FML]: The coremod FluidCraftCore (com.glodblock.github.coremod.FCCoreMod) is not signed!
[02:18:17] [main/WARN] [FML]: Found FMLCorePluginContainsFMLMod marker in Forgelin-1.8.4.jar. This is not recommended, @Mods should be in a separate jar from the coremod.
[02:18:17] [main/WARN] [FML]: The coremod net.shadowfacts.forgelin.preloader.ForgelinPlugin does not have a MCVersion annotation, it may cause issues with this version of Minecraft
[02:18:17] [main/WARN] [FML]: The coremod ForgelinPlugin (net.shadowfacts.forgelin.preloader.ForgelinPlugin) is not signed!
[02:18:17] [main/WARN] [FML]: Found FMLCorePluginContainsFMLMod marker in Galacticraft-1.12.2-4.0.6.jar. This is not recommended, @Mods should be in a separate jar from the coremod.
[02:18:17] [main/WARN] [FML]: The coremod MicdoodlePlugin (micdoodle8.mods.miccore.MicdoodlePlugin) is not signed!
[02:18:17] [main/WARN] [FML]: Found FMLCorePluginContainsFMLMod marker in GalacticResearch-1.1.3.jar. This is not recommended, @Mods should be in a separate jar from the coremod.
[02:18:17] [main/WARN] [FML]: The coremod ReflectorsPlugin (igentuman.galacticresearch.reflection.ReflectorsPlugin) is not signed!
[02:18:17] [main/WARN] [FML]: Found FMLCorePluginContainsFMLMod marker in gregtech-1.12.2-2.8.10-beta.jar. This is not recommended, @Mods should be in a separate jar from the coremod.
[02:18:17] [main/WARN] [FML]: The coremod GregTechLoadingPlugin (gregtech.asm.GregTechLoadingPlugin) is not signed!
[02:18:17] [main/WARN] [FML]: Found FMLCorePluginContainsFMLMod marker in groovyscript-1.2.0-hotfix1.jar. This is not recommended, @Mods should be in a separate jar from the coremod.
[02:18:17] [main/WARN] [FML]: The coremod GroovyScript-Core (com.cleanroommc.groovyscript.core.GroovyScriptCore) is not signed!
[02:18:17] [main/WARN] [FML]: Found FMLCorePluginContainsFMLMod marker in JEI-Utilities-1.12.2-0.2.12.jar. This is not recommended, @Mods should be in a separate jar from the coremod.
[02:18:17] [main/WARN] [FML]: The coremod com.github.vfyjxf.jeiutilities.asm.JeiUtilitiesLoadingPlugin does not have a MCVersion annotation, it may cause issues with this version of Minecraft
[02:18:17] [main/WARN] [FML]: The coremod JeiUtilitiesLoadingPlugin (com.github.vfyjxf.jeiutilities.asm.JeiUtilitiesLoadingPlugin) is not signed!
[02:18:17] [main/WARN] [FML]: Found FMLCorePluginContainsFMLMod marker in Ksyxis-1.3.2.jar. This is not recommended, @Mods should be in a separate jar from the coremod.
[02:18:17] [main/WARN] [FML]: The coremod ru.vidtu.ksyxis.loaders.KsyxisLegacyForge does not have a MCVersion annotation, it may cause issues with this version of Minecraft
[02:18:17] [main/WARN] [FML]: The coremod KsyxisLegacyForge (ru.vidtu.ksyxis.loaders.KsyxisLegacyForge) is not signed!
[02:18:17] [main/WARN] [FML]: Found FMLCorePluginContainsFMLMod marker in modularui-2.4.3.jar. This is not recommended, @Mods should be in a separate jar from the coremod.
[02:18:17] [main/WARN] [FML]: The coremod ModularUI-Core (com.cleanroommc.modularui.core.ModularUICore) is not signed!
[02:18:17] [main/INFO] [FML]: Loading tweaker org.spongepowered.asm.launch.MixinTweaker from movingelevators-1.4.10-forge-mc1.12.jar
[02:18:17] [main/WARN] [FML]: Found FMLCorePluginContainsFMLMod marker in nae2-1.6.4.jar. This is not recommended, @Mods should be in a separate jar from the coremod.
[02:18:17] [main/WARN] [FML]: The coremod NAE2-Core (co.neeve.nae2.NAE2MixinPlugin) is not signed!
[02:18:18] [main/WARN] [FML]: Found FMLCorePluginContainsFMLMod marker in OpenComputers-MC1.12.2-1.8.7+2502094.jar. This is not recommended, @Mods should be in a separate jar from the coremod.
[02:18:18] [main/WARN] [FML]: The coremod li.cil.oc.common.launch.TransformerLoader does not have a MCVersion annotation, it may cause issues with this version of Minecraft
[02:18:18] [main/WARN] [FML]: The coremod TransformerLoader (li.cil.oc.common.launch.TransformerLoader) is not signed!
[02:18:18] [main/WARN] [FML]: Found FMLCorePluginContainsFMLMod marker in relictium-1.2.0.jar. This is not recommended, @Mods should be in a separate jar from the coremod.
[02:18:18] [main/WARN] [FML]: The coremod Sodium (me.jellysquid.mods.sodium.client.SodiumMixinTweaker) is not signed!
[02:18:18] [main/INFO] [FML]: Loading tweaker org.spongepowered.asm.launch.MixinTweaker from RoughlyEnoughIDs-2.2.1.jar
[02:18:18] [main/INFO] [FML]: Loading tweaker org.spongepowered.asm.launch.MixinTweaker from Sledgehammer-1.12.2-2.0.26.jar
[02:18:18] [main/WARN] [FML]: Found FMLCorePluginContainsFMLMod marker in soundphysics-1.1.9.jar. This is not recommended, @Mods should be in a separate jar from the coremod.
[02:18:18] [main/WARN] [FML]: The coremod CoreModLoader (com.sonicether.soundphysics.CoreModLoader) is not signed!
[02:18:18] [main/WARN] [FML]: Found FMLCorePluginContainsFMLMod marker in StellarCore-1.5.21.jar. This is not recommended, @Mods should be in a separate jar from the coremod.
[02:18:18] [main/INFO] [stellar_core]: [StellarEnvironment] Processor count: 4
[02:18:18] [main/INFO] [stellar_core]: [StellarEnvironment] Parallel execution is enabled.
[02:18:18] [main/WARN] [FML]: The coremod github.kasuminova.stellarcore.mixin.StellarCoreEarlyMixinLoader does not have a MCVersion annotation, it may cause issues with this version of Minecraft
[02:18:18] [main/WARN] [FML]: The coremod StellarCoreEarlyMixinLoader (github.kasuminova.stellarcore.mixin.StellarCoreEarlyMixinLoader) is not signed!
[02:18:18] [main/WARN] [FML]: Found FMLCorePluginContainsFMLMod marker in TerraFirmaGreg-Core-Vintage-2.2.5.jar. This is not recommended, @Mods should be in a separate jar from the coremod.
[02:18:18] [main/WARN] [FML]: The coremod EarlyMixin (su.terrafirmagreg.mixin.EarlyMixin) is not signed!
[02:18:18] [main/WARN] [FML]: Found FMLCorePluginContainsFMLMod marker in UniversalTweaks-1.12.2-1.14.0.jar. This is not recommended, @Mods should be in a separate jar from the coremod.
[02:18:18] [main/WARN] [FML]: The coremod UniversalTweaksCore (mod.acgaming.universaltweaks.core.UTLoadingPlugin) is not signed!
[02:18:18] [main/WARN] [FML]: Found FMLCorePluginContainsFMLMod marker in vintagefix-0.5.1.jar. This is not recommended, @Mods should be in a separate jar from the coremod.
[02:18:18] [main/WARN] [FML]: The coremod VintageFix (org.embeddedt.vintagefix.core.VintageFixCore) is not signed!
[02:18:18] [main/WARN] [FML]: Found FMLCorePluginContainsFMLMod marker in visualores-0.2.6.jar. This is not recommended, @Mods should be in a separate jar from the coremod.
[02:18:18] [main/WARN] [FML]: The coremod VOEarlyMixinLoader (hellfall.visualores.mixins.VOEarlyMixinLoader) is not signed!
[02:18:18] [main/INFO] [FML]: Loading tweaker org.spongepowered.asm.launch.MixinTweaker from WrapFix-1.3.5-beta.jar
[02:18:18] [main/WARN] [FML]: Found FMLCorePluginContainsFMLMod marker in Xaeros_Minimap_25.0.0_Forge_1.12.jar. This is not recommended, @Mods should be in a separate jar from the coremod.
[02:18:18] [main/WARN] [FML]: The coremod XaeroMinimapPlugin (xaero.common.core.XaeroMinimapPlugin) is not signed!
[02:18:18] [main/INFO] [LaunchWrapper]: Loading tweak class name net.minecraftforge.fml.common.launcher.FMLInjectionAndSortingTweaker
[02:18:18] [main/INFO] [LaunchWrapper]: Loading tweak class name org.spongepowered.asm.launch.MixinTweaker
[02:18:18] [main/INFO] [mixin]: SpongePowered MIXIN Subsystem Version=0.8.7 Source=file:/workspaces/de-nuevo/servidor_minecraft/./mods/!mixinbooter-10.4.jar Service=LaunchWrapper Env=SERVER
[02:18:18] [main/WARN] [FML]: The coremod zone.rong.mixinbooter.MixinBooterPlugin does not have a MCVersion annotation, it may cause issues with this version of Minecraft
[02:18:18] [main/WARN] [FML]: The coremod MixinBooter (zone.rong.mixinbooter.MixinBooterPlugin) is not signed!
[02:18:18] [main/INFO] [MixinBooter]: Initializing Mixins...
[02:18:18] [main/INFO] [mixin]: Compatibility level set to JAVA_8
[02:18:18] [main/INFO] [MixinBooter]: Initializing MixinExtras...
[02:18:18] [main/INFO] [MixinBooter]: Gathering present mods...
[02:18:18] [main/ERROR] [MixinBooter]: Failed to parse mcmod.info for jar:file:/workspaces/de-nuevo/servidor_minecraft/./mods/RoughlyEnoughIDs-2.2.1.jar!/mcmod.info
com.google.gson.JsonSyntaxException: java.lang.IllegalStateException: Expected BEGIN_ARRAY but was BEGIN_OBJECT at line 1 column 2 path $
	at com.google.gson.Gson.fromJson(Gson.java:899) ~[Gson.class:?]
	at com.google.gson.Gson.fromJson(Gson.java:825) ~[Gson.class:?]
	at zone.rong.mixinbooter.MixinBooterPlugin.parseMcmodInfo(MixinBooterPlugin.java:164) [!mixinbooter-10.4.jar:?]
	at zone.rong.mixinbooter.MixinBooterPlugin.gatherPresentMods(MixinBooterPlugin.java:135) [!mixinbooter-10.4.jar:?]
	at zone.rong.mixinbooter.MixinBooterPlugin.initialize(MixinBooterPlugin.java:103) [!mixinbooter-10.4.jar:?]
	at zone.rong.mixinbooter.MixinBooterPlugin.<init>(MixinBooterPlugin.java:49) [!mixinbooter-10.4.jar:?]
	at sun.reflect.NativeConstructorAccessorImpl.newInstance0(Native Method) ~[?:1.8.0_492]
	at sun.reflect.NativeConstructorAccessorImpl.newInstance(NativeConstructorAccessorImpl.java:62) [?:1.8.0_492]
	at sun.reflect.DelegatingConstructorAccessorImpl.newInstance(DelegatingConstructorAccessorImpl.java:45) [?:1.8.0_492]
	at java.lang.reflect.Constructor.newInstance(Constructor.java:423) [?:1.8.0_492]
	at java.lang.Class.newInstance(Class.java:442) [?:1.8.0_492]
	at net.minecraftforge.fml.relauncher.CoreModManager.loadCoreMod(CoreModManager.java:594) [forge-1.12.2-14.23.5.2860.jar:?]
	at sun.reflect.NativeMethodAccessorImpl.invoke0(Native Method) ~[?:1.8.0_492]
	at sun.reflect.NativeMethodAccessorImpl.invoke(NativeMethodAccessorImpl.java:62) ~[?:1.8.0_492]
	at sun.reflect.DelegatingMethodAccessorImpl.invoke(DelegatingMethodAccessorImpl.java:43) ~[?:1.8.0_492]
	at java.lang.reflect.Method.invoke(Method.java:498) ~[?:1.8.0_492]
	at org.spongepowered.asm.launch.platform.MixinPlatformAgentFMLLegacy.injectCorePlugin(MixinPlatformAgentFMLLegacy.java:255) [!mixinbooter-10.4.jar:?]
	at org.spongepowered.asm.launch.platform.MixinPlatformAgentFMLLegacy.initFMLCoreMod(MixinPlatformAgentFMLLegacy.java:170) [!mixinbooter-10.4.jar:?]
	at org.spongepowered.asm.launch.platform.MixinPlatformAgentFMLLegacy.accept(MixinPlatformAgentFMLLegacy.java:156) [!mixinbooter-10.4.jar:?]
	at org.spongepowered.asm.launch.platform.MixinContainer.<init>(MixinContainer.java:74) [!mixinbooter-10.4.jar:?]
	at org.spongepowered.asm.launch.platform.MixinPlatformManager.createContainerFor(MixinPlatformManager.java:150) [!mixinbooter-10.4.jar:?]
	at org.spongepowered.asm.launch.platform.MixinPlatformManager.addContainer(MixinPlatformManager.java:137) [!mixinbooter-10.4.jar:?]
	at org.spongepowered.asm.launch.platform.MixinPlatformManager.init(MixinPlatformManager.java:106) [!mixinbooter-10.4.jar:?]
	at org.spongepowered.asm.launch.MixinBootstrap.getPlatform(MixinBootstrap.java:118) [!mixinbooter-10.4.jar:?]
	at org.spongepowered.asm.launch.MixinBootstrap.start(MixinBootstrap.java:166) [!mixinbooter-10.4.jar:?]
	at org.spongepowered.asm.launch.MixinTweaker.<init>(MixinTweaker.java:46) [!mixinbooter-10.4.jar:?]
	at sun.reflect.NativeConstructorAccessorImpl.newInstance0(Native Method) ~[?:1.8.0_492]
	at sun.reflect.NativeConstructorAccessorImpl.newInstance(NativeConstructorAccessorImpl.java:62) [?:1.8.0_492]
	at sun.reflect.DelegatingConstructorAccessorImpl.newInstance(DelegatingConstructorAccessorImpl.java:45) [?:1.8.0_492]
	at java.lang.reflect.Constructor.newInstance(Constructor.java:423) [?:1.8.0_492]
	at java.lang.Class.newInstance(Class.java:442) [?:1.8.0_492]
	at net.minecraft.launchwrapper.Launch.launch(Launch.java:98) [launchwrapper-1.12.jar:?]
	at net.minecraft.launchwrapper.Launch.main(Launch.java:28) [launchwrapper-1.12.jar:?]
	at sun.reflect.NativeMethodAccessorImpl.invoke0(Native Method) ~[?:1.8.0_492]
	at sun.reflect.NativeMethodAccessorImpl.invoke(NativeMethodAccessorImpl.java:62) ~[?:1.8.0_492]
	at sun.reflect.DelegatingMethodAccessorImpl.invoke(DelegatingMethodAccessorImpl.java:43) ~[?:1.8.0_492]
	at java.lang.reflect.Method.invoke(Method.java:498) ~[?:1.8.0_492]
	at net.minecraftforge.fml.relauncher.ServerLaunchWrapper.run(ServerLaunchWrapper.java:70) [forge-1.12.2-14.23.5.2860.jar:?]
	at net.minecraftforge.fml.relauncher.ServerLaunchWrapper.main(ServerLaunchWrapper.java:34) [forge-1.12.2-14.23.5.2860.jar:?]
Caused by: java.lang.IllegalStateException: Expected BEGIN_ARRAY but was BEGIN_OBJECT at line 1 column 2 path $
	at com.google.gson.stream.JsonReader.beginArray(JsonReader.java:350) ~[JsonReader.class:?]
	at com.google.gson.internal.bind.ArrayTypeAdapter.read(ArrayTypeAdapter.java:70) ~[ArrayTypeAdapter.class:?]
	at com.google.gson.Gson.fromJson(Gson.java:887) ~[Gson.class:?]
	... 38 more
[02:18:19] [main/ERROR] [MixinBooter]: Failed to parse mcmod.info for jar:file:/workspaces/de-nuevo/servidor_minecraft/./mods/StellarCore-1.5.21.jar!/mcmod.info
com.google.gson.JsonSyntaxException: java.lang.IllegalStateException: Expected BEGIN_ARRAY but was BEGIN_OBJECT at line 1 column 2 path $
	at com.google.gson.Gson.fromJson(Gson.java:899) ~[Gson.class:?]
	at com.google.gson.Gson.fromJson(Gson.java:825) ~[Gson.class:?]
	at zone.rong.mixinbooter.MixinBooterPlugin.parseMcmodInfo(MixinBooterPlugin.java:164) [!mixinbooter-10.4.jar:?]
	at zone.rong.mixinbooter.MixinBooterPlugin.gatherPresentMods(MixinBooterPlugin.java:135) [!mixinbooter-10.4.jar:?]
	at zone.rong.mixinbooter.MixinBooterPlugin.initialize(MixinBooterPlugin.java:103) [!mixinbooter-10.4.jar:?]
	at zone.rong.mixinbooter.MixinBooterPlugin.<init>(MixinBooterPlugin.java:49) [!mixinbooter-10.4.jar:?]
	at sun.reflect.NativeConstructorAccessorImpl.newInstance0(Native Method) ~[?:1.8.0_492]
	at sun.reflect.NativeConstructorAccessorImpl.newInstance(NativeConstructorAccessorImpl.java:62) [?:1.8.0_492]
	at sun.reflect.DelegatingConstructorAccessorImpl.newInstance(DelegatingConstructorAccessorImpl.java:45) [?:1.8.0_492]
	at java.lang.reflect.Constructor.newInstance(Constructor.java:423) [?:1.8.0_492]
	at java.lang.Class.newInstance(Class.java:442) [?:1.8.0_492]
	at net.minecraftforge.fml.relauncher.CoreModManager.loadCoreMod(CoreModManager.java:594) [forge-1.12.2-14.23.5.2860.jar:?]
	at sun.reflect.NativeMethodAccessorImpl.invoke0(Native Method) ~[?:1.8.0_492]
	at sun.reflect.NativeMethodAccessorImpl.invoke(NativeMethodAccessorImpl.java:62) ~[?:1.8.0_492]
	at sun.reflect.DelegatingMethodAccessorImpl.invoke(DelegatingMethodAccessorImpl.java:43) ~[?:1.8.0_492]
	at java.lang.reflect.Method.invoke(Method.java:498) ~[?:1.8.0_492]
	at org.spongepowered.asm.launch.platform.MixinPlatformAgentFMLLegacy.injectCorePlugin(MixinPlatformAgentFMLLegacy.java:255) [!mixinbooter-10.4.jar:?]
	at org.spongepowered.asm.launch.platform.MixinPlatformAgentFMLLegacy.initFMLCoreMod(MixinPlatformAgentFMLLegacy.java:170) [!mixinbooter-10.4.jar:?]
	at org.spongepowered.asm.launch.platform.MixinPlatformAgentFMLLegacy.accept(MixinPlatformAgentFMLLegacy.java:156) [!mixinbooter-10.4.jar:?]
	at org.spongepowered.asm.launch.platform.MixinContainer.<init>(MixinContainer.java:74) [!mixinbooter-10.4.jar:?]
	at org.spongepowered.asm.launch.platform.MixinPlatformManager.createContainerFor(MixinPlatformManager.java:150) [!mixinbooter-10.4.jar:?]
	at org.spongepowered.asm.launch.platform.MixinPlatformManager.addContainer(MixinPlatformManager.java:137) [!mixinbooter-10.4.jar:?]
	at org.spongepowered.asm.launch.platform.MixinPlatformManager.init(MixinPlatformManager.java:106) [!mixinbooter-10.4.jar:?]
	at org.spongepowered.asm.launch.MixinBootstrap.getPlatform(MixinBootstrap.java:118) [!mixinbooter-10.4.jar:?]
	at org.spongepowered.asm.launch.MixinBootstrap.start(MixinBootstrap.java:166) [!mixinbooter-10.4.jar:?]
	at org.spongepowered.asm.launch.MixinTweaker.<init>(MixinTweaker.java:46) [!mixinbooter-10.4.jar:?]
	at sun.reflect.NativeConstructorAccessorImpl.newInstance0(Native Method) ~[?:1.8.0_492]
	at sun.reflect.NativeConstructorAccessorImpl.newInstance(NativeConstructorAccessorImpl.java:62) [?:1.8.0_492]
	at sun.reflect.DelegatingConstructorAccessorImpl.newInstance(DelegatingConstructorAccessorImpl.java:45) [?:1.8.0_492]
	at java.lang.reflect.Constructor.newInstance(Constructor.java:423) [?:1.8.0_492]
	at java.lang.Class.newInstance(Class.java:442) [?:1.8.0_492]
	at net.minecraft.launchwrapper.Launch.launch(Launch.java:98) [launchwrapper-1.12.jar:?]
	at net.minecraft.launchwrapper.Launch.main(Launch.java:28) [launchwrapper-1.12.jar:?]
	at sun.reflect.NativeMethodAccessorImpl.invoke0(Native Method) ~[?:1.8.0_492]
	at sun.reflect.NativeMethodAccessorImpl.invoke(NativeMethodAccessorImpl.java:62) ~[?:1.8.0_492]
	at sun.reflect.DelegatingMethodAccessorImpl.invoke(DelegatingMethodAccessorImpl.java:43) ~[?:1.8.0_492]
	at java.lang.reflect.Method.invoke(Method.java:498) ~[?:1.8.0_492]
	at net.minecraftforge.fml.relauncher.ServerLaunchWrapper.run(ServerLaunchWrapper.java:70) [forge-1.12.2-14.23.5.2860.jar:?]
	at net.minecraftforge.fml.relauncher.ServerLaunchWrapper.main(ServerLaunchWrapper.java:34) [forge-1.12.2-14.23.5.2860.jar:?]
Caused by: java.lang.IllegalStateException: Expected BEGIN_ARRAY but was BEGIN_OBJECT at line 1 column 2 path $
	at com.google.gson.stream.JsonReader.beginArray(JsonReader.java:350) ~[JsonReader.class:?]
	at com.google.gson.internal.bind.ArrayTypeAdapter.read(ArrayTypeAdapter.java:70) ~[ArrayTypeAdapter.class:?]
	at com.google.gson.Gson.fromJson(Gson.java:887) ~[Gson.class:?]
	... 38 more
[02:18:19] [main/INFO] [MixinBooter]: Finished gathering 33 coremods...
[02:18:19] [main/WARN] [FML]: The coremod SuperMartijn642's Core Lib Plugin (com.supermartijn642.core.coremod.CoreModPlugin) is not signed!
[02:18:19] [main/WARN] [FML]: The coremod Moving Elevators Plugin (com.supermartijn642.movingelevators.core.CoreMod) is not signed!
[02:18:19] [main/WARN] [FML]: The coremod JustEnoughIDs Extension Plugin (org.dimdev.jeid.core.JEIDLoadingPlugin) is not signed!
[02:18:19] [main/WARN] [FML]: The coremod Sledgehammer (io.github.lxgaming.sledgehammer.launch.SledgehammerLoadingPlugin) is not signed!
[02:18:19] [main/WARN] [FML]: The coremod WrapFixLoadingPlugin (gkappa.wrapfix.WrapFixLoadingPlugin) is not signed!
[02:18:19] [main/WARN] [LaunchWrapper]: Tweak class name org.spongepowered.asm.launch.MixinTweaker has already been visited -- skipping
[02:18:19] [main/INFO] [LaunchWrapper]: Loading tweak class name codechicken.asm.internal.Tweaker
[02:18:19] [main/WARN] [LaunchWrapper]: Tweak class name org.spongepowered.asm.launch.MixinTweaker has already been visited -- skipping
[02:18:19] [main/WARN] [LaunchWrapper]: Tweak class name org.spongepowered.asm.launch.MixinTweaker has already been visited -- skipping
[02:18:19] [main/WARN] [LaunchWrapper]: Tweak class name org.spongepowered.asm.launch.MixinTweaker has already been visited -- skipping
[02:18:19] [main/WARN] [LaunchWrapper]: Tweak class name org.spongepowered.asm.launch.MixinTweaker has already been visited -- skipping
[02:18:19] [main/INFO] [LaunchWrapper]: Loading tweak class name net.minecraftforge.fml.common.launcher.FMLDeobfTweaker
[02:18:19] [main/INFO] [LaunchWrapper]: Calling tweak class io.github.lxgaming.sledgehammer.launch.SledgehammerTweaker
[02:18:19] [main/INFO] [LaunchWrapper]: Calling tweak class net.minecraftforge.fml.common.launcher.FMLInjectionAndSortingTweaker
[02:18:19] [main/INFO] [LaunchWrapper]: Calling tweak class net.minecraftforge.fml.relauncher.CoreModManager$FMLPluginWrapper
[02:18:19] [main/INFO] [LaunchWrapper]: Calling tweak class net.minecraftforge.fml.relauncher.CoreModManager$FMLPluginWrapper
[02:18:19] [main/INFO] [LaunchWrapper]: Calling tweak class net.minecraftforge.fml.common.launcher.FMLInjectionAndSortingTweaker
[02:18:19] [main/INFO] [LaunchWrapper]: Calling tweak class net.minecraftforge.fml.relauncher.CoreModManager$FMLPluginWrapper
[02:18:19] [main/INFO] [LaunchWrapper]: Calling tweak class net.minecraftforge.fml.relauncher.CoreModManager$FMLPluginWrapper
[02:18:19] [main/INFO] [LaunchWrapper]: Calling tweak class net.minecraftforge.fml.relauncher.CoreModManager$FMLPluginWrapper
[02:18:20] [main/INFO] [FML]: Found valid fingerprint for Minecraft Forge. Certificate fingerprint e3c3d50c7c986df74c645c0ac54639741c90a557
[02:18:20] [main/INFO] [LaunchWrapper]: Calling tweak class net.minecraftforge.fml.relauncher.CoreModManager$FMLPluginWrapper
[02:18:20] [main/INFO] [LaunchWrapper]: Calling tweak class net.minecraftforge.fml.relauncher.CoreModManager$FMLPluginWrapper
[02:18:20] [main/INFO] [LaunchWrapper]: Calling tweak class net.minecraftforge.fml.relauncher.CoreModManager$FMLPluginWrapper
[02:18:20] [main/INFO] [LaunchWrapper]: Calling tweak class net.minecraftforge.fml.relauncher.CoreModManager$FMLPluginWrapper
[02:18:20] [main/INFO] [LaunchWrapper]: Calling tweak class net.minecraftforge.fml.relauncher.CoreModManager$FMLPluginWrapper
[02:18:20] [main/INFO] [LaunchWrapper]: Calling tweak class net.minecraftforge.fml.relauncher.CoreModManager$FMLPluginWrapper
[02:18:20] [main/INFO] [LaunchWrapper]: Calling tweak class net.minecraftforge.fml.relauncher.CoreModManager$FMLPluginWrapper
[02:18:20] [main/INFO] [LaunchWrapper]: Calling tweak class net.minecraftforge.fml.relauncher.CoreModManager$FMLPluginWrapper
[02:18:20] [main/INFO] [LaunchWrapper]: Calling tweak class net.minecraftforge.fml.relauncher.CoreModManager$FMLPluginWrapper
[02:18:20] [main/INFO] [LaunchWrapper]: Calling tweak class net.minecraftforge.fml.relauncher.CoreModManager$FMLPluginWrapper
[02:18:20] [main/INFO] [MicdoodleCore]: Successfully Registered Transformer
[02:18:20] [main/INFO] [LaunchWrapper]: Calling tweak class net.minecraftforge.fml.relauncher.CoreModManager$FMLPluginWrapper
[02:18:20] [main/INFO] [LaunchWrapper]: Calling tweak class net.minecraftforge.fml.relauncher.CoreModManager$FMLPluginWrapper
[02:18:20] [main/INFO] [Ksyxis]: Ksyxis: Booting... (platform: LegacyForge, manual: true)
[02:18:20] [main/INFO] [Ksyxis]: Ksyxis: Found Mixin library. (version: 0.8.7)
[02:18:20] [main/INFO] [Ksyxis]: Ksyxis: Ready. As always, this mod will speed up your world loading and might or might not break it.
[02:18:20] [main/INFO] [LaunchWrapper]: Calling tweak class net.minecraftforge.fml.relauncher.CoreModManager$FMLPluginWrapper
[02:18:20] [main/INFO] [LaunchWrapper]: Calling tweak class net.minecraftforge.fml.relauncher.CoreModManager$FMLPluginWrapper
[02:18:20] [main/INFO] [LaunchWrapper]: Calling tweak class net.minecraftforge.fml.relauncher.CoreModManager$FMLPluginWrapper
[02:18:20] [main/INFO] [LaunchWrapper]: Calling tweak class net.minecraftforge.fml.relauncher.CoreModManager$FMLPluginWrapper
[02:18:21] [main/INFO] [stellar_core]: [StellarCore-MixinLoader] Adding mixins.stellar_core_minecraft_advancements.json to mixin configuration.
[02:18:21] [main/INFO] [stellar_core]: [StellarCore-MixinLoader] Mixin config mixins.stellar_core_minecraft_bakedmodel.json is disabled by config or mod is not loaded.
[02:18:21] [main/INFO] [stellar_core]: [StellarCore-MixinLoader] Mixin config mixins.stellar_core_minecraft_bakedquad.json is disabled by config or mod is not loaded.
[02:18:21] [main/INFO] [stellar_core]: [StellarCore-MixinLoader] Adding mixins.stellar_core_minecraft_blockfaceuv.json to mixin configuration.
[02:18:21] [main/INFO] [stellar_core]: [StellarCore-MixinLoader] Adding mixins.stellar_core_minecraft_blockpart.json to mixin configuration.
[02:18:21] [main/INFO] [stellar_core]: [StellarCore-MixinLoader] Adding mixins.stellar_core_minecraft_blockstateimpl.json to mixin configuration.
[02:18:21] [main/INFO] [stellar_core]: [StellarCore-MixinLoader] Mixin config mixins.stellar_core_minecraft_chunktecache.json is disabled by config or mod is not loaded.
[02:18:21] [main/INFO] [stellar_core]: [StellarCore-MixinLoader] Adding mixins.stellar_core_minecraft_chunktemap.json to mixin configuration.
[02:18:21] [main/INFO] [stellar_core]: [StellarCore-MixinLoader] Adding mixins.stellar_core_minecraft_chunktequeue.json to mixin configuration.
[02:18:21] [main/INFO] [stellar_core]: [StellarCore-MixinLoader] Adding mixins.stellar_core_minecraft_classmultimap.json to mixin configuration.
[02:18:21] [main/INFO] [stellar_core]: [StellarCore-MixinLoader] Adding mixins.stellar_core_minecraft_entitytracker.json to mixin configuration.
[02:18:21] [main/INFO] [stellar_core]: [StellarCore-MixinLoader] Adding mixins.stellar_core_minecraft_itemstack_cap.json to mixin configuration.
[02:18:21] [main/INFO] [stellar_core]: [StellarCore-MixinLoader] Mixin config mixins.stellar_core_minecraft_longnbtkiller.json is disabled by config or mod is not loaded.
[02:18:21] [main/INFO] [stellar_core]: [StellarCore-MixinLoader] Adding mixins.stellar_core_minecraft_modelblock.json to mixin configuration.
[02:18:21] [main/INFO] [stellar_core]: [StellarCore-MixinLoader] Adding mixins.stellar_core_minecraft_nbtmaplist.json to mixin configuration.
[02:18:21] [main/INFO] [stellar_core]: [StellarCore-MixinLoader] Adding mixins.stellar_core_minecraft_nbtpool.json to mixin configuration.
[02:18:21] [main/INFO] [stellar_core]: [StellarCore-MixinLoader] Mixin config mixins.stellar_core_minecraft_nethandlerplayserver.json is disabled by config or mod is not loaded.
[02:18:21] [main/INFO] [stellar_core]: [StellarCore-MixinLoader] Adding mixins.stellar_core_minecraft_nnlist.json to mixin configuration.
[02:18:21] [main/INFO] [stellar_core]: [StellarCore-MixinLoader] Mixin config mixins.stellar_core_minecraft_noglerror.json is disabled by config or mod is not loaded.
[02:18:21] [main/INFO] [stellar_core]: [StellarCore-MixinLoader] Adding mixins.stellar_core_minecraft_property.json to mixin configuration.
[02:18:21] [main/INFO] [stellar_core]: [StellarCore-MixinLoader] Mixin config mixins.stellar_core_minecraft_randomtick.json is disabled by config or mod is not loaded.
[02:18:21] [main/INFO] [stellar_core]: [StellarCore-MixinLoader] Mixin config mixins.stellar_core_minecraft_renderglobal.json is disabled by config or mod is not loaded.
[02:18:21] [main/INFO] [stellar_core]: [StellarCore-MixinLoader] Adding mixins.stellar_core_minecraft_resourcelocation.json to mixin configuration.
[02:18:21] [main/INFO] [stellar_core]: [StellarCore-MixinLoader] Mixin config mixins.stellar_core_minecraft_resourcelocation_async.json is disabled by config or mod is not loaded.
[02:18:21] [main/INFO] [stellar_core]: [StellarCore-MixinLoader] Adding mixins.stellar_core_minecraft_resourcepack.json to mixin configuration.
[02:18:21] [main/INFO] [stellar_core]: [StellarCore-MixinLoader] Mixin config mixins.stellar_core_minecraft_world.json is disabled by config or mod is not loaded.
[02:18:21] [main/INFO] [stellar_core]: [StellarCore-MixinLoader] Adding mixins.stellar_core_minecraft_world_load.json to mixin configuration.
[02:18:21] [main/INFO] [stellar_core]: [StellarCore-MixinLoader] Adding mixins.stellar_core_minecraft_world_pos_judgement.json to mixin configuration.
[02:18:21] [main/INFO] [stellar_core]: [StellarCore-MixinLoader] Adding mixins.stellar_core_minecraft_worldclient.json to mixin configuration.
[02:18:21] [main/INFO] [stellar_core]: [StellarCore-MixinLoader] Adding mixins.stellar_core_minecraft_worldserver.json to mixin configuration.
[02:18:21] [main/INFO] [stellar_core]: [StellarCore-MixinLoader] Adding mixins.stellar_core_minecraft_statemapperbase.json to mixin configuration.
[02:18:21] [main/INFO] [stellar_core]: [StellarCore-MixinLoader] Adding mixins.stellar_core_minecraft_stitcher.json to mixin configuration.
[02:18:21] [main/INFO] [stellar_core]: [StellarCore-MixinLoader] Adding mixins.stellar_core_minecraft_texture_load.json to mixin configuration.
[02:18:21] [main/INFO] [stellar_core]: [StellarCore-MixinLoader] Adding mixins.stellar_core_forge.json to mixin configuration.
[02:18:21] [main/INFO] [stellar_core]: [StellarCore-MixinLoader] Mixin config mixins.stellar_core_forge_asmdatatable.json is disabled by config or mod is not loaded.
[02:18:21] [main/INFO] [stellar_core]: [StellarCore-MixinLoader] Adding mixins.stellar_core_forge_asmmodparser.json to mixin configuration.
[02:18:21] [main/INFO] [stellar_core]: [StellarCore-MixinLoader] Mixin config mixins.stellar_core_forge_bakedquad.json is disabled by config or mod is not loaded.
[02:18:21] [main/INFO] [stellar_core]: [StellarCore-MixinLoader] Mixin config mixins.stellar_core_forge_bakedquad_vertexdata.json is disabled by config or mod is not loaded.
[02:18:21] [main/INFO] [stellar_core]: [StellarCore-MixinLoader] Adding mixins.stellar_core_forge_capability.json to mixin configuration.
[02:18:21] [main/INFO] [stellar_core]: [StellarCore-MixinLoader] Adding mixins.stellar_core_forge_chunkmanager.json to mixin configuration.
[02:18:21] [main/INFO] [stellar_core]: [StellarCore-MixinLoader] Adding mixins.stellar_core_forge_modelloader.json to mixin configuration.
[02:18:21] [main/INFO] [stellar_core]: [StellarCore-MixinLoader] Mixin config mixins.stellar_core_forge_registry.json is disabled by config or mod is not loaded.
[02:18:21] [main/INFO] [stellar_core]: [StellarCore-MixinLoader] Mixin config mixins.stellar_core_hudcaching.json is disabled by config or mod is not loaded.
[02:18:21] [main/INFO] [stellar_core]: [StellarCore-MixinLoader] Mixin config mixins.stellar_core_ebwizardry_early.json is disabled by config or mod is not loaded.
[02:18:21] [main/INFO] [LaunchWrapper]: Calling tweak class net.minecraftforge.fml.relauncher.CoreModManager$FMLPluginWrapper
[02:18:21] [main/INFO] [VintageFix]: Loading JarDiscovererCache
[02:18:22] [main/INFO] [LaunchWrapper]: Calling tweak class net.minecraftforge.fml.relauncher.CoreModManager$FMLPluginWrapper
[02:18:22] [main/INFO] [LaunchWrapper]: Calling tweak class net.minecraftforge.fml.relauncher.CoreModManager$FMLPluginWrapper
[02:18:22] [main/INFO] [LaunchWrapper]: Calling tweak class org.spongepowered.asm.launch.MixinTweaker
[02:18:22] [main/INFO] [mixin]: Initialised Mixin FML Remapper Adapter with net.minecraftforge.fml.common.asm.transformers.deobf.FMLDeobfuscatingRemapper@737d100a
[02:18:22] [main/INFO] [MixinBooter]: Loading early loader dev.redstudio.alfheim.asm.AlfheimPlugin for its mixins.
[02:18:22] [main/INFO] [MixinBooter]: Adding [mixins.alfheim.json] mixin configuration.
[02:18:22] [main/INFO] [MixinBooter]: Loading early loader com.cleanroommc.bogosorter.core.BogoSorterCore for its mixins.
[02:18:22] [main/INFO] [MixinBooter]: Adding [mixin.bogosorter.json] mixin configuration.
[02:18:22] [main/INFO] [MixinBooter]: Loading early loader zone.rong.loliasm.core.LoliLoadingPlugin for its mixins.
[02:18:22] [main/INFO] [MixinBooter]: Adding [mixins.devenv.json] mixin configuration.
[02:18:22] [main/INFO] [MixinBooter]: Adding [mixins.vfix_bugfixes.json] mixin configuration.
[02:18:22] [main/INFO] [MixinBooter]: Adding [mixins.internal.json] mixin configuration.
[02:18:22] [main/INFO] [MixinBooter]: Adding [mixins.vanities.json] mixin configuration.
[02:18:22] [main/INFO] [MixinBooter]: Adding [mixins.registries.json] mixin configuration.
[02:18:22] [main/INFO] [MixinBooter]: Adding [mixins.stripitemstack.json] mixin configuration.
[02:18:22] [main/INFO] [MixinBooter]: Adding [mixins.lockcode.json] mixin configuration.
[02:18:22] [main/INFO] [MixinBooter]: Adding [mixins.recipes.json] mixin configuration.
[02:18:22] [main/INFO] [MixinBooter]: Adding [mixins.misc_fluidregistry.json] mixin configuration.
[02:18:22] [main/INFO] [MixinBooter]: Adding [mixins.forgefixes.json] mixin configuration.
[02:18:22] [main/INFO] [MixinBooter]: Adding [mixins.efficienthashing.json] mixin configuration.
[02:18:22] [main/INFO] [MixinBooter]: Adding [mixins.priorities.json] mixin configuration.
[02:18:22] [main/INFO] [MixinBooter]: Adding [mixins.fix_mc129057.json] mixin configuration.
[02:18:22] [main/INFO] [MixinBooter]: Loading early loader com.cleanroommc.groovyscript.core.GroovyScriptCore for its mixins.
[02:18:22] [main/INFO] [MixinBooter]: Adding [mixin.groovyscript.json] mixin configuration.
[02:18:22] [main/INFO] [MixinBooter]: Loading early loader com.cleanroommc.modularui.core.ModularUICore for its mixins.
[02:18:22] [main/INFO] [MixinBooter]: Adding [mixin.modularui.json] mixin configuration.
[02:18:22] [main/INFO] [MixinBooter]: Loading early loader me.jellysquid.mods.sodium.client.SodiumMixinTweaker for its mixins.
[02:18:22] [main/INFO] [MixinBooter]: Adding [mixins.relictium.json] mixin configuration.
[02:18:23] [main/INFO] [MixinBooter]: Loading early loader com.sonicether.soundphysics.CoreModLoader for its mixins.
[02:18:23] [main/INFO] [MixinBooter]: Adding [soundphysics.vanilla.mixin.json] mixin configuration.
[02:18:23] [main/INFO] [MixinBooter]: Loading early loader su.terrafirmagreg.mixin.EarlyMixin for its mixins.
[02:18:23] [main/INFO] [MixinBooter]: Adding [mixins.tfg.minecraft.json] mixin configuration.
[02:18:23] [main/INFO] [MixinBooter]: Loading early loader mod.acgaming.universaltweaks.core.UTLoadingPlugin for its mixins.
[02:18:23] [main/INFO] [MixinBooter]: Adding [mixins.tweaks.misc.buttons.snooper.server.json] mixin configuration.
[02:18:23] [main/INFO] [MixinBooter]: Adding [mixins.tweaks.misc.difficulty.multiplayer.json] mixin configuration.
[02:18:23] [main/INFO] [MixinBooter]: Adding [mixins.bugfixes.misc.particlespawning.json] mixin configuration.
[02:18:23] [main/INFO] [MixinBooter]: Adding [mixins.tweaks.items.hardcorebuckets.json] mixin configuration.
[02:18:23] [main/INFO] [MixinBooter]: Adding [mixins.bugfixes.blocks.itemframevoid.json] mixin configuration.
[02:18:23] [main/INFO] [MixinBooter]: Adding [mixins.tweaks.blocks.endportal.json] mixin configuration.
[02:18:23] [main/INFO] [MixinBooter]: Adding [mixins.tweaks.entities.burning.mobs.json] mixin configuration.
[02:18:23] [main/INFO] [MixinBooter]: Adding [mixins.tweaks.performance.entityradiuscheck.reducesearchsize.json] mixin configuration.
[02:18:23] [main/INFO] [MixinBooter]: Adding [mixins.bugfixes.entities.tracker.json] mixin configuration.
[02:18:23] [main/INFO] [MixinBooter]: Adding [mixins.bugfixes.world.tileentities.json] mixin configuration.
[02:18:23] [main/INFO] [MixinBooter]: Adding [mixins.tweaks.blocks.leafdecay.json] mixin configuration.
[02:18:23] [main/INFO] [MixinBooter]: Adding [mixins.bugfixes.entities.destroypacket.json] mixin configuration.
[02:18:23] [main/INFO] [MixinBooter]: Adding [mixins.bugfixes.world.witchhuts.json] mixin configuration.
[02:18:23] [main/INFO] [MixinBooter]: Adding [mixins.tweaks.entities.burning.horse.json] mixin configuration.
[02:18:23] [main/INFO] [MixinBooter]: Adding [mixins.tweaks.misc.recipebook.server.json] mixin configuration.
[02:18:23] [main/INFO] [MixinBooter]: Adding [mixins.bugfixes.entities.maxhealth.json] mixin configuration.
[02:18:23] [main/INFO] [MixinBooter]: Adding [mixins.tweaks.entities.ai.saddledwandering.json] mixin configuration.
[02:18:23] [main/INFO] [MixinBooter]: Adding [mixins.bugfixes.world.chunksaving.json] mixin configuration.
[02:18:23] [main/INFO] [MixinBooter]: Adding [mixins.tweaks.misc.advancements.json] mixin configuration.
[02:18:23] [main/INFO] [MixinBooter]: Adding [mixins.tweaks.misc.incurablepotions.json] mixin configuration.
[02:18:23] [main/INFO] [MixinBooter]: Adding [mixins.tweaks.blocks.lenientpaths.json] mixin configuration.
[02:18:23] [main/INFO] [MixinBooter]: Adding [mixins.bugfixes.entities.skeletonaim.json] mixin configuration.
[02:18:23] [main/INFO] [MixinBooter]: Adding [mixins.bugfixes.misc.packetsize.json] mixin configuration.
[02:18:23] [main/INFO] [MixinBooter]: Adding [mixins.tweaks.world.stronghold.json] mixin configuration.
[02:18:23] [main/INFO] [MixinBooter]: Adding [mixins.bugfixes.blocks.hopper.boundingbox.json] mixin configuration.
[02:18:23] [main/INFO] [MixinBooter]: Adding [mixins.bugfixes.entities.sleeping.json] mixin configuration.
[02:18:23] [main/INFO] [MixinBooter]: Adding [mixins.tweaks.entities.spawning.portal.json] mixin configuration.
[02:18:23] [main/INFO] [MixinBooter]: Adding [mixins.bugfixes.entities.horsefalling.json] mixin configuration.
[02:18:23] [main/INFO] [MixinBooter]: Adding [mixins.tweaks.performance.pathfinding.json] mixin configuration.
[02:18:23] [main/INFO] [MixinBooter]: Adding [mixins.tweaks.entities.spawning.husk.json] mixin configuration.
[02:18:23] [main/INFO] [MixinBooter]: Adding [mixins.bugfixes.blocks.piston.tile.json] mixin configuration.
[02:18:23] [main/INFO] [MixinBooter]: Adding [mixins.tweaks.entities.taming.horse.json] mixin configuration.
[02:18:23] [main/INFO] [MixinBooter]: Adding [mixins.bugfixes.entities.blockfire.json] mixin configuration.
[02:18:23] [main/INFO] [MixinBooter]: Adding [mixins.bugfixes.blocks.piston.retraction.json] mixin configuration.
[02:18:23] [main/INFO] [MixinBooter]: Adding [mixins.tweaks.misc.commands.seed.json] mixin configuration.
[02:18:23] [main/INFO] [MixinBooter]: Adding [mixins.tweaks.performance.entityradiuscheck.lesscollisions.json] mixin configuration.
[02:18:23] [main/INFO] [MixinBooter]: Adding [mixins.tweaks.performance.prefixcheck.json] mixin configuration.
[02:18:23] [main/INFO] [MixinBooter]: Adding [mixins.tweaks.world.loading.server.json] mixin configuration.
[02:18:23] [main/INFO] [MixinBooter]: Adding [mixins.bugfixes.entities.dimensionchange.json] mixin configuration.
[02:18:23] [main/INFO] [MixinBooter]: Adding [mixins.tweaks.misc.timeouts.json] mixin configuration.
[02:18:23] [main/INFO] [MixinBooter]: Adding [mixins.tweaks.blocks.bedobstruction.json] mixin configuration.
[02:18:23] [main/INFO] [MixinBooter]: Adding [mixins.tweaks.misc.difficulty.singleplayer.json] mixin configuration.
[02:18:23] [main/INFO] [MixinBooter]: Adding [mixins.bugfixes.entities.entitylists.json] mixin configuration.
[02:18:23] [main/INFO] [MixinBooter]: Adding [mixins.tweaks.performance.advancementcheck.json] mixin configuration.
[02:18:23] [main/INFO] [MixinBooter]: Adding [mixins.bugfixes.misc.crafteditemstatistics.json] mixin configuration.
[02:18:23] [main/INFO] [MixinBooter]: Adding [mixins.bugfixes.entities.untippedarrowparticles.json] mixin configuration.
[02:18:23] [main/INFO] [MixinBooter]: Adding [mixins.bugfixes.blocks.ladderflying.json] mixin configuration.
[02:18:23] [main/INFO] [MixinBooter]: Adding [mixins.bugfixes.entities.minecart.json] mixin configuration.
[02:18:23] [main/INFO] [MixinBooter]: Adding [mixins.tweaks.entities.despawning.json] mixin configuration.
[02:18:23] [main/INFO] [MixinBooter]: Adding [mixins.bugfixes.entities.suffocation.json] mixin configuration.
[02:18:23] [main/INFO] [MixinBooter]: Adding [mixins.bugfixes.entities.desync.json] mixin configuration.
[02:18:23] [main/INFO] [MixinBooter]: Adding [mixins.tweaks.performance.dyeblending.json] mixin configuration.
[02:18:23] [main/INFO] [MixinBooter]: Adding [mixins.tweaks.blocks.sapling.json] mixin configuration.
[02:18:23] [main/INFO] [MixinBooter]: Adding [mixins.tweaks.world.cavegen.json] mixin configuration.
[02:18:23] [main/INFO] [MixinBooter]: Adding [mixins.bugfixes.entities.boundingbox.json] mixin configuration.
[02:18:23] [main/INFO] [MixinBooter]: Adding [mixins.bugfixes.entities.deathtime.json] mixin configuration.
[02:18:23] [main/INFO] [MixinBooter]: Adding [mixins.bugfixes.blocks.comparatortiming.json] mixin configuration.
[02:18:23] [main/INFO] [MixinBooter]: Adding [mixins.bugfixes.blocks.miningglitch.server.json] mixin configuration.
[02:18:23] [main/INFO] [MixinBooter]: Adding [mixins.tweaks.entities.spawning.stray.json] mixin configuration.
[02:18:23] [main/INFO] [MixinBooter]: Adding [mixins.tweaks.entities.ai.json] mixin configuration.
[02:18:23] [main/INFO] [MixinBooter]: Adding [mixins.tweaks.misc.xp.smelting.json] mixin configuration.
[02:18:23] [main/INFO] [MixinBooter]: Adding [mixins.bugfixes.entities.attackradius.json] mixin configuration.
[02:18:23] [main/INFO] [MixinBooter]: Adding [mixins.tweaks.world.chunks.gen.json] mixin configuration.
[02:18:23] [main/INFO] [MixinBooter]: Adding [mixins.bugfixes.entities.boatoffset.json] mixin configuration.
[02:18:23] [main/INFO] [MixinBooter]: Adding [mixins.bugfixes.entities.mount.json] mixin configuration.
[02:18:23] [main/INFO] [MixinBooter]: Adding [mixins.bugfixes.blocks.hopper.tile.json] mixin configuration.
[02:18:23] [main/INFO] [MixinBooter]: Adding [mixins.bugfixes.entities.saturation.json] mixin configuration.
[02:18:23] [main/INFO] [MixinBooter]: Adding [mixins.tweaks.world.sealevel.json] mixin configuration.
[02:18:23] [main/INFO] [MixinBooter]: Adding [mixins.bugfixes.blocks.falling.json] mixin configuration.
[02:18:23] [main/INFO] [MixinBooter]: Adding [mixins.tweaks.items.itementities.server.json] mixin configuration.
[02:18:23] [main/INFO] [MixinBooter]: Adding [mixins.bugfixes.entities.entityid.json] mixin configuration.
[02:18:23] [main/INFO] [MixinBooter]: Adding [mixins.tweaks.performance.craftingcache.json] mixin configuration.
[02:18:23] [main/INFO] [MixinBooter]: Loading early loader org.embeddedt.vintagefix.core.VintageFixCore for its mixins.
[02:18:23] [main/INFO] [MixinBooter]: Adding [mixins.vintagefix.init.json] mixin configuration.
[02:18:23] [main/INFO] [MixinBooter]: Adding [mixins.vintagefix.json] mixin configuration.
[02:18:23] [main/INFO] [MixinBooter]: Loading early loader hellfall.visualores.mixins.VOEarlyMixinLoader for its mixins.
[02:18:23] [main/INFO] [MixinBooter]: Loading early loader org.dimdev.jeid.core.JEIDLoadingPlugin for its mixins.
[02:18:23] [main/INFO] [MixinBooter]: Adding [mixins.jeid.core.json] mixin configuration.
[02:18:23] [main/INFO] [MixinBooter]: Loading early loader gkappa.wrapfix.WrapFixLoadingPlugin for its mixins.
[02:18:23] [main/INFO] [MixinBooter]: Adding [wrapfix.mixins.json] mixin configuration.
[02:18:23] [main/INFO] [LaunchWrapper]: Calling tweak class codechicken.asm.internal.Tweaker
[02:18:23] [main/INFO] [STDOUT]: [codechicken.asm.internal.Tweaker:injectIntoClassLoader:30]: false
[02:18:23] [main/INFO] [LaunchWrapper]: Calling tweak class net.minecraftforge.fml.relauncher.CoreModManager$FMLPluginWrapper
[02:18:23] [main/INFO] [LaunchWrapper]: Calling tweak class net.minecraftforge.fml.common.launcher.FMLDeobfTweaker
[02:18:23] [main/INFO] [LoliASM]: The lolis are now preparing to bytecode manipulate your game.
[02:18:23] [main/INFO] [LoliASM]: Adding class net.minecraft.util.registry.RegistrySimple to the transformation queue
[02:18:23] [main/INFO] [LoliASM]: Adding class net.minecraft.nbt.NBTTagString to the transformation queue
[02:18:23] [main/INFO] [LoliASM]: Adding class net.minecraftforge.fml.common.discovery.ModCandidate to the transformation queue
[02:18:23] [main/INFO] [LoliASM]: Adding class net.minecraftforge.fml.common.discovery.ASMDataTable$ASMData to the transformation queue
[02:18:23] [main/INFO] [LoliASM]: Adding class net.minecraft.item.ItemStack to the transformation queue
[02:18:23] [main/INFO] [LoliASM]: Adding class net.minecraft.item.crafting.FurnaceRecipes to the transformation queue
[02:18:23] [main/INFO] [LoliASM]: Adding class hellfirepvp.astralsorcery.common.enchantment.amulet.PlayerAmuletHandler to the transformation queue
[02:18:23] [main/INFO] [LoliASM]: Adding class mezz.jei.suffixtree.Edge to the transformation queue
[02:18:23] [main/INFO] [LoliASM]: Adding class betterwithmods.event.BlastingOilEvent to the transformation queue
[02:18:23] [main/INFO] [LoliASM]: Adding class betterwithmods.common.items.ItemMaterial to the transformation queue
[02:18:23] [main/INFO] [LoliASM]: Adding class lach_01298.qmd.render.entity.BeamRenderer to the transformation queue
[02:18:23] [main/INFO] [LoliASM]: Adding class net.dries007.tfc.objects.entity.EntityFallingBlockTFC to the transformation queue
[02:18:23] [main/INFO] [LoliASM]: Adding class net.minecraft.client.renderer.EntityRenderer to the transformation queue
[02:18:23] [main/INFO] [LoliASM]: Adding class net.minecraft.client.renderer.EntityRenderer to the transformation queue
[02:18:23] [main/INFO] [LoliASM]: Adding class net.minecraft.nbt.NBTTagCompound to the transformation queue
[02:18:23] [main/WARN] [mixin]: Reference map '' for mixins.vintagefix.init.json could not be read. If this is a development environment you can ignore this message
[02:18:23] [main/INFO] [LaunchWrapper]: Calling tweak class net.minecraftforge.fml.relauncher.CoreModManager$FMLPluginWrapper
[02:18:23] [main/INFO] [LaunchWrapper]: Calling tweak class net.minecraftforge.fml.relauncher.CoreModManager$FMLPluginWrapper
[02:18:23] [main/INFO] [STDOUT]: [com.github.mjaroslav.reflectors.v4.Reflectors:log:83]: [Reflectors] Obfuscated environment
[02:18:23] [main/INFO] [LaunchWrapper]: Calling tweak class net.minecraftforge.fml.relauncher.CoreModManager$FMLPluginWrapper
[02:18:23] [main/INFO] [STDOUT]: [com.github.mjaroslav.reflectors.v4.Reflectors:log:83]: [Reflectors] Obfuscated environment
[02:18:23] [main/INFO] [LaunchWrapper]: Calling tweak class net.minecraftforge.fml.relauncher.CoreModManager$FMLPluginWrapper
[02:18:23] [main/INFO] [LaunchWrapper]: Calling tweak class net.minecraftforge.fml.relauncher.CoreModManager$FMLPluginWrapper
[02:18:23] [main/INFO] [LaunchWrapper]: Calling tweak class net.minecraftforge.fml.relauncher.CoreModManager$FMLPluginWrapper
[02:18:23] [main/INFO] [LaunchWrapper]: Loading tweak class name net.minecraftforge.fml.common.launcher.TerminalTweaker
[02:18:23] [main/INFO] [LaunchWrapper]: Loading tweak class name org.spongepowered.asm.mixin.EnvironmentStateTweaker
[02:18:23] [main/INFO] [LaunchWrapper]: Calling tweak class net.minecraftforge.fml.common.launcher.TerminalTweaker
[02:18:23] [main/INFO] [LaunchWrapper]: Calling tweak class org.spongepowered.asm.mixin.EnvironmentStateTweaker
[02:18:23] [main/INFO] [STDOUT]: [xaero.common.core.transformer.ClassNodeTransformer:transform:29]: Transforming class net.minecraft.server.MinecraftServer net.minecraft.server.MinecraftServer
[02:18:24] [main/INFO] [Sledgehammer]: Successfully loaded configuration file.
[02:18:24] [main/INFO] [Sledgehammer]: Successfully saved configuration file.
[02:18:24] [main/INFO] [Relictium]: Loaded configuration file for Relictium: 30 options available, 0 override(s) found
[02:18:24] [main/INFO] [VintageFix Mixin Loader]: Found 88 mixins
[02:18:24] [main/INFO] [VintageFix Mixin Loader]: Successfully saved config file
[02:18:25] [main/INFO] [STDOUT]: [appeng.core.transformer.ItemStackPatch:patchCountGetSet:53]: Patched ItemStack Count getter!
[02:18:25] [main/INFO] [STDOUT]: [appeng.core.transformer.ItemStackPatch:patchCountGetSet:81]: Patched ItemStack Count setter!
[02:18:25] [main/INFO] [org.spongepowered.asm.service.mojang.MixinServiceLaunchWrapper]: A re-entrant transformer '$wrapper.appeng.core.transformer.AE2ELTransformer' was detected and will no longer process meta class data
[02:18:25] [main/INFO] [STDOUT]: [xaero.common.core.transformer.ClassNodeTransformer:transform:29]: Transforming class aed net.minecraft.entity.player.EntityPlayer
[02:18:25] [main/INFO] [bogosorter]: Applied EntityPlayer interactOn ASM
[02:18:25] [main/INFO] [bogosorter]: Applied EntityPlayer interactOn ASM
[02:18:25] [main/INFO] [bogosorter]: Applied EntityPlayer interactOn ASM
[02:18:25] [main/INFO] [bogosorter]: Applied EntityPlayer attackTargetEntityWithCurrentItem ASM
[02:18:25] [main/INFO] [org.spongepowered.asm.service.mojang.MixinServiceLaunchWrapper]: A re-entrant transformer 'com.cleanroommc.bogosorter.core.BogoSorterTransformer' was detected and will no longer process meta class data
[02:18:25] [main/INFO] [STDOUT]: [xaero.common.core.transformer.ClassNodeTransformer:transform:29]: Transforming class axw net.minecraft.world.chunk.Chunk
[02:18:25] [main/INFO] [GregTechTransformer]: Patched method func_180498_a(Lnet/minecraft/entity/player/EntityPlayer;ILnet/minecraft/util/math/BlockPos;I)V in net/minecraft/world/World successfully
[02:18:25] [main/INFO] [STDOUT]: [xaero.common.core.transformer.ClassNodeTransformer:transform:29]: Transforming class net.minecraft.server.MinecraftServer net.minecraft.server.MinecraftServer
[02:18:25] [main/INFO] [GregTechTransformer]: Patched method func_180498_a(Lnet/minecraft/entity/player/EntityPlayer;ILnet/minecraft/util/math/BlockPos;I)V in net/minecraft/world/World successfully
[02:18:26] [main/INFO] [STDOUT]: [xaero.common.core.transformer.ClassNodeTransformer:transform:29]: Transforming class net.minecraft.server.MinecraftServer net.minecraft.server.MinecraftServer
[02:18:26] [main/ERROR] [mixin]: Critical problem: mixins.stellar_core_forge_asmmodparser.json:MixinASMModParser from owner unknown-owner target net.minecraftforge.fml.common.discovery.asm.ASMModParser was loaded too early.
[02:18:26] [main/INFO] [OpenComputers]: Successfully patched net/minecraft/entity/EntityLiving.recreateLeash.
[02:18:26] [main/INFO] [STDOUT]: [xaero.common.core.transformer.ClassNodeTransformer:transform:29]: Transforming class oq net.minecraft.entity.player.EntityPlayerMP
[02:18:26] [main/INFO] [LoliASM]: Improving FurnaceRecipes. Lookups are now a lot faster.
[02:18:28] [main/INFO] [STDOUT]: [xaero.common.core.transformer.ClassNodeTransformer:transform:29]: Transforming class pl net.minecraft.server.management.PlayerList
[02:18:29] [main/INFO] [modularui]: Applied net.minecraftforge.common.util.PacketUtil ASM from ModularUI
[02:18:29] [main/INFO] [org.spongepowered.asm.service.mojang.MixinServiceLaunchWrapper]: A re-entrant transformer '$wrapper.com.cleanroommc.modularui.core.ClassTransformer' was detected and will no longer process meta class data
[02:18:29] [main/WARN] [VintageFix Mixin Loader]: Not applying mixin 'org.embeddedt.vintagefix.mixin.chunk_access.ChunkMixin' as 'mixin.chunk_access' is disabled in config
[02:18:29] [main/WARN] [VintageFix Mixin Loader]: Not applying mixin 'org.embeddedt.vintagefix.mixin.chunk_access.ChunkProviderServerMixin' as 'mixin.chunk_access' is disabled in config
[02:18:29] [main/WARN] [VintageFix Mixin Loader]: Not applying mixin 'org.embeddedt.vintagefix.mixin.chunk_access.ChunkProviderClientMixin' as 'mixin.chunk_access' is disabled in config
[02:18:29] [main/WARN] [VintageFix Mixin Loader]: Not applying mixin 'org.embeddedt.vintagefix.mixin.version_protest.MinecraftMixin' as 'mixin.version_protest' is disabled in config
[02:18:29] [main/WARN] [VintageFix Mixin Loader]: Not applying mixin 'org.embeddedt.vintagefix.mixin.version_protest.FMLCommonHandlerMixin' as 'mixin.version_protest' is disabled in config
[02:18:29] [main/WARN] [VintageFix Mixin Loader]: Not applying mixin 'org.embeddedt.vintagefix.mixin.dynamic_resources.MixinTextureMap' as 'mixin.dynamic_resources' is disabled in config
[02:18:29] [main/WARN] [VintageFix Mixin Loader]: Not applying mixin 'org.embeddedt.vintagefix.mixin.dynamic_resources.MixinModelBakeEvent' as 'mixin.dynamic_resources' is disabled in config
[02:18:29] [main/WARN] [VintageFix Mixin Loader]: Not applying mixin 'org.embeddedt.vintagefix.mixin.dynamic_resources.MixinFMLClientHandler' as 'mixin.dynamic_resources' is disabled in config
[02:18:29] [main/WARN] [VintageFix Mixin Loader]: Not applying mixin 'org.embeddedt.vintagefix.mixin.dynamic_resources.MixinRenderItem' as 'mixin.dynamic_resources' is disabled in config
[02:18:29] [main/WARN] [mixin]: Error loading class: net/minecraft/server/integrated/IntegratedServer (net.minecraftforge.fml.common.asm.ASMTransformerWrapper$TransformerException: Exception in class transformer net.minecraftforge.fml.common.asm.transformers.SideTransformer@3e7c4815 from coremod FMLCorePlugin)
[02:18:29] [main/WARN] [mixin]: @Mixin target net.minecraft.server.integrated.IntegratedServer was not found mixins.vintagefix.json:bugfix.exit_freeze.IntegratedServerMixin from owner vintagefix
[02:18:29] [main/INFO] [MixinExtras|Service]: Initializing MixinExtras via com.llamalad7.mixinextras.service.MixinExtrasServiceImpl(version=0.5.0-beta.5).
[02:18:29] [main/INFO] [GregTechTransformer]: Patched method func_180498_a(Lnet/minecraft/entity/player/EntityPlayer;ILnet/minecraft/util/math/BlockPos;I)V in net/minecraft/world/World successfully
[02:18:30] [main/INFO] [STDOUT]: [xaero.common.core.transformer.ClassNodeTransformer:transform:29]: Transforming class pl net.minecraft.server.management.PlayerList
[02:18:30] [main/INFO] [STDOUT]: [xaero.common.core.transformer.ClassNodeTransformer:transform:29]: Transforming class aed net.minecraft.entity.player.EntityPlayer
[02:18:30] [main/INFO] [bogosorter]: Applied EntityPlayer interactOn ASM
[02:18:30] [main/INFO] [bogosorter]: Applied EntityPlayer interactOn ASM
[02:18:30] [main/INFO] [bogosorter]: Applied EntityPlayer interactOn ASM
[02:18:30] [main/INFO] [bogosorter]: Applied EntityPlayer attackTargetEntityWithCurrentItem ASM
[02:18:31] [main/INFO] [LaunchWrapper]: Launching wrapped minecraft {net.minecraft.server.MinecraftServer}
[02:18:31] [StellarCore-LowerCaseStringPool-CanonicalizeWorker/INFO] [stellar_core]: [StellarCore-LowerCaseStringPool] CanonicalizeWorker started.
[02:18:31] [main/WARN] [mixin]: Method overwrite conflict for hashCode in mixins.vintagefix.json:blockstates.FastMapStateHolderMixin from owner vintagefix, previously written by github.kasuminova.stellarcore.mixin.minecraft.blockstateimpl.MixinStateImplementation. Skipping method.
[02:18:32] [main/INFO] [VintageFix - class definer]: Using Java 8 class definer
[02:18:32] [main/INFO] [STDOUT]: [appeng.core.transformer.ItemStackPatch:patchCountGetSet:53]: Patched ItemStack Count getter!
[02:18:32] [main/INFO] [STDOUT]: [appeng.core.transformer.ItemStackPatch:patchCountGetSet:81]: Patched ItemStack Count setter!
[02:18:32] [main/INFO] [STDOUT]: [xaero.common.core.transformer.ClassNodeTransformer:transform:29]: Transforming class oq net.minecraft.entity.player.EntityPlayerMP
[02:18:32] [main/INFO] [LoliASM]: Replacing ClassHierarchyManager::superclasses with a dummy map.
[02:18:32] [main/INFO] [OpenComputers]: Successfully patched net/minecraft/entity/EntityLiving.recreateLeash.
[02:18:32] [main/INFO] [GregTechTransformer]: Patched method func_92089_a(Lnet/minecraft/item/ItemStack;)Z in net/minecraft/enchantment/EnchantmentDurability successfully
[02:18:33] [StellarCore-ItemStackCapInitializer-0/INFO] [stellar_core]: [StellarCore] StellarCore-ItemStackCapInitializer-0 started.
[02:18:34] [main/INFO] [stellar_core]: [StellarCore-NBTTagPrimitivePool] PrimitiveType NBTTagPrimitivePool initialized, took 306ms.
[02:18:34] [main/INFO] [LoliASM]: Improving FurnaceRecipes. Lookups are now a lot faster.
[02:18:34] [main/INFO] [FML]: Starts to replace vanilla recipe ingredients with ore ingredients.
[02:18:35] [main/INFO] [FML]: Invalid recipe found with multiple oredict ingredients in the same ingredient...
[02:18:35] [main/INFO] [FML]: Replaced 1227 ore ingredients
[02:18:35] [main/INFO] [STDOUT]: [xaero.common.core.transformer.ClassNodeTransformer:transform:29]: Transforming class bfc net.minecraft.world.storage.SaveFormatOld
[02:18:35] [Server thread/INFO] [net.minecraft.server.dedicated.DedicatedServer]: Starting minecraft server version 1.12.2
[02:18:35] [Server thread/INFO] [FML]: MinecraftForge v14.23.5.2860 Initialized
[02:18:36] [Server thread/INFO] [MixinBooter]: Initializing MixinBooter's Mod Container.
[02:18:36] [Server thread/INFO] [FML]: Searching /workspaces/de-nuevo/servidor_minecraft/./mods for mods
[02:18:36] [Server thread/INFO] [FML]: Searching /workspaces/de-nuevo/servidor_minecraft/./mods/1.12.2 for mods
[02:18:36] [Server thread/ERROR] [FML]: Unable to read a class file correctly
java.lang.IllegalArgumentException: null
	at org.objectweb.asm.ClassReader.<init>(ClassReader.java:185) ~[asm-debug-all-5.2.jar:5.2]
	at org.objectweb.asm.ClassReader.<init>(ClassReader.java:168) ~[asm-debug-all-5.2.jar:5.2]
	at org.objectweb.asm.ClassReader.<init>(ClassReader.java:439) ~[asm-debug-all-5.2.jar:5.2]
	at net.minecraftforge.fml.common.discovery.asm.ASMModParser.<init>(ASMModParser.java:57) [ASMModParser.class:?]
	at net.minecraftforge.fml.common.discovery.JarDiscoverer.redirect$zlm000$vintagefix$redirectNewASMModParser(JarDiscoverer.java:561) [JarDiscoverer.class:?]
	at net.minecraftforge.fml.common.discovery.JarDiscoverer.findClassesASM(JarDiscoverer.java:102) [JarDiscoverer.class:?]
	at net.minecraftforge.fml.common.discovery.JarDiscoverer.discover(JarDiscoverer.java:77) [JarDiscoverer.class:?]
	at net.minecraftforge.fml.common.discovery.ContainerType.findMods(ContainerType.java:47) [ContainerType.class:?]
	at net.minecraftforge.fml.common.discovery.ModCandidate.explore(ModCandidate.java:74) [ModCandidate.class:?]
	at net.minecraftforge.fml.common.discovery.ModDiscoverer.identifyMods(ModDiscoverer.java:93) [ModDiscoverer.class:?]
	at net.minecraftforge.fml.common.Loader.identifyMods(Loader.java:427) [Loader.class:?]
	at net.minecraftforge.fml.common.Loader.loadMods(Loader.java:568) [Loader.class:?]
	at net.minecraftforge.fml.server.FMLServerHandler.beginServerLoading(FMLServerHandler.java:98) [FMLServerHandler.class:?]
	at net.minecraftforge.fml.common.FMLCommonHandler.onServerStart(FMLCommonHandler.java:333) [FMLCommonHandler.class:?]
	at net.minecraft.server.dedicated.DedicatedServer.func_71197_b(DedicatedServer.java:125) [nz.class:?]
	at net.minecraft.server.MinecraftServer.run(MinecraftServer.java:1802) [MinecraftServer.class:?]
	at java.lang.Thread.run(Thread.java:750) [?:1.8.0_492]
[02:18:36] [Server thread/ERROR] [FML]: There was a problem reading the entry github/kasuminova/ae2ctl/Tags.class in the jar ./mods/AE2CT-Legacy-0.1.2.jar - probably a corrupt zip
net.minecraftforge.fml.common.LoaderException: java.lang.IllegalArgumentException

	at net.minecraftforge.fml.common.discovery.asm.ASMModParser.<init>(ASMModParser.java:63) ~[ASMModParser.class:?]
	at net.minecraftforge.fml.common.discovery.JarDiscoverer.redirect$zlm000$vintagefix$redirectNewASMModParser(JarDiscoverer.java:561) ~[JarDiscoverer.class:?]
	at net.minecraftforge.fml.common.discovery.JarDiscoverer.findClassesASM(JarDiscoverer.java:102) [JarDiscoverer.class:?]
	at net.minecraftforge.fml.common.discovery.JarDiscoverer.discover(JarDiscoverer.java:77) [JarDiscoverer.class:?]
	at net.minecraftforge.fml.common.discovery.ContainerType.findMods(ContainerType.java:47) [ContainerType.class:?]
	at net.minecraftforge.fml.common.discovery.ModCandidate.explore(ModCandidate.java:74) [ModCandidate.class:?]
	at net.minecraftforge.fml.common.discovery.ModDiscoverer.identifyMods(ModDiscoverer.java:93) [ModDiscoverer.class:?]
	at net.minecraftforge.fml.common.Loader.identifyMods(Loader.java:427) [Loader.class:?]
	at net.minecraftforge.fml.common.Loader.loadMods(Loader.java:568) [Loader.class:?]
	at net.minecraftforge.fml.server.FMLServerHandler.beginServerLoading(FMLServerHandler.java:98) [FMLServerHandler.class:?]
	at net.minecraftforge.fml.common.FMLCommonHandler.onServerStart(FMLCommonHandler.java:333) [FMLCommonHandler.class:?]
	at net.minecraft.server.dedicated.DedicatedServer.func_71197_b(DedicatedServer.java:125) [nz.class:?]
	at net.minecraft.server.MinecraftServer.run(MinecraftServer.java:1802) [MinecraftServer.class:?]
	at java.lang.Thread.run(Thread.java:750) [?:1.8.0_492]
Caused by: java.lang.IllegalArgumentException
	at org.objectweb.asm.ClassReader.<init>(ClassReader.java:185) ~[asm-debug-all-5.2.jar:5.2]
	at org.objectweb.asm.ClassReader.<init>(ClassReader.java:168) ~[asm-debug-all-5.2.jar:5.2]
	at org.objectweb.asm.ClassReader.<init>(ClassReader.java:439) ~[asm-debug-all-5.2.jar:5.2]
	at net.minecraftforge.fml.common.discovery.asm.ASMModParser.<init>(ASMModParser.java:57) ~[ASMModParser.class:?]
	... 13 more
[02:18:36] [Server thread/WARN] [FML]: Zip file AE2CT-Legacy-0.1.2.jar failed to read properly, it will be ignored
net.minecraftforge.fml.common.LoaderException: java.lang.IllegalArgumentException

	at net.minecraftforge.fml.common.discovery.asm.ASMModParser.<init>(ASMModParser.java:63) ~[ASMModParser.class:?]
	at net.minecraftforge.fml.common.discovery.JarDiscoverer.redirect$zlm000$vintagefix$redirectNewASMModParser(JarDiscoverer.java:561) ~[JarDiscoverer.class:?]
	at net.minecraftforge.fml.common.discovery.JarDiscoverer.findClassesASM(JarDiscoverer.java:102) ~[JarDiscoverer.class:?]
	at net.minecraftforge.fml.common.discovery.JarDiscoverer.discover(JarDiscoverer.java:77) [JarDiscoverer.class:?]
	at net.minecraftforge.fml.common.discovery.ContainerType.findMods(ContainerType.java:47) [ContainerType.class:?]
	at net.minecraftforge.fml.common.discovery.ModCandidate.explore(ModCandidate.java:74) [ModCandidate.class:?]
	at net.minecraftforge.fml.common.discovery.ModDiscoverer.identifyMods(ModDiscoverer.java:93) [ModDiscoverer.class:?]
	at net.minecraftforge.fml.common.Loader.identifyMods(Loader.java:427) [Loader.class:?]
	at net.minecraftforge.fml.common.Loader.loadMods(Loader.java:568) [Loader.class:?]
	at net.minecraftforge.fml.server.FMLServerHandler.beginServerLoading(FMLServerHandler.java:98) [FMLServerHandler.class:?]
	at net.minecraftforge.fml.common.FMLCommonHandler.onServerStart(FMLCommonHandler.java:333) [FMLCommonHandler.class:?]
	at net.minecraft.server.dedicated.DedicatedServer.func_71197_b(DedicatedServer.java:125) [nz.class:?]
	at net.minecraft.server.MinecraftServer.run(MinecraftServer.java:1802) [MinecraftServer.class:?]
	at java.lang.Thread.run(Thread.java:750) [?:1.8.0_492]
Caused by: java.lang.IllegalArgumentException
	at org.objectweb.asm.ClassReader.<init>(ClassReader.java:185) ~[asm-debug-all-5.2.jar:5.2]
	at org.objectweb.asm.ClassReader.<init>(ClassReader.java:168) ~[asm-debug-all-5.2.jar:5.2]
	at org.objectweb.asm.ClassReader.<init>(ClassReader.java:439) ~[asm-debug-all-5.2.jar:5.2]
	at net.minecraftforge.fml.common.discovery.asm.ASMModParser.<init>(ASMModParser.java:57) ~[ASMModParser.class:?]
	... 13 more
[02:18:36] [Server thread/WARN] [FML]: Mod betterp2p is missing the required element 'version' and a version.properties file could not be found. Falling back to metadata version 1.12.2-1.3.2
[02:18:36] [Server thread/WARN] [FML]: Mod codechickenlib is missing the required element 'version' and a version.properties file could not be found. Falling back to metadata version 3.2.3.358
[02:18:36] [Server thread/WARN] [FML]: Mod cosmeticarmorreworked is missing the required element 'version' and a version.properties file could not be found. Falling back to metadata version 1.12.2-v5a
[02:18:36] [Server thread/WARN] [FML]: Mod craftingtweaks is missing the required element 'version' and a version.properties file could not be found. Falling back to metadata version 9.0.1
[02:18:36] [Server thread/WARN] [FML]: Mod enderstorage is missing the required element 'version' and a version.properties file could not be found. Falling back to metadata version 2.6.3
[02:18:36] [Server thread/WARN] [FML]: Mod extendedae is missing the required element 'version' and a version.properties file could not be found. Falling back to metadata version 1.12-0.0.1
[02:18:37] [Server thread/WARN] [FML]: Mod microblockcbe is missing the required element 'version' and a version.properties file could not be found. Falling back to metadata version 2.6.2.83
[02:18:37] [Server thread/WARN] [FML]: Mod forgemultipartcbe is missing the required element 'version' and a version.properties file could not be found. Falling back to metadata version 2.6.2.83
[02:18:37] [Server thread/WARN] [FML]: Mod minecraftmultipartcbe is missing the required element 'version' and a version.properties file could not be found. Falling back to metadata version 2.6.2.83
[02:18:37] [Server thread/WARN] [FML]: Mod ksyxis is missing the required element 'version' and a version.properties file could not be found. Falling back to metadata version 1.3.2
[02:18:37] [Server thread/WARN] [FML]: Mod mrtjpcore is missing the required element 'version' and a version.properties file could not be found. Falling back to metadata version 2.1.4.43
[02:18:37] [Server thread/WARN] [FML]: Mod packetfixer is missing the required element 'version' and a version.properties file could not be found. Falling back to metadata version 1.0.2
[02:18:37] [Server thread/WARN] [FML]: Mod projectred-core is missing the required element 'version' and a version.properties file could not be found. Falling back to metadata version 4.9.4.120
[02:18:37] [Server thread/WARN] [FML]: Mod projectred-fabrication is missing the required element 'version' and a version.properties file could not be found. Falling back to metadata version 4.9.4.120
[02:18:37] [Server thread/WARN] [FML]: Mod projectred-integration is missing the required element 'version' and a version.properties file could not be found. Falling back to metadata version 4.9.4.120
[02:18:37] [Server thread/WARN] [FML]: Mod projectred-transmission is missing the required element 'version' and a version.properties file could not be found. Falling back to metadata version 4.9.4.120
[02:18:37] [Server thread/WARN] [FML]: Mod projectred-illumination is missing the required element 'version' and a version.properties file could not be found. Falling back to metadata version 4.9.4.120
[02:18:37] [Server thread/WARN] [FML]: Mod vintagium is missing the required element 'version' and a version.properties file could not be found. Falling back to metadata version 1.2.0
[02:18:37] [Server thread/ERROR] [FML]: Unable to read a class file correctly
java.lang.IllegalArgumentException: null
	at org.objectweb.asm.ClassReader.<init>(ClassReader.java:185) ~[asm-debug-all-5.2.jar:5.2]
	at org.objectweb.asm.ClassReader.<init>(ClassReader.java:168) ~[asm-debug-all-5.2.jar:5.2]
	at org.objectweb.asm.ClassReader.<init>(ClassReader.java:439) ~[asm-debug-all-5.2.jar:5.2]
	at net.minecraftforge.fml.common.discovery.asm.ASMModParser.<init>(ASMModParser.java:57) [ASMModParser.class:?]
	at net.minecraftforge.fml.common.discovery.JarDiscoverer.redirect$zlm000$vintagefix$redirectNewASMModParser(JarDiscoverer.java:561) [JarDiscoverer.class:?]
	at net.minecraftforge.fml.common.discovery.JarDiscoverer.findClassesASM(JarDiscoverer.java:102) [JarDiscoverer.class:?]
	at net.minecraftforge.fml.common.discovery.JarDiscoverer.discover(JarDiscoverer.java:77) [JarDiscoverer.class:?]
	at net.minecraftforge.fml.common.discovery.ContainerType.findMods(ContainerType.java:47) [ContainerType.class:?]
	at net.minecraftforge.fml.common.discovery.ModCandidate.explore(ModCandidate.java:74) [ModCandidate.class:?]
	at net.minecraftforge.fml.common.discovery.ModDiscoverer.identifyMods(ModDiscoverer.java:93) [ModDiscoverer.class:?]
	at net.minecraftforge.fml.common.Loader.identifyMods(Loader.java:427) [Loader.class:?]
	at net.minecraftforge.fml.common.Loader.loadMods(Loader.java:568) [Loader.class:?]
	at net.minecraftforge.fml.server.FMLServerHandler.beginServerLoading(FMLServerHandler.java:98) [FMLServerHandler.class:?]
	at net.minecraftforge.fml.common.FMLCommonHandler.onServerStart(FMLCommonHandler.java:333) [FMLCommonHandler.class:?]
	at net.minecraft.server.dedicated.DedicatedServer.func_71197_b(DedicatedServer.java:125) [nz.class:?]
	at net.minecraft.server.MinecraftServer.run(MinecraftServer.java:1802) [MinecraftServer.class:?]
	at java.lang.Thread.run(Thread.java:750) [?:1.8.0_492]
[02:18:37] [Server thread/ERROR] [FML]: There was a problem reading the entry github/kasuminova/stellarcore/Tags.class in the jar ./mods/StellarCore-1.5.21.jar - probably a corrupt zip
net.minecraftforge.fml.common.LoaderException: java.lang.IllegalArgumentException

	at net.minecraftforge.fml.common.discovery.asm.ASMModParser.<init>(ASMModParser.java:63) ~[ASMModParser.class:?]
	at net.minecraftforge.fml.common.discovery.JarDiscoverer.redirect$zlm000$vintagefix$redirectNewASMModParser(JarDiscoverer.java:561) ~[JarDiscoverer.class:?]
	at net.minecraftforge.fml.common.discovery.JarDiscoverer.findClassesASM(JarDiscoverer.java:102) [JarDiscoverer.class:?]
	at net.minecraftforge.fml.common.discovery.JarDiscoverer.discover(JarDiscoverer.java:77) [JarDiscoverer.class:?]
	at net.minecraftforge.fml.common.discovery.ContainerType.findMods(ContainerType.java:47) [ContainerType.class:?]
	at net.minecraftforge.fml.common.discovery.ModCandidate.explore(ModCandidate.java:74) [ModCandidate.class:?]
	at net.minecraftforge.fml.common.discovery.ModDiscoverer.identifyMods(ModDiscoverer.java:93) [ModDiscoverer.class:?]
	at net.minecraftforge.fml.common.Loader.identifyMods(Loader.java:427) [Loader.class:?]
	at net.minecraftforge.fml.common.Loader.loadMods(Loader.java:568) [Loader.class:?]
	at net.minecraftforge.fml.server.FMLServerHandler.beginServerLoading(FMLServerHandler.java:98) [FMLServerHandler.class:?]
	at net.minecraftforge.fml.common.FMLCommonHandler.onServerStart(FMLCommonHandler.java:333) [FMLCommonHandler.class:?]
	at net.minecraft.server.dedicated.DedicatedServer.func_71197_b(DedicatedServer.java:125) [nz.class:?]
	at net.minecraft.server.MinecraftServer.run(MinecraftServer.java:1802) [MinecraftServer.class:?]
	at java.lang.Thread.run(Thread.java:750) [?:1.8.0_492]
Caused by: java.lang.IllegalArgumentException
	at org.objectweb.asm.ClassReader.<init>(ClassReader.java:185) ~[asm-debug-all-5.2.jar:5.2]
	at org.objectweb.asm.ClassReader.<init>(ClassReader.java:168) ~[asm-debug-all-5.2.jar:5.2]
	at org.objectweb.asm.ClassReader.<init>(ClassReader.java:439) ~[asm-debug-all-5.2.jar:5.2]
	at net.minecraftforge.fml.common.discovery.asm.ASMModParser.<init>(ASMModParser.java:57) ~[ASMModParser.class:?]
	... 13 more
[02:18:37] [Server thread/WARN] [FML]: Zip file StellarCore-1.5.21.jar failed to read properly, it will be ignored
net.minecraftforge.fml.common.LoaderException: java.lang.IllegalArgumentException

	at net.minecraftforge.fml.common.discovery.asm.ASMModParser.<init>(ASMModParser.java:63) ~[ASMModParser.class:?]
	at net.minecraftforge.fml.common.discovery.JarDiscoverer.redirect$zlm000$vintagefix$redirectNewASMModParser(JarDiscoverer.java:561) ~[JarDiscoverer.class:?]
	at net.minecraftforge.fml.common.discovery.JarDiscoverer.findClassesASM(JarDiscoverer.java:102) ~[JarDiscoverer.class:?]
	at net.minecraftforge.fml.common.discovery.JarDiscoverer.discover(JarDiscoverer.java:77) [JarDiscoverer.class:?]
	at net.minecraftforge.fml.common.discovery.ContainerType.findMods(ContainerType.java:47) [ContainerType.class:?]
	at net.minecraftforge.fml.common.discovery.ModCandidate.explore(ModCandidate.java:74) [ModCandidate.class:?]
	at net.minecraftforge.fml.common.discovery.ModDiscoverer.identifyMods(ModDiscoverer.java:93) [ModDiscoverer.class:?]
	at net.minecraftforge.fml.common.Loader.identifyMods(Loader.java:427) [Loader.class:?]
	at net.minecraftforge.fml.common.Loader.loadMods(Loader.java:568) [Loader.class:?]
	at net.minecraftforge.fml.server.FMLServerHandler.beginServerLoading(FMLServerHandler.java:98) [FMLServerHandler.class:?]
	at net.minecraftforge.fml.common.FMLCommonHandler.onServerStart(FMLCommonHandler.java:333) [FMLCommonHandler.class:?]
	at net.minecraft.server.dedicated.DedicatedServer.func_71197_b(DedicatedServer.java:125) [nz.class:?]
	at net.minecraft.server.MinecraftServer.run(MinecraftServer.java:1802) [MinecraftServer.class:?]
	at java.lang.Thread.run(Thread.java:750) [?:1.8.0_492]
Caused by: java.lang.IllegalArgumentException
	at org.objectweb.asm.ClassReader.<init>(ClassReader.java:185) ~[asm-debug-all-5.2.jar:5.2]
	at org.objectweb.asm.ClassReader.<init>(ClassReader.java:168) ~[asm-debug-all-5.2.jar:5.2]
	at org.objectweb.asm.ClassReader.<init>(ClassReader.java:439) ~[asm-debug-all-5.2.jar:5.2]
	at net.minecraftforge.fml.common.discovery.asm.ASMModParser.<init>(ASMModParser.java:57) ~[ASMModParser.class:?]
	... 13 more
[02:18:37] [Server thread/INFO] [FML]: Mod astikorcarts is missing the required element 'name'. Substituting astikorcarts
[02:18:37] [Server thread/INFO] [FML]: Forge Mod Loader has identified 109 mods to load
[02:18:37] [Server thread/WARN] [FML]: Missing English translation for terrafirmagreg: assets/terrafirmagreg/lang/en_us.lang
[02:18:37] [Server thread/WARN] [FML]: Missing English translation for FML: assets/fml/lang/en_us.lang
[02:18:37] [Server thread/WARN] [FML]: Missing English translation for configanytime: assets/configanytime/lang/en_us.lang
[02:18:37] [Server thread/WARN] [FML]: Missing English translation for redcore: assets/redcore/lang/en_us.lang
[02:18:37] [Server thread/WARN] [FML]: Missing English translation for supermartijn642corelib: assets/supermartijn642corelib/lang/en_us.lang
[02:18:37] [Server thread/WARN] [FML]: Missing English translation for alfheim: assets/alfheim/lang/en_us.lang
[02:18:38] [Server thread/WARN] [FML]: Missing English translation for codechickenlib: assets/codechickenlib/lang/en_us.lang
[02:18:38] [Server thread/WARN] [FML]: Missing English translation for crafttweakerjei: assets/crafttweakerjei/lang/en_us.lang
[02:18:38] [Server thread/WARN] [FML]: Missing English translation for enhanced_annihilation_planes: assets/enhanced_annihilation_planes/lang/en_us.lang
[02:18:38] [Server thread/WARN] [FML]: Missing English translation for enhancedvisuals: assets/enhancedvisuals/lang/en_us.lang
[02:18:38] [Server thread/WARN] [FML]: Missing English translation for fasterladderclimbing: assets/fasterladderclimbing/lang/en_us.lang
[02:18:38] [Server thread/WARN] [FML]: Missing English translation for forgelin: assets/forgelin/lang/en_us.lang
[02:18:38] [Server thread/WARN] [FML]: Missing English translation for microblockcbe: assets/microblockcbe/lang/en_us.lang
[02:18:38] [Server thread/WARN] [FML]: Missing English translation for forgemultipartcbe: assets/forgemultipartcbe/lang/en_us.lang
[02:18:38] [Server thread/WARN] [FML]: Missing English translation for minecraftmultipartcbe: assets/minecraftmultipartcbe/lang/en_us.lang
[02:18:38] [Server thread/WARN] [FML]: Missing English translation for ksyxis: assets/ksyxis/lang/en_us.lang
[02:18:38] [Server thread/WARN] [FML]: Missing English translation for mjrlegendslib: assets/mjrlegendslib/lang/en_us.lang
[02:18:38] [Server thread/WARN] [FML]: Missing English translation for movingelevators: assets/movingelevators/lang/en_us.lang
[02:18:38] [Server thread/WARN] [FML]: Missing English translation for mrtjpcore: assets/mrtjpcore/lang/en_us.lang
[02:18:38] [Server thread/WARN] [FML]: Missing English translation for mtlib: assets/mtlib/lang/en_us.lang
[02:18:38] [Server thread/WARN] [FML]: Missing English translation for packcrashinfo: assets/packcrashinfo/lang/en_us.lang
[02:18:38] [Server thread/WARN] [FML]: Missing English translation for packetfixer: assets/packetfixer/lang/en_us.lang
[02:18:38] [Server thread/WARN] [FML]: Missing English translation for performant: assets/performant/lang/en_us.lang
[02:18:38] [Server thread/WARN] [FML]: Missing English translation for placebo: assets/placebo/lang/en_us.lang
[02:18:38] [Server thread/WARN] [FML]: Missing English translation for projectred-core: assets/projectred-core/lang/en_us.lang
[02:18:38] [Server thread/WARN] [FML]: Missing English translation for projectred-fabrication: assets/projectred-fabrication/lang/en_us.lang
[02:18:38] [Server thread/WARN] [FML]: Missing English translation for projectred-integration: assets/projectred-integration/lang/en_us.lang
[02:18:38] [Server thread/WARN] [FML]: Missing English translation for projectred-transmission: assets/projectred-transmission/lang/en_us.lang
[02:18:38] [Server thread/WARN] [FML]: Missing English translation for projectred-illumination: assets/projectred-illumination/lang/en_us.lang
[02:18:38] [Server thread/WARN] [FML]: Missing English translation for vintagium: assets/vintagium/lang/en_us.lang
[02:18:38] [Server thread/WARN] [FML]: Missing English translation for sinkorswim: assets/sinkorswim/lang/en_us.lang
[02:18:38] [Server thread/WARN] [FML]: Missing English translation for soundphysics: assets/soundphysics/lang/en_us.lang
[02:18:38] [Server thread/WARN] [FML]: Missing English translation for sasit: assets/sasit/lang/en_us.lang
[02:18:38] [Server thread/WARN] [FML]: Missing English translation for supermartijn642configlib: assets/supermartijn642configlib/lang/en_us.lang
[02:18:38] [Server thread/WARN] [FML]: Missing English translation for vintagefix: assets/vintagefix/lang/en_us.lang
[02:18:38] [Server thread/WARN] [FML]: Missing English translation for wrapfix: assets/wrapfix/lang/en_us.lang
[02:18:38] [Server thread/INFO] [FML]: FML has found a non-mod file Charset-Crafting-0.5.6.7.jar in your mods directory. It will now be injected into your classpath. This could severe stability issues, it should be removed if possible.
[02:18:38] [Server thread/INFO] [FML]: FML has found a non-mod file Charset-Immersion-0.5.6.0.jar in your mods directory. It will now be injected into your classpath. This could severe stability issues, it should be removed if possible.
[02:18:38] [Server thread/INFO] [FML]: FML has found a non-mod file JEI-Utilities-1.12.2-0.2.12.jar in your mods directory. It will now be injected into your classpath. This could severe stability issues, it should be removed if possible.
[02:18:38] [Server thread/INFO] [FML]: FML has found a non-mod file ModifierKeyFix-1.0.jar in your mods directory. It will now be injected into your classpath. This could severe stability issues, it should be removed if possible.
[02:18:38] [Server thread/INFO] [MixinBooter]: Loading late loader [mod.acgaming.universaltweaks.core.UTMixinLoader] for its mixins.
[02:18:38] [Server thread/INFO] [MixinBooter]: Loading late loader [io.github.lxgaming.sledgehammer.mixin.loader.LateLoader] for its mixins.
[02:18:38] [Server thread/INFO] [MixinBooter]: Loading late loader [com.cleanroommc.bogosorter.LateMixin] for its mixins.
[02:18:38] [Server thread/INFO] [MixinBooter]: Loading late loader [co.neeve.nae2.NAE2MixinPlugin] for its mixins.
[02:18:38] [Server thread/INFO] [MixinBooter]: Loading late loader [gkappa.wrapfix.WrapFixLateLoader] for its mixins.
[02:18:38] [Server thread/INFO] [MixinBooter]: Loading late loader [io.bluebeaker.jemicroblocks.JEMicroblocksMixins] for its mixins.
[02:18:38] [Server thread/INFO] [MixinBooter]: Loading late loader [su.terrafirmagreg.mixin.LateMixin] for its mixins.
[02:18:38] [Server thread/INFO] [MixinBooter]: Loading late loader [hellfall.visualores.mixins.VOLateMixinLoader] for its mixins.
[02:18:38] [Server thread/INFO] [MixinBooter]: Loading late loader [com.sonicether.soundphysics.LateMixinLoader] for its mixins.
[02:18:38] [Server thread/INFO] [MixinBooter]: Loading late loader [github.kasuminova.stellarcore.mixin.StellarCoreLateMixinLoader] for its mixins.
[02:18:38] [Server thread/INFO] [MixinBooter]: Loading late loader [github.kasuminova.ae2ctl.mixin.AE2CTLLateMixinLoader] for its mixins.
[02:18:38] [Server thread/INFO] [MixinBooter]: Loading late loader [dev.tonimatas.packetfixer.PacketFixerMixins] for its mixins.
[02:18:38] [Server thread/INFO] [MixinBooter]: Loading late loader [org.dimdev.jeid.core.JEIDMixinLoader] for its mixins.
[02:18:38] [Server thread/INFO] [MixinBooter]: Loading late loader [com.cleanroommc.groovyscript.core.LateMixin] for its mixins.
[02:18:38] [Server thread/INFO] [MixinBooter]: Loading late loader [org.embeddedt.vintagefix.core.LateMixins] for its mixins.
[02:18:38] [Server thread/INFO] [MixinBooter]: Loading late loader [io.github.ametsuchiru.enhancedannihilationplanes.EnhancedAnnihilationPlanes$MixinLoader] for its mixins.
[02:18:38] [Server thread/INFO] [MixinBooter]: Loading late loader [zone.rong.loliasm.core.LoliLateMixinLoader] for its mixins.
[02:18:38] [Server thread/INFO] [MixinBooter]: Adding [mixins.visualores.xaerominimap_core.json] mixin configuration.
[02:18:38] [Server thread/INFO] [MixinBooter]: Adding [mixins.visualores.gregtech.json] mixin configuration.
[02:18:38] [Server thread/INFO] [MixinBooter]: Adding [mixins.jemicroblocks.json] mixin configuration.
[02:18:38] [Server thread/INFO] [MixinBooter]: Adding [mixins.enhanced_annihilation_planes.json] mixin configuration.
[02:18:38] [Server thread/INFO] [MixinBooter]: Adding [mixins.mods.mrtjpcore.json] mixin configuration.
[02:18:38] [Server thread/INFO] [MixinBooter]: Adding [mixins.mods.enderstorage.json] mixin configuration.
[02:18:38] [Server thread/INFO] [MixinBooter]: Adding [mixins.mods.codechickenlib.json] mixin configuration.
[02:18:38] [Server thread/INFO] [MixinBooter]: Adding [mixins.mods.cbmultipart.json] mixin configuration.
[02:18:38] [Server thread/INFO] [MixinBooter]: Adding [mixins.searchtree_mod.json] mixin configuration.
[02:18:38] [Server thread/INFO] [MixinBooter]: Adding [packetfixer.mixins.json] mixin configuration.
[02:18:38] [Server thread/INFO] [MixinBooter]: Adding [mixin.groovyscript.appliedenergistics2.json] mixin configuration.
[02:18:38] [Server thread/INFO] [MixinBooter]: Adding [mixin.groovyscript.jei.json] mixin configuration.
[02:18:38] [Server thread/INFO] [MixinBooter]: Adding [mixin.bogosorter.gregtechceu.json] mixin configuration.
[02:18:38] [Server thread/INFO] [MixinBooter]: Adding [mixin.bogosorter.galacticraftcore.json] mixin configuration.
[02:18:38] [Server thread/INFO] [MixinBooter]: Adding [mixin.bogosorter.galacticraftplanets.json] mixin configuration.
[02:18:38] [Server thread/INFO] [MixinBooter]: Adding [mixin.bogosorter.charset.json] mixin configuration.
[02:18:38] [Server thread/INFO] [MixinBooter]: Adding [mixins.nae2.json] mixin configuration.
[02:18:38] [Server thread/INFO] [MixinBooter]: Adding [mixins.nae2.pmt.json] mixin configuration.
[02:18:38] [Server thread/INFO] [MixinBooter]: Adding [mixins.nae2.void.json] mixin configuration.
[02:18:38] [Server thread/INFO] [MixinBooter]: Adding [mixins.nae2.void.condenser.json] mixin configuration.
[02:18:38] [Server thread/INFO] [MixinBooter]: Adding [mixins.nae2.beam_former.json] mixin configuration.
[02:18:38] [Server thread/INFO] [MixinBooter]: Adding [mixins.nae2.jei.craft.json] mixin configuration.
[02:18:38] [Server thread/INFO] [MixinBooter]: Adding [mixins.nae2.jei.cellview.json] mixin configuration.
[02:18:38] [Server thread/INFO] [MixinBooter]: Adding [mixins.nae2.upgrades.json] mixin configuration.
[02:18:38] [Server thread/INFO] [MixinBooter]: Adding [mixins.nae2.upgrades.hac.json] mixin configuration.
[02:18:38] [Server thread/INFO] [MixinBooter]: Adding [mixins.nae2.upgrades.autocomplete.json] mixin configuration.
[02:18:38] [Server thread/INFO] [MixinBooter]: Adding [mixins.nae2.upgrades.gregcircuit.json] mixin configuration.
[02:18:38] [Server thread/INFO] [MixinBooter]: Adding [mixins.nae2.dense.coprocessor.json] mixin configuration.
[02:18:38] [Server thread/INFO] [MixinBooter]: Adding [mixins.tfg.gregtech.json] mixin configuration.
[02:18:38] [Server thread/INFO] [MixinBooter]: Adding [mixins.tfg.extraplanets.json] mixin configuration.
[02:18:38] [Server thread/INFO] [MixinBooter]: Adding [mixins.vintagefix.late.json] mixin configuration.
[02:18:38] [Server thread/INFO] [MixinBooter]: Adding [mixins.sledgehammer.abyssalcraft.json] mixin configuration.
[02:18:38] [Server thread/INFO] [MixinBooter]: Adding [mixins.sledgehammer.actuallyadditions.json] mixin configuration.
[02:18:38] [Server thread/INFO] [MixinBooter]: Adding [mixins.sledgehammer.armorunder.json] mixin configuration.
[02:18:38] [Server thread/INFO] [MixinBooter]: Adding [mixins.sledgehammer.astralsorcery.json] mixin configuration.
[02:18:38] [Server thread/INFO] [MixinBooter]: Adding [mixins.sledgehammer.bdsandm.json] mixin configuration.
[02:18:38] [Server thread/INFO] [MixinBooter]: Adding [mixins.sledgehammer.betterquesting.json] mixin configuration.
[02:18:38] [Server thread/INFO] [MixinBooter]: Adding [mixins.sledgehammer.bewitchment.json] mixin configuration.
[02:18:38] [Server thread/INFO] [MixinBooter]: Adding [mixins.sledgehammer.bibliocraft.json] mixin configuration.
[02:18:38] [Server thread/INFO] [MixinBooter]: Adding [mixins.sledgehammer.biomesoplenty.json] mixin configuration.
[02:18:38] [Server thread/INFO] [MixinBooter]: Adding [mixins.sledgehammer.careerbees.json] mixin configuration.
[02:18:38] [Server thread/INFO] [MixinBooter]: Adding [mixins.sledgehammer.carryon.json] mixin configuration.
[02:18:38] [Server thread/INFO] [MixinBooter]: Adding [mixins.sledgehammer.champions.json] mixin configuration.
[02:18:38] [Server thread/INFO] [MixinBooter]: Adding [mixins.sledgehammer.chesttransporter.json] mixin configuration.
[02:18:38] [Server thread/INFO] [MixinBooter]: Adding [mixins.sledgehammer.conarm.json] mixin configuration.
[02:18:38] [Server thread/INFO] [MixinBooter]: Adding [mixins.sledgehammer.danknull.json] mixin configuration.
[02:18:38] [Server thread/INFO] [MixinBooter]: Adding [mixins.sledgehammer.embers.json] mixin configuration.
[02:18:38] [Server thread/INFO] [MixinBooter]: Adding [mixins.sledgehammer.enderstorage.json] mixin configuration.
[02:18:38] [Server thread/INFO] [MixinBooter]: Adding [mixins.sledgehammer.fluxnetworks.json] mixin configuration.
[02:18:38] [Server thread/INFO] [MixinBooter]: Adding [mixins.sledgehammer.hwell.json] mixin configuration.
[02:18:38] [Server thread/INFO] [MixinBooter]: Adding [mixins.sledgehammer.immersiveengineering.json] mixin configuration.
[02:18:38] [Server thread/INFO] [MixinBooter]: Adding [mixins.sledgehammer.industrialforegoing.json] mixin configuration.
[02:18:38] [Server thread/INFO] [MixinBooter]: Adding [mixins.sledgehammer.integrateddynamicscompat.json] mixin configuration.
[02:18:38] [Server thread/INFO] [MixinBooter]: Adding [mixins.sledgehammer.jetif.json] mixin configuration.
[02:18:38] [Server thread/INFO] [MixinBooter]: Adding [mixins.sledgehammer.journeymap.json] mixin configuration.
[02:18:38] [Server thread/INFO] [MixinBooter]: Adding [mixins.sledgehammer.kubejs.json] mixin configuration.
[02:18:38] [Server thread/INFO] [MixinBooter]: Adding [mixins.sledgehammer.logisticspipes.json] mixin configuration.
[02:18:38] [Server thread/INFO] [MixinBooter]: Adding [mixins.sledgehammer.matteroverdrive.json] mixin configuration.
[02:18:38] [Server thread/INFO] [MixinBooter]: Adding [mixins.sledgehammer.mob_grinding_utils.json] mixin configuration.
[02:18:38] [Server thread/INFO] [MixinBooter]: Adding [mixins.sledgehammer.morph.json] mixin configuration.
[02:18:38] [Server thread/INFO] [MixinBooter]: Adding [mixins.sledgehammer.mowziesmobs.json] mixin configuration.
[02:18:38] [Server thread/INFO] [MixinBooter]: Adding [mixins.sledgehammer.naturesaura.json] mixin configuration.
[02:18:38] [Server thread/INFO] [MixinBooter]: Adding [mixins.sledgehammer.pneumaticcraft.json] mixin configuration.
[02:18:38] [Server thread/INFO] [MixinBooter]: Adding [mixins.sledgehammer.primitivecrafting.json] mixin configuration.
[02:18:38] [Server thread/INFO] [MixinBooter]: Adding [mixins.sledgehammer.primitivemobs.json] mixin configuration.
[02:18:38] [Server thread/INFO] [MixinBooter]: Adding [mixins.sledgehammer.projectred-integration.json] mixin configuration.
[02:18:38] [Server thread/INFO] [MixinBooter]: Adding [mixins.sledgehammer.projectred-transportation.json] mixin configuration.
[02:18:38] [Server thread/INFO] [MixinBooter]: Adding [mixins.sledgehammer.pyrotech.json] mixin configuration.
[02:18:38] [Server thread/INFO] [MixinBooter]: Adding [mixins.sledgehammer.qmd.json] mixin configuration.
[02:18:38] [Server thread/INFO] [MixinBooter]: Adding [mixins.sledgehammer.quark.json] mixin configuration.
[02:18:38] [Server thread/INFO] [MixinBooter]: Adding [mixins.sledgehammer.randomthings.json] mixin configuration.
[02:18:38] [Server thread/INFO] [MixinBooter]: Adding [mixins.sledgehammer.realfilingcabinet.json] mixin configuration.
[02:18:38] [Server thread/INFO] [MixinBooter]: Adding [mixins.sledgehammer.ruins.json] mixin configuration.
[02:18:38] [Server thread/INFO] [MixinBooter]: Adding [mixins.sledgehammer.storagenetwork.json] mixin configuration.
[02:18:38] [Server thread/INFO] [MixinBooter]: Adding [mixins.sledgehammer.tconevo.json] mixin configuration.
[02:18:38] [Server thread/INFO] [MixinBooter]: Adding [mixins.sledgehammer.tconstruct.json] mixin configuration.
[02:18:38] [Server thread/INFO] [MixinBooter]: Adding [mixins.sledgehammer.thaumicwonders.json] mixin configuration.
[02:18:38] [Server thread/INFO] [MixinBooter]: Adding [mixins.sledgehammer.tombmanygraves.json] mixin configuration.
[02:18:38] [Server thread/INFO] [MixinBooter]: Adding [mixins.sledgehammer.topography.json] mixin configuration.
[02:18:38] [Server thread/INFO] [MixinBooter]: Adding [mixins.sledgehammer.vaultopic.json] mixin configuration.
[02:18:38] [Server thread/INFO] [stellar_core]: [StellarCore-MixinLoader] Mixin config mixins.stellar_core_advancedrocketry.json is disabled by config or mod is not loaded.
[02:18:38] [Server thread/INFO] [MixinBooter]: Adding [mixins.stellar_core_ae.json] mixin configuration.
[02:18:38] [Server thread/INFO] [stellar_core]: [StellarCore-MixinLoader] Mixin config mixins.stellar_core_ancientspellcraft.json is disabled by config or mod is not loaded.
[02:18:38] [Server thread/INFO] [stellar_core]: [StellarCore-MixinLoader] Mixin config mixins.stellar_core_armourers_workshop.json is disabled by config or mod is not loaded.
[02:18:38] [Server thread/INFO] [stellar_core]: [StellarCore-MixinLoader] Mixin config mixins.stellar_core_astralsorcery.json is disabled by config or mod is not loaded.
[02:18:38] [Server thread/INFO] [stellar_core]: [StellarCore-MixinLoader] Mixin config mixins.stellar_core_avaritia.json is disabled by config or mod is not loaded.
[02:18:38] [Server thread/INFO] [stellar_core]: [StellarCore-MixinLoader] Mixin config mixins.stellar_core_avaritiaddons.json is disabled by config or mod is not loaded.
[02:18:38] [Server thread/INFO] [stellar_core]: [StellarCore-MixinLoader] Mixin config mixins.stellar_core_betterchat.json is disabled by config or mod is not loaded.
[02:18:38] [Server thread/INFO] [stellar_core]: [StellarCore-MixinLoader] Mixin config mixins.stellar_core_biomesoplenty.json is disabled by config or mod is not loaded.
[02:18:38] [Server thread/INFO] [stellar_core]: [StellarCore-MixinLoader] Mixin config mixins.stellar_core_bloodmagic.json is disabled by config or mod is not loaded.
[02:18:38] [Server thread/INFO] [stellar_core]: [StellarCore-MixinLoader] Mixin config mixins.stellar_core_botania.json is disabled by config or mod is not loaded.
[02:18:38] [Server thread/INFO] [stellar_core]: [StellarCore-MixinLoader] Mixin config mixins.stellar_core_cfm.json is disabled by config or mod is not loaded.
[02:18:38] [Server thread/INFO] [MixinBooter]: Adding [mixins.stellar_core_chisel.json] mixin configuration.
[02:18:38] [Server thread/INFO] [stellar_core]: [StellarCore-MixinLoader] Mixin config mixins.stellar_core_cofhcore.json is disabled by config or mod is not loaded.
[02:18:38] [Server thread/INFO] [stellar_core]: [StellarCore-MixinLoader] Mixin config mixins.stellar_core_ctm.json is disabled by config or mod is not loaded.
[02:18:38] [Server thread/INFO] [stellar_core]: [StellarCore-MixinLoader] Mixin config mixins.stellar_core_cucumber.json is disabled by config or mod is not loaded.
[02:18:38] [Server thread/INFO] [stellar_core]: [StellarCore-MixinLoader] Mixin config mixins.stellar_core_customloadingscreen.json is disabled by config or mod is not loaded.
[02:18:38] [Server thread/INFO] [stellar_core]: [StellarCore-MixinLoader] Mixin config mixins.stellar_core_customstartinggear.json is disabled by config or mod is not loaded.
[02:18:38] [Server thread/INFO] [stellar_core]: [StellarCore-MixinLoader] Mixin config mixins.stellar_core_deepmoblearing.json is disabled by config or mod is not loaded.
[02:18:38] [Server thread/INFO] [stellar_core]: [StellarCore-MixinLoader] Mixin config mixins.stellar_core_draconicevolution.json is disabled by config or mod is not loaded.
[02:18:38] [Server thread/INFO] [stellar_core]: [StellarCore-MixinLoader] Mixin config mixins.stellar_core_ebwizardry.json is disabled by config or mod is not loaded.
[02:18:38] [Server thread/INFO] [stellar_core]: [StellarCore-MixinLoader] Mixin config mixins.stellar_core_endercore.json is disabled by config or mod is not loaded.
[02:18:38] [Server thread/INFO] [stellar_core]: [StellarCore-MixinLoader] Mixin config mixins.stellar_core_enderio.json is disabled by config or mod is not loaded.
[02:18:38] [Server thread/INFO] [stellar_core]: [StellarCore-MixinLoader] Mixin config mixins.stellar_core_enderioconduits.json is disabled by config or mod is not loaded.
[02:18:38] [Server thread/INFO] [stellar_core]: [StellarCore-MixinLoader] Mixin config mixins.stellar_core_enderioconduits_energy.json is disabled by config or mod is not loaded.
[02:18:38] [Server thread/INFO] [stellar_core]: [StellarCore-MixinLoader] Mixin config mixins.stellar_core_enderutilities.json is disabled by config or mod is not loaded.
[02:18:38] [Server thread/INFO] [stellar_core]: [StellarCore-MixinLoader] Mixin config mixins.stellar_core_extrabotany.json is disabled by config or mod is not loaded.
[02:18:38] [Server thread/INFO] [stellar_core]: [StellarCore-MixinLoader] Mixin config mixins.stellar_core_fluxnetworks.json is disabled by config or mod is not loaded.
[02:18:38] [Server thread/INFO] [MixinBooter]: Adding [mixins.stellar_core_ftblib.json] mixin configuration.
[02:18:38] [Server thread/INFO] [MixinBooter]: Adding [mixins.stellar_core_ftbquests.json] mixin configuration.
[02:18:38] [Server thread/INFO] [stellar_core]: [StellarCore-MixinLoader] Mixin config mixins.stellar_core_guguutils.json is disabled by config or mod is not loaded.
[02:18:38] [Server thread/INFO] [stellar_core]: [StellarCore-MixinLoader] Mixin config mixins.stellar_core_ic2.json is disabled by config or mod is not loaded.
[02:18:38] [Server thread/INFO] [stellar_core]: [StellarCore-MixinLoader] Mixin config mixins.stellar_core_ic2_energynet.json is disabled by config or mod is not loaded.
[02:18:38] [Server thread/INFO] [stellar_core]: [StellarCore-MixinLoader] Mixin config mixins.stellar_core_igi.json is disabled by config or mod is not loaded.
[02:18:38] [Server thread/INFO] [stellar_core]: [StellarCore-MixinLoader] Mixin config mixins.stellar_core_immersiveengineering.json is disabled by config or mod is not loaded.
[02:18:38] [Server thread/INFO] [MixinBooter]: Adding [mixins.stellar_core_jei.json] mixin configuration.
[02:18:38] [Server thread/INFO] [stellar_core]: [StellarCore-MixinLoader] Mixin config mixins.stellar_core_threng.json is disabled by config or mod is not loaded.
[02:18:38] [Server thread/INFO] [stellar_core]: [StellarCore-MixinLoader] Mixin config mixins.stellar_core_legendarytooltips.json is disabled by config or mod is not loaded.
[02:18:38] [Server thread/INFO] [stellar_core]: [StellarCore-MixinLoader] Mixin config mixins.stellar_core_libnine.json is disabled by config or mod is not loaded.
[02:18:38] [Server thread/INFO] [stellar_core]: [StellarCore-MixinLoader] Mixin config mixins.stellar_core_mek_top.json is disabled by config or mod is not loaded.
[02:18:38] [Server thread/INFO] [stellar_core]: [StellarCore-MixinLoader] Mixin config mixins.stellar_core_mekanism.json is disabled by config or mod is not loaded.
[02:18:38] [Server thread/INFO] [stellar_core]: [StellarCore-MixinLoader] Mixin config mixins.stellar_core_mets.json is disabled by config or mod is not loaded.
[02:18:38] [Server thread/INFO] [stellar_core]: [StellarCore-MixinLoader] Mixin config mixins.stellar_core_modularrouters.json is disabled by config or mod is not loaded.
[02:18:38] [Server thread/INFO] [stellar_core]: [StellarCore-MixinLoader] Mixin config mixins.stellar_core_nco.json is disabled by config or mod is not loaded.
[02:18:38] [Server thread/INFO] [stellar_core]: [StellarCore-MixinLoader] Mixin config mixins.stellar_core_psi.json is disabled by config or mod is not loaded.
[02:18:38] [Server thread/INFO] [stellar_core]: [StellarCore-MixinLoader] Mixin config mixins.stellar_core_rgb_chat.json is disabled by config or mod is not loaded.
[02:18:38] [Server thread/INFO] [stellar_core]: [StellarCore-MixinLoader] Mixin config mixins.stellar_core_scalingguis.json is disabled by config or mod is not loaded.
[02:18:38] [Server thread/INFO] [stellar_core]: [StellarCore-MixinLoader] Mixin config mixins.stellar_core_specialmobs.json is disabled by config or mod is not loaded.
[02:18:38] [Server thread/INFO] [stellar_core]: [StellarCore-MixinLoader] Mixin config mixins.stellar_core_sync.json is disabled by config or mod is not loaded.
[02:18:38] [Server thread/INFO] [stellar_core]: [StellarCore-MixinLoader] Mixin config mixins.stellar_core_sync_techguns.json is disabled by config or mod is not loaded.
[02:18:38] [Server thread/INFO] [stellar_core]: [StellarCore-MixinLoader] Mixin config mixins.stellar_core_tconevo.json is disabled by config or mod is not loaded.
[02:18:38] [Server thread/INFO] [stellar_core]: [StellarCore-MixinLoader] Mixin config mixins.stellar_core_tconstruct.json is disabled by config or mod is not loaded.
[02:18:38] [Server thread/INFO] [stellar_core]: [StellarCore-MixinLoader] Mixin config mixins.stellar_core_techguns.json is disabled by config or mod is not loaded.
[02:18:38] [Server thread/INFO] [MixinBooter]: Adding [mixins.stellar_core_theoneprobe.json] mixin configuration.
[02:18:38] [Server thread/INFO] [stellar_core]: [StellarCore-MixinLoader] Mixin config mixins.stellar_core_thermaldynamics.json is disabled by config or mod is not loaded.
[02:18:38] [Server thread/INFO] [stellar_core]: [StellarCore-MixinLoader] Mixin config mixins.stellar_core_thermalexpansion.json is disabled by config or mod is not loaded.
[02:18:38] [Server thread/INFO] [stellar_core]: [StellarCore-MixinLoader] Mixin config mixins.stellar_core_touhou_little_maid.json is disabled by config or mod is not loaded.
[02:18:38] [Server thread/INFO] [MixinBooter]: Adding [mixins.stellar_core_vintagefix.json] mixin configuration.
[02:18:38] [Server thread/INFO] [MixinBooter]: Adding [mixins.ae2ctl.json] mixin configuration.
[02:18:39] [Server thread/INFO] [JEI Utilities]: Transforming : mezz/jei/startup/JeiStarter;start(Ljava/util/List;Lmezz/jei/gui/textures/Textures;)V
[02:18:39] [Server thread/WARN] [mixin]: Error loading class: pl/asie/charset/module/storage/chests/ContainerChestCharset (java.lang.ClassNotFoundException: The specified class 'pl.asie.charset.module.storage.chests.ContainerChestCharset' was not found)
[02:18:39] [Server thread/WARN] [mixin]: @Mixin target pl.asie.charset.module.storage.chests.ContainerChestCharset was not found mixin.bogosorter.charset.json:MixinContainerChestCharset from owner unknown-owner
[02:18:39] [Server thread/INFO] [STDOUT]: [com.glodblock.github.coremod.FCClassTransformer:transform:71]: [AE2FC] Transforming class: appeng.me.cluster.implementations.CraftingCPUCluster
[02:18:39] [Server thread/INFO] [STDOUT]: [com.glodblock.github.coremod.FCClassTransformer:transform:71]: [AE2FC] Transforming class: appeng.container.implementations.ContainerPatternEncoder
[02:18:39] [Server thread/INFO] [STDOUT]: [com.glodblock.github.coremod.FCClassTransformer:transform:71]: [AE2FC] Transforming class: appeng.container.implementations.ContainerInterfaceTerminal
[02:18:39] [Server thread/INFO] [STDOUT]: [com.glodblock.github.coremod.FCClassTransformer:transform:71]: [AE2FC] Transforming class: appeng.crafting.CraftingTreeNode
[02:18:39] [Server thread/INFO] [STDOUT]: [com.glodblock.github.coremod.FCClassTransformer:transform:71]: [AE2FC] Transforming class: appeng.helpers.DualityInterface
[02:18:39] [Server thread/WARN] [mixin]: Error loading class: journeymap/client/task/multi/TaskController (java.lang.ClassNotFoundException: The specified class 'journeymap.client.task.multi.TaskController' was not found)
[02:18:39] [Server thread/WARN] [mixin]: @Mixin target journeymap.client.task.multi.TaskController was not found mixins.sledgehammer.journeymap.json:client.task.multi.TaskControllerMixin from owner unknown-owner
[02:18:39] [Server thread/WARN] [mixin]: Error loading class: journeymap/client/JourneymapClient (java.lang.ClassNotFoundException: The specified class 'journeymap.client.JourneymapClient' was not found)
[02:18:39] [Server thread/WARN] [mixin]: @Mixin target journeymap.client.JourneymapClient was not found mixins.sledgehammer.journeymap.json:client.JourneymapClientMixin from owner unknown-owner
[02:18:39] [Server thread/WARN] [mixin]: Error loading class: mrtjp/projectred/transportation/TransportationSPH$ (java.lang.ClassNotFoundException: The specified class 'mrtjp.projectred.transportation.TransportationSPH$' was not found)
[02:18:39] [Server thread/WARN] [mixin]: @Mixin target mrtjp.projectred.transportation.TransportationSPH$ was not found mixins.sledgehammer.projectred-transportation.json:transportation.TransportationSPHMixin from owner unknown-owner
[02:18:39] [Server thread/INFO] [STDOUT]: [com.glodblock.github.coremod.FCClassTransformer:transform:71]: [AE2FC] Transforming class: appeng.container.implementations.ContainerCraftConfirm
[02:18:39] [Server thread/WARN] [VintageFix Mixin Loader]: Not applying mixin 'org.embeddedt.vintagefix.mixin.bugfix.extrautils.TileMachineSlotMixin' as 'mixin.bugfix.extrautils' is disabled in config
[02:18:39] [Server thread/WARN] [VintageFix Mixin Loader]: Not applying mixin 'org.embeddedt.vintagefix.mixin.mod_opts.agricraft.ResourceHelperMixin' as 'mixin.mod_opts.agricraft' is disabled in config
[02:18:39] [Server thread/WARN] [VintageFix Mixin Loader]: Not applying mixin 'org.embeddedt.vintagefix.mixin.dynamic_resources.MixinModelLoaderEarlyViewDebark' as 'mixin.dynamic_resources' is disabled in config
[02:18:40] [Server thread/INFO] [FML]: Attempting connection with missing mods [minecraft, mcp, terrafirmagreg, FML, forge, creativecoredummy, micdoodlecore, xaerominimap_core, mixinbooter, opencomputers|core, configanytime, redcore, supermartijn642corelib, appliedenergistics2, ae2ctl, ae2stuff, alfheim, architecturecraft, bdlib, betterp2p, bogosorter, baubles, carryon, catwalks, loliasm, charset, chisel, codechickenlib, corpse, cosmeticarmorreworked, craftingtweaks, crafttweaker, crafttweakerjei, creativecore, enderstorage, enhanced_annihilation_planes, enhancedvisuals, extendedae, extraplanets, fasterladderclimbing, findme, ae2fc, forgelin, microblockcbe, forgemultipartcbe, minecraftmultipartcbe, ftblib, ftbquests, ftbutilities, galacticcomputers, galacticraftcore, galacticraftplanets, galacticresearch, gcym, gregicprobe, gregtech, groovyscript, gttopaddition, jei, hgp, itemfilters, jemicroblocks, jecalculation, ksyxis, mjrlegendslib, modularui, movingelevators, mrtjpcore, mtlib, nae2, opencomputers, p455w0rdslib, packcrashinfo, packetfixer, performant, placebo, playerrevive, projectred-core, projectred-fabrication, projectred-integration, projectred-transmission, projectred-illumination, vintagium, jeid, sinkorswim, sledgehammer, soundphysics, stellar_core, sasit, supermartijn642configlib, tfc, cellars, tfcthings, tfctech, astikorcarts, waterflasks, tfg, horsepower, tfcflorae, firmalife, theoneprobe, toolbelt, travelersbackpack, universaltweaks, vintagefix, visualores, wrapfix, xaerominimap, orelib] at CLIENT
[02:18:40] [Server thread/INFO] [FML]: Attempting connection with missing mods [minecraft, mcp, terrafirmagreg, FML, forge, creativecoredummy, micdoodlecore, xaerominimap_core, mixinbooter, opencomputers|core, configanytime, redcore, supermartijn642corelib, appliedenergistics2, ae2ctl, ae2stuff, alfheim, architecturecraft, bdlib, betterp2p, bogosorter, baubles, carryon, catwalks, loliasm, charset, chisel, codechickenlib, corpse, cosmeticarmorreworked, craftingtweaks, crafttweaker, crafttweakerjei, creativecore, enderstorage, enhanced_annihilation_planes, enhancedvisuals, extendedae, extraplanets, fasterladderclimbing, findme, ae2fc, forgelin, microblockcbe, forgemultipartcbe, minecraftmultipartcbe, ftblib, ftbquests, ftbutilities, galacticcomputers, galacticraftcore, galacticraftplanets, galacticresearch, gcym, gregicprobe, gregtech, groovyscript, gttopaddition, jei, hgp, itemfilters, jemicroblocks, jecalculation, ksyxis, mjrlegendslib, modularui, movingelevators, mrtjpcore, mtlib, nae2, opencomputers, p455w0rdslib, packcrashinfo, packetfixer, performant, placebo, playerrevive, projectred-core, projectred-fabrication, projectred-integration, projectred-transmission, projectred-illumination, vintagium, jeid, sinkorswim, sledgehammer, soundphysics, stellar_core, sasit, supermartijn642configlib, tfc, cellars, tfcthings, tfctech, astikorcarts, waterflasks, tfg, horsepower, tfcflorae, firmalife, theoneprobe, toolbelt, travelersbackpack, universaltweaks, vintagefix, visualores, wrapfix, xaerominimap, orelib] at SERVER
[02:18:40] [Server thread/INFO] [STDOUT]: [appeng.core.transformer.AE2ELTransformer:spliceClasses:140]: Spliced in METHOD: net.minecraft.network.PacketBuffer.func_150791_c
[02:18:40] [Server thread/INFO] [STDOUT]: [appeng.core.transformer.AE2ELTransformer:spliceClasses:140]: Spliced in METHOD: net.minecraft.network.PacketBuffer.func_150788_a
[02:18:40] [Server thread/WARN] [mixin]: @ModifyConstant conflict. Skipping mixins.bugfixes.misc.packetsize.json:UTPacketBufferMixin from owner universaltweaks->@ModifyConstant::utPacketSizeBuffer(J)J with priority 1000, already redirected by packetfixer.mixins.json:PacketBufferMixin from owner unknown-owner->@ModifyConstant::newSize$readCompoundTag(J)J with priority 9999
[02:18:41] [Server thread/ERROR] [FML]: The mod appliedenergistics2 is expecting signature dfa4d3ac143316c6f32aa1a1beda1e34d42132e5 for source ae2-uel-v0.56.6.jar, however there is no signature matching that description
[02:18:43] [Server thread/ERROR] [FML]: The mod carryon is expecting signature fd21553434f4905f2f73ea7838147ac4ea07bd88 for source carryon-1.12.2-1.12.7.23.jar, however there is no signature matching that description
[02:18:44] [Server thread/ERROR] [FML]: The mod enderstorage is expecting signature f1850c39b2516232a2108a7bd84d1cb5df93b261 for source EnderStorage-1.12.2-2.6.3.jar, however there is no signature matching that description
[02:18:45] [Server thread/WARN] [FML]: =============================================================
[02:18:45] [Server thread/WARN] [FML]: MOD HAS DIRECT REFERENCE System.exit() THIS IS NOT ALLOWED REROUTING TO FML!
[02:18:45] [Server thread/WARN] [FML]: Offender: groovy/ui/GroovyMain.processArgs([Ljava/lang/String;Ljava/io/PrintStream;Ljava/io/PrintStream;)V
[02:18:45] [Server thread/WARN] [FML]: Use FMLCommonHandler.exitJava instead
[02:18:45] [Server thread/WARN] [FML]: =============================================================
[02:18:46] [Server thread/INFO] [groovyscript]: Generating obfuscation map...
[02:18:46] [Server thread/INFO] [groovyscript]: Read 1864 field and 2652 method mapping names
[02:18:47] [Server thread/INFO] [STDOUT]: [xaero.common.core.transformer.ClassNodeTransformer:transform:29]: Transforming class axw net.minecraft.world.chunk.Chunk
[02:18:47] [Server thread/WARN] [mixin]: Static binding violation: PRIVATE @Overwrite method func_76615_h in mixins.alfheim.json:ChunkMixin from owner alfheim cannot reduce visibiliy of PUBLIC target method, visibility will be upgraded.
[02:18:47] [Server thread/INFO] [GregTech Module Loader]: Module hwyla_integration is missing at least one of mod dependencies: [hwyla], skipping loading...
[02:18:47] [Server thread/INFO] [GregTech Module Loader]: Module fr_integration is missing at least one of mod dependencies: [forestry], skipping loading...
[02:18:47] [Server thread/INFO] [Ksyxis]: Ksyxis: Booting... (platform: Forge, manual: false)
[02:18:47] [Server thread/INFO] [Ksyxis]: Ksyxis: Found Mixin library. (version: 0.8.7)
[02:18:47] [Server thread/INFO] [Ksyxis]: Ksyxis: Ready. As always, this mod will speed up your world loading and might or might not break it.
[02:18:47] [Server thread/INFO] [packcrashinfo]: No manfiest present, attempting to load the minecraftinstance.json file.
[02:18:47] [Server thread/ERROR] [packcrashinfo]: No manifest or minecraftinstance.json present
[02:18:47] [Server thread/INFO] [packcrashinfo]: |--------------------------------------------------------------------------------------------------------------------------------|
[02:18:47] [Server thread/INFO] [packcrashinfo]: | Modpack Information                                                                                                            |
[02:18:47] [Server thread/INFO] [packcrashinfo]: | Modpack: [TerraFirmaGreg-Vintage] Version: [4.5.12] by author [Exception, Xikaro] !!There was a problem reading the manifest!! |
[02:18:47] [Server thread/INFO] [packcrashinfo]: |--------------------------------------------------------------------------------------------------------------------------------|
[02:18:47] [Server thread/INFO] [PacketFixer]: Packet Fixer has been initialized successfully.
[02:18:48] [Server thread/INFO] [Sledgehammer]: Sledgehammer v1.12.2-2.0.26 (forge)
[02:18:48] [Server thread/INFO] [Sledgehammer]: Loaded default locale
[02:18:48] [Server thread/INFO] [sasit]: The mod has started up!
[02:18:48] [Server thread/INFO] [sasit]: Logs containing the following text may have been removed!
[02:18:48] [Server thread/INFO] [sasit]: Parsing
[02:18:48] [Server thread/INFO] [sasit]: Potentially
[02:18:48] [Server thread/INFO] [sasit]: Invalid
[02:18:48] [Server thread/INFO] [sasit]: Exception loading
[02:18:48] [Server thread/INFO] [sasit]: Using missing texture, unable to load
[02:18:48] [Server thread/INFO] [sasit]: A mod has attempted to assign Block
[02:18:48] [Server thread/INFO] [sasit]: doesStackMatchOre
[02:18:48] [Server thread/INFO] [sasit]: Failed to find item for
[02:18:48] [Server thread/INFO] [sasit]: Client attempting to join with
[02:18:48] [Server thread/INFO] [sasit]: World time and Calendar Time
[02:18:48] [Server thread/INFO] [sasit]: Calendar Time =
[02:18:48] [Server thread/INFO] [sasit]: Calendar is behind by
[02:18:48] [Server thread/WARN] [FML]: ****************************************
[02:18:48] [Server thread/WARN] [FML]: * Could not determine owning mod for @EventBusSubscriber on com.eerussianguy.firmalife.proxy.ServerProxy for mod tfc
[02:18:48] [Server thread/WARN] [FML]: *  at net.minecraftforge.fml.common.AutomaticEventSubscriber.inject(AutomaticEventSubscriber.java:71)
[02:18:48] [Server thread/WARN] [FML]: *  at net.minecraftforge.fml.common.FMLModContainer.constructMod(FMLModContainer.java:612)
[02:18:48] [Server thread/WARN] [FML]: *  at sun.reflect.GeneratedMethodAccessor12.invoke(Unknown Source)
[02:18:48] [Server thread/WARN] [FML]: *  at sun.reflect.DelegatingMethodAccessorImpl.invoke(DelegatingMethodAccessorImpl.java:43)
[02:18:48] [Server thread/WARN] [FML]: *  at java.lang.reflect.Method.invoke(Method.java:498)
[02:18:48] [Server thread/WARN] [FML]: *  at com.google.common.eventbus.Subscriber.invokeSubscriberMethod(Subscriber.java:91)...
[02:18:48] [Server thread/WARN] [FML]: ****************************************
[02:18:48] [Server thread/WARN] [FML]: ****************************************
[02:18:48] [Server thread/WARN] [FML]: * Could not determine owning mod for @EventBusSubscriber on com.eerussianguy.firmalife.proxy.ServerProxy for mod cellars
[02:18:48] [Server thread/WARN] [FML]: *  at net.minecraftforge.fml.common.AutomaticEventSubscriber.inject(AutomaticEventSubscriber.java:71)
[02:18:48] [Server thread/WARN] [FML]: *  at net.minecraftforge.fml.common.FMLModContainer.constructMod(FMLModContainer.java:612)
[02:18:48] [Server thread/WARN] [FML]: *  at sun.reflect.GeneratedMethodAccessor12.invoke(Unknown Source)
[02:18:48] [Server thread/WARN] [FML]: *  at sun.reflect.DelegatingMethodAccessorImpl.invoke(DelegatingMethodAccessorImpl.java:43)
[02:18:48] [Server thread/WARN] [FML]: *  at java.lang.reflect.Method.invoke(Method.java:498)
[02:18:48] [Server thread/WARN] [FML]: *  at com.google.common.eventbus.Subscriber.invokeSubscriberMethod(Subscriber.java:91)...
[02:18:48] [Server thread/WARN] [FML]: ****************************************
[02:18:48] [Server thread/WARN] [FML]: ****************************************
[02:18:48] [Server thread/WARN] [FML]: * Could not determine owning mod for @EventBusSubscriber on com.eerussianguy.firmalife.proxy.ServerProxy for mod tfcthings
[02:18:48] [Server thread/WARN] [FML]: *  at net.minecraftforge.fml.common.AutomaticEventSubscriber.inject(AutomaticEventSubscriber.java:71)
[02:18:48] [Server thread/WARN] [FML]: *  at net.minecraftforge.fml.common.FMLModContainer.constructMod(FMLModContainer.java:612)
[02:18:48] [Server thread/WARN] [FML]: *  at sun.reflect.GeneratedMethodAccessor12.invoke(Unknown Source)
[02:18:48] [Server thread/WARN] [FML]: *  at sun.reflect.DelegatingMethodAccessorImpl.invoke(DelegatingMethodAccessorImpl.java:43)
[02:18:48] [Server thread/WARN] [FML]: *  at java.lang.reflect.Method.invoke(Method.java:498)
[02:18:48] [Server thread/WARN] [FML]: *  at com.google.common.eventbus.Subscriber.invokeSubscriberMethod(Subscriber.java:91)...
[02:18:48] [Server thread/WARN] [FML]: ****************************************
[02:18:49] [Server thread/WARN] [FML]: ****************************************
[02:18:49] [Server thread/WARN] [FML]: * Could not determine owning mod for @EventBusSubscriber on com.eerussianguy.firmalife.proxy.ServerProxy for mod tfctech
[02:18:49] [Server thread/WARN] [FML]: *  at net.minecraftforge.fml.common.AutomaticEventSubscriber.inject(AutomaticEventSubscriber.java:71)
[02:18:49] [Server thread/WARN] [FML]: *  at net.minecraftforge.fml.common.FMLModContainer.constructMod(FMLModContainer.java:612)
[02:18:49] [Server thread/WARN] [FML]: *  at sun.reflect.GeneratedMethodAccessor12.invoke(Unknown Source)
[02:18:49] [Server thread/WARN] [FML]: *  at sun.reflect.DelegatingMethodAccessorImpl.invoke(DelegatingMethodAccessorImpl.java:43)
[02:18:49] [Server thread/WARN] [FML]: *  at java.lang.reflect.Method.invoke(Method.java:498)
[02:18:49] [Server thread/WARN] [FML]: *  at com.google.common.eventbus.Subscriber.invokeSubscriberMethod(Subscriber.java:91)...
[02:18:49] [Server thread/WARN] [FML]: ****************************************
[02:18:49] [Server thread/WARN] [FML]: ****************************************
[02:18:49] [Server thread/WARN] [FML]: * Could not determine owning mod for @EventBusSubscriber on com.eerussianguy.firmalife.proxy.ServerProxy for mod astikorcarts
[02:18:49] [Server thread/WARN] [FML]: *  at net.minecraftforge.fml.common.AutomaticEventSubscriber.inject(AutomaticEventSubscriber.java:71)
[02:18:49] [Server thread/WARN] [FML]: *  at net.minecraftforge.fml.common.FMLModContainer.constructMod(FMLModContainer.java:612)
[02:18:49] [Server thread/WARN] [FML]: *  at sun.reflect.GeneratedMethodAccessor12.invoke(Unknown Source)
[02:18:49] [Server thread/WARN] [FML]: *  at sun.reflect.DelegatingMethodAccessorImpl.invoke(DelegatingMethodAccessorImpl.java:43)
[02:18:49] [Server thread/WARN] [FML]: *  at java.lang.reflect.Method.invoke(Method.java:498)
[02:18:49] [Server thread/WARN] [FML]: *  at com.google.common.eventbus.Subscriber.invokeSubscriberMethod(Subscriber.java:91)...
[02:18:49] [Server thread/WARN] [FML]: ****************************************
[02:18:49] [Server thread/WARN] [FML]: ****************************************
[02:18:49] [Server thread/WARN] [FML]: * Could not determine owning mod for @EventBusSubscriber on com.eerussianguy.firmalife.proxy.ServerProxy for mod waterflasks
[02:18:49] [Server thread/WARN] [FML]: *  at net.minecraftforge.fml.common.AutomaticEventSubscriber.inject(AutomaticEventSubscriber.java:71)
[02:18:49] [Server thread/WARN] [FML]: *  at net.minecraftforge.fml.common.FMLModContainer.constructMod(FMLModContainer.java:612)
[02:18:49] [Server thread/WARN] [FML]: *  at sun.reflect.GeneratedMethodAccessor12.invoke(Unknown Source)
[02:18:49] [Server thread/WARN] [FML]: *  at sun.reflect.DelegatingMethodAccessorImpl.invoke(DelegatingMethodAccessorImpl.java:43)
[02:18:49] [Server thread/WARN] [FML]: *  at java.lang.reflect.Method.invoke(Method.java:498)
[02:18:49] [Server thread/WARN] [FML]: *  at com.google.common.eventbus.Subscriber.invokeSubscriberMethod(Subscriber.java:91)...
[02:18:49] [Server thread/WARN] [FML]: ****************************************
[02:18:49] [Server thread/WARN] [FML]: ****************************************
[02:18:49] [Server thread/WARN] [FML]: * Could not determine owning mod for @EventBusSubscriber on com.eerussianguy.firmalife.proxy.ServerProxy for mod tfg
[02:18:49] [Server thread/WARN] [FML]: *  at net.minecraftforge.fml.common.AutomaticEventSubscriber.inject(AutomaticEventSubscriber.java:71)
[02:18:49] [Server thread/WARN] [FML]: *  at net.minecraftforge.fml.common.FMLModContainer.constructMod(FMLModContainer.java:612)
[02:18:49] [Server thread/WARN] [FML]: *  at sun.reflect.GeneratedMethodAccessor12.invoke(Unknown Source)
[02:18:49] [Server thread/WARN] [FML]: *  at sun.reflect.DelegatingMethodAccessorImpl.invoke(DelegatingMethodAccessorImpl.java:43)
[02:18:49] [Server thread/WARN] [FML]: *  at java.lang.reflect.Method.invoke(Method.java:498)
[02:18:49] [Server thread/WARN] [FML]: *  at com.google.common.eventbus.Subscriber.invokeSubscriberMethod(Subscriber.java:91)...
[02:18:49] [Server thread/WARN] [FML]: ****************************************
[02:18:49] [Server thread/INFO] [TerraFirmaGreg-Core [ su.terrafirmagreg.framework.module.ModuleManager ]]: Configuring containers...
[02:18:49] [Server thread/INFO] [TerraFirmaGreg-Core [ su.terrafirmagreg.framework.module.ModuleManager ]]: Configuring modules...
[02:18:49] [Server thread/INFO] [TerraFirmaGreg-Core [ device ]]: Registering event handlers
[02:18:49] [Server thread/INFO] [TerraFirmaGreg-Core [ device ]]: Registering packets
[02:18:49] [Server thread/INFO] [TerraFirmaGreg-Core [ device ]]: Construction start
[02:18:49] [Server thread/INFO] [TerraFirmaGreg-Core [ device ]]: Construction complete
[02:18:49] [Server thread/INFO] [TerraFirmaGreg-Core [ metal ]]: Registering event handlers
[02:18:49] [Server thread/INFO] [TerraFirmaGreg-Core [ metal ]]: Registering packets
[02:18:49] [Server thread/INFO] [TerraFirmaGreg-Core [ metal ]]: Construction start
[02:18:49] [Server thread/INFO] [TerraFirmaGreg-Core [ metal ]]: Construction complete
[02:18:49] [Server thread/INFO] [TerraFirmaGreg-Core [ rock ]]: Registering event handlers
[02:18:49] [Server thread/INFO] [TerraFirmaGreg-Core [ rock ]]: Registering packets
[02:18:49] [Server thread/INFO] [TerraFirmaGreg-Core [ rock ]]: Construction start
[02:18:49] [Server thread/INFO] [TerraFirmaGreg-Core [ rock ]]: Construction complete
[02:18:49] [Server thread/INFO] [TerraFirmaGreg-Core [ integration ]]: Registering event handlers
[02:18:49] [Server thread/INFO] [TerraFirmaGreg-Core [ integration ]]: Registering packets
[02:18:49] [Server thread/INFO] [TerraFirmaGreg-Core [ integration ]]: Construction start
[02:18:49] [Server thread/INFO] [TerraFirmaGreg-Core [ integration ]]: Construction complete
[02:18:49] [Server thread/INFO] [TerraFirmaGreg-Core [ integration ]]: Registering event handlers
[02:18:49] [Server thread/INFO] [TerraFirmaGreg-Core [ integration ]]: Registering packets
[02:18:49] [Server thread/INFO] [TerraFirmaGreg-Core [ integration ]]: Construction start
[02:18:49] [Server thread/INFO] [TerraFirmaGreg-Core [ integration ]]: Construction complete
[02:18:49] [Server thread/INFO] [TerraFirmaGreg-Core [ core ]]: Registering event handlers
[02:18:49] [Server thread/INFO] [TerraFirmaGreg-Core [ core ]]: Registering packets
[02:18:49] [Server thread/INFO] [TerraFirmaGreg-Core [ core ]]: Construction start
[02:18:49] [Server thread/INFO] [TerraFirmaGreg-Core [ core ]]: Construction complete
[02:18:49] [Server thread/WARN] [FML]: ****************************************
[02:18:49] [Server thread/WARN] [FML]: * Could not determine owning mod for @EventBusSubscriber on com.eerussianguy.firmalife.proxy.ServerProxy for mod horsepower
[02:18:49] [Server thread/WARN] [FML]: *  at net.minecraftforge.fml.common.AutomaticEventSubscriber.inject(AutomaticEventSubscriber.java:71)
[02:18:49] [Server thread/WARN] [FML]: *  at net.minecraftforge.fml.common.FMLModContainer.constructMod(FMLModContainer.java:612)
[02:18:49] [Server thread/WARN] [FML]: *  at sun.reflect.GeneratedMethodAccessor12.invoke(Unknown Source)
[02:18:49] [Server thread/WARN] [FML]: *  at sun.reflect.DelegatingMethodAccessorImpl.invoke(DelegatingMethodAccessorImpl.java:43)
[02:18:49] [Server thread/WARN] [FML]: *  at java.lang.reflect.Method.invoke(Method.java:498)
[02:18:49] [Server thread/WARN] [FML]: *  at com.google.common.eventbus.Subscriber.invokeSubscriberMethod(Subscriber.java:91)...
[02:18:49] [Server thread/WARN] [FML]: ****************************************
[02:18:49] [Server thread/WARN] [FML]: ****************************************
[02:18:49] [Server thread/WARN] [FML]: * Could not determine owning mod for @EventBusSubscriber on com.eerussianguy.firmalife.proxy.ServerProxy for mod firmalife
[02:18:49] [Server thread/WARN] [FML]: *  at net.minecraftforge.fml.common.AutomaticEventSubscriber.inject(AutomaticEventSubscriber.java:71)
[02:18:49] [Server thread/WARN] [FML]: *  at net.minecraftforge.fml.common.FMLModContainer.constructMod(FMLModContainer.java:612)
[02:18:49] [Server thread/WARN] [FML]: *  at sun.reflect.GeneratedMethodAccessor12.invoke(Unknown Source)
[02:18:49] [Server thread/WARN] [FML]: *  at sun.reflect.DelegatingMethodAccessorImpl.invoke(DelegatingMethodAccessorImpl.java:43)
[02:18:49] [Server thread/WARN] [FML]: *  at java.lang.reflect.Method.invoke(Method.java:498)
[02:18:49] [Server thread/WARN] [FML]: *  at com.google.common.eventbus.Subscriber.invokeSubscriberMethod(Subscriber.java:91)...
[02:18:49] [Server thread/WARN] [FML]: ****************************************
[02:18:49] [Server thread/WARN] [FML]: ****************************************
[02:18:49] [Server thread/WARN] [FML]: * Could not determine owning mod for @EventBusSubscriber on com.eerussianguy.firmalife.proxy.ServerProxy for mod tfcflorae
[02:18:49] [Server thread/WARN] [FML]: *  at net.minecraftforge.fml.common.AutomaticEventSubscriber.inject(AutomaticEventSubscriber.java:71)
[02:18:49] [Server thread/WARN] [FML]: *  at net.minecraftforge.fml.common.FMLModContainer.constructMod(FMLModContainer.java:612)
[02:18:49] [Server thread/WARN] [FML]: *  at sun.reflect.GeneratedMethodAccessor12.invoke(Unknown Source)
[02:18:49] [Server thread/WARN] [FML]: *  at sun.reflect.DelegatingMethodAccessorImpl.invoke(DelegatingMethodAccessorImpl.java:43)
[02:18:49] [Server thread/WARN] [FML]: *  at java.lang.reflect.Method.invoke(Method.java:498)
[02:18:49] [Server thread/WARN] [FML]: *  at com.google.common.eventbus.Subscriber.invokeSubscriberMethod(Subscriber.java:91)...
[02:18:49] [Server thread/WARN] [FML]: ****************************************
[02:18:49] [Server thread/WARN] [VintageFix Mixin Loader]: Not applying mixin 'mixin.version_protest.LoaderChange' as 'mixin.version_protest' is disabled in config
[02:18:50] [Server thread/INFO] [TerraFirmaGreg-Core [ device ]]: Register NewRegistryEvent start
[02:18:50] [Server thread/INFO] [TerraFirmaGreg-Core [ device ]]: Register NewRegistryEvent complete
[02:18:50] [Server thread/INFO] [TerraFirmaGreg-Core [ metal ]]: Register NewRegistryEvent start
[02:18:50] [Server thread/INFO] [TerraFirmaGreg-Core [ metal ]]: Register NewRegistryEvent complete
[02:18:50] [Server thread/INFO] [TerraFirmaGreg-Core [ rock ]]: Register NewRegistryEvent start
[02:18:50] [Server thread/INFO] [TerraFirmaGreg-Core [ rock ]]: Register NewRegistryEvent complete
[02:18:50] [Server thread/INFO] [TerraFirmaGreg-Core [ integration ]]: Register NewRegistryEvent start
[02:18:50] [Server thread/INFO] [TerraFirmaGreg-Core [ integration ]]: Register NewRegistryEvent complete
[02:18:50] [Server thread/INFO] [TerraFirmaGreg-Core [ integration ]]: Register NewRegistryEvent start
[02:18:50] [Server thread/INFO] [TerraFirmaGreg-Core [ integration ]]: Register NewRegistryEvent complete
[02:18:50] [Server thread/INFO] [TerraFirmaGreg-Core [ core ]]: Register NewRegistryEvent start
[02:18:50] [Server thread/INFO] [TerraFirmaGreg-Core [ core ]]: Register NewRegistryEvent complete
[02:18:50] [Server thread/INFO] [FML]: Processing ObjectHolder annotations
[02:18:50] [Server thread/INFO] [FML]: Found 2127 ObjectHolder annotations
[02:18:50] [Server thread/INFO] [FML]: Identifying ItemStackHolder annotations
[02:18:50] [Server thread/INFO] [FML]: Found 0 ItemStackHolder annotations
[02:18:50] [Server thread/INFO] [GroovyLog]: Running scripts in loader 'preInit'
[02:18:51] [Server thread/INFO] [groovyscript]: Running Groovy scripts during preInit took 114 ms
[02:18:51] [Server thread/INFO] [FML]: Configured a dormant chunk cache size of 0
[02:18:52] [Server thread/INFO] [bdlib]: bdlib 1.14.4.1 loaded
[02:18:52] [Server thread/INFO] [bdlib]: Initialized network channel 'bdew.multiblock' for mod 'bdlib'
[02:18:52] [Server thread/INFO] [bdlib]: Loading internal config files for mod AE2 Stuff
[02:18:52] [Server thread/INFO] [bdlib]: Loading config: /workspaces/de-nuevo/servidor_minecraft/config/AE2Stuff/overrides/tuning.cfg
[02:18:52] [Server thread/INFO] [bdlib]: Loading config: /workspaces/de-nuevo/servidor_minecraft/config/AE2Stuff/overrides/recipes.cfg
[02:18:52] [Server thread/INFO] [bdlib]: Loading user config files for mod AE2 Stuff
[02:18:52] [Server thread/INFO] [bdlib]: Config loading for mod AE2 Stuff finished
[02:18:52] [Server thread/INFO] [bdlib]: Loaded creative tabs for ae2stuff
[02:18:52] [Server thread/INFO] [pl.asie.charset.ModCharset]: Charset profile is STABLE
[02:18:52] [Server thread/INFO] [pl.asie.charset.ModCharset]: Module crafting.compression requires storage.barrels, but is not force-enabled. You can ignore this - it is not an error, just information.
[02:18:52] [Server thread/INFO] [pl.asie.charset.ModCharset]: Module lib.wires requires mod:mcmultipart, but is not force-enabled. You can ignore this - it is not an error, just information.
[02:18:53] [Server thread/INFO] [pl.asie.charset.ModCharset]: Charset material heuristics time (phase 1): 36ms
[02:18:53] [Server thread/INFO] [FML]: Applying holder lookups
[02:18:54] [Server thread/INFO] [FML]: Holder lookups applied
[02:18:54] [Server thread/INFO] [GregTechTransformer]: Patched method init()V in codechicken/lib/internal/ModDescriptionEnhancer successfully
[02:18:54] [Server thread/INFO] [Enhanced Annihilation Planes]: Initializing Enhanced Annihilation Planes!
[02:18:57] [Server thread/INFO] [FML]: [FasterLadderClimbing] Module featureloader is enabled
[02:18:58] [Server thread/WARN] [FTB Library]: Replacing com.feed_the_beast.ftblib.lib.config.DefaultRankConfigHandler with com.feed_the_beast.ftbutilities.ranks.FTBUtilitiesPermissionHandler
[02:18:58] [Server thread/WARN] [FML]: Replacing net.minecraftforge.server.permission.DefaultPermissionHandler with com.feed_the_beast.ftbutilities.ranks.FTBUtilitiesPermissionHandler
[02:18:58] [Server thread/INFO] [OpenComputers]: Skipping interface ic2.api.energy.tile.IEnergySink from missing mod ic2.
[02:18:59] [Server thread/INFO] [OpenComputers]: Skipping interface ic2.api.item.IBoxable from missing mod ic2.
[02:18:59] [Server thread/INFO] [OpenComputers]: Skipping interface ic2.api.item.ISpecialElectricItem from missing mod ic2.
[02:18:59] [Server thread/INFO] [opencomputers]: Initializing OpenComputers API.
[02:18:59] [Server thread/INFO] [opencomputers]: Found a compatible native library: 'OpenComputersMod-1.8.7-52-libjnlua52-linux-x86_64.so'.
[02:18:59] [Server thread/INFO] [opencomputers]: Found a compatible native library: 'OpenComputersMod-1.8.7-53-libjnlua53-linux-x86_64.so'.
[02:19:00] [Server thread/INFO] [opencomputers]: Found a compatible native library: 'OpenComputersMod-1.8.7-54-libjnlua54-linux-x86_64.so'.
[02:19:00] [Server thread/INFO] [opencomputers]: Done with pre init phase.
[02:19:00] [Server thread/INFO] [galacticcomputers]: Loading GalacticComputers integrations
[02:19:00] [Server thread/INFO] [galacticcomputers]: Unconditionally loading GalactiCraft Core integration
[02:19:00] [Server thread/INFO] [galacticcomputers]: Loading GalactiCraft Planets integration
[02:19:00] [Server thread/INFO] [GregTechTransformer]: Patched method getProbeInfo(Lnet/minecraft/entity/player/EntityPlayer;Lmcjty/theoneprobe/api/ProbeMode;Lnet/minecraft/world/World;Lnet/minecraft/util/math/BlockPos;Lnet/minecraft/util/EnumFacing;Lnet/minecraft/util/math/Vec3d;Lnet/minecraft/item/ItemStack;)Lmcjty/theoneprobe/apiimpl/ProbeInfo; in mcjty/theoneprobe/network/PacketGetInfo successfully
[02:19:00] [Server thread/INFO] [theoneprobe]: The One Probe Detected Baubles: enabling support
[02:19:00] [Server thread/INFO] [GregTech]: High-Tier is Disabled.
[02:19:00] [Server thread/INFO] [GregTech Core]: Registering GTCEu UI Factories
[02:19:00] [Server thread/INFO] [GregTech Core]: Registering addon UI Factories
[02:19:00] [Server thread/INFO] [GregTech Core]: Registering material registries
[02:19:00] [Server thread/INFO] [GregTech Core]: Registering GTCEu Materials
[02:19:00] [Server thread/INFO] [GregTech Core]: Registering addon Materials
[02:19:00] [Server thread/WARN] [GregTech]: Material gregtech.material.graphene does not have required property ingot for flag generate_foil!
[02:19:00] [Server thread/WARN] [GregTech]: Material tfg.material.fluix does not have required property gem for flag generate_lens!
[02:19:00] [Server thread/WARN] [GregTech]: Material tfg.material.fluix does not have required property gem for flag crystallizable!
[02:19:00] [Server thread/WARN] [GregTech]: Material tfg.material.charged_certus_quartz does not have required property gem for flag generate_lens!
[02:19:00] [Server thread/WARN] [GregTech]: Material tfg.material.charged_certus_quartz does not have required property gem for flag crystallizable!
[02:19:00] [Server thread/INFO] [GregTech Mod Integration]: Running early CraftTweaker initialization scripts...
[02:19:00] [Server thread/INFO] [GregTech Core]: Registering GTCEu Meta Tile Entities
[02:19:01] [Server thread/INFO] [GregTech]: Registering MetaTileEntities
[02:19:01] [Server thread/ERROR] [GregTech]: Miner Config Replacement block was null, replacing with Cobblestone
[02:19:01] [Server thread/ERROR] [GregTech]: Miner Config Replacement block was null, replacing with Cobblestone
[02:19:01] [Server thread/ERROR] [GregTech]: Miner Config Replacement block was null, replacing with Cobblestone
[02:19:01] [Server thread/ERROR] [GregTech]: Miner Config Replacement block was null, replacing with Cobblestone
[02:19:01] [Server thread/ERROR] [GregTech]: Miner Config Replacement block was null, replacing with Cobblestone
[02:19:01] [Server thread/ERROR] [GregTech]: Miner Config Replacement block was null, replacing with Cobblestone
[02:19:01] [Server thread/ERROR] [GregTech]: Miner Config Replacement block was null, replacing with Cobblestone
[02:19:01] [Server thread/INFO] [GregTech]: Registering KeyBinds
[02:19:02] [Server thread/INFO] [tfc]: Loading or creating TFC config directory
[02:19:02] [Server thread/INFO] [tfcthings]: TFC Things: Starting Pre-Init...
[02:19:03] [Server thread/INFO] [TerraFirmaGreg-Core [ device ]]: Registering
[02:19:03] [Server thread/INFO] [TerraFirmaGreg-Core [ device ]]: Pre-Init start
[02:19:03] [Server thread/INFO] [TerraFirmaGreg-Core [ device ]]: Pre-Init complete
[02:19:03] [Server thread/INFO] [TerraFirmaGreg-Core [ metal ]]: Registering
[02:19:03] [Server thread/INFO] [TerraFirmaGreg-Core [ metal ]]: Pre-Init start
[02:19:03] [Server thread/INFO] [TerraFirmaGreg-Core [ metal ]]: Pre-Init complete
[02:19:03] [Server thread/INFO] [TerraFirmaGreg-Core [ rock ]]: Registering
[02:19:03] [Server thread/INFO] [TerraFirmaGreg-Core [ rock ]]: Pre-Init start
[02:19:03] [Server thread/INFO] [TerraFirmaGreg-Core [ rock ]]: Pre-Init complete
[02:19:03] [Server thread/INFO] [TerraFirmaGreg-Core [ integration ]]: Registering
[02:19:03] [Server thread/INFO] [TerraFirmaGreg-Core [ integration ]]: Pre-Init start
[02:19:03] [Server thread/INFO] [TerraFirmaGreg-Core [ integration ]]: Pre-Init complete
[02:19:03] [Server thread/INFO] [TerraFirmaGreg-Core [ integration ]]: Registering
[02:19:03] [Server thread/INFO] [TerraFirmaGreg-Core [ integration ]]: Pre-Init start
[02:19:03] [Server thread/INFO] [TerraFirmaGreg-Core [ integration ]]: Pre-Init complete
[02:19:03] [Server thread/INFO] [TerraFirmaGreg-Core [ core ]]: Registering
[02:19:03] [Server thread/INFO] [TerraFirmaGreg-Core [ core ]]: Pre-Init start
[02:19:03] [Server thread/INFO] [TerraFirmaGreg-Core [ core ]]: Pre-Init complete
[02:19:03] [Server thread/INFO] [travelersbackpack]: Registered the class com.tiviacz.travelersbackpack.fluids.effects.EffectWater as a FluidEffect for water with the ID 0
[02:19:03] [Server thread/INFO] [travelersbackpack]: Registered the class com.tiviacz.travelersbackpack.fluids.effects.EffectLava as a FluidEffect for lava with the ID 1
[02:19:03] [Server thread/INFO] [travelersbackpack]: Registered the class com.tiviacz.travelersbackpack.fluids.effects.EffectMilk as a FluidEffect for milk with the ID 2
[02:19:03] [Server thread/INFO] [travelersbackpack]: Registered the class com.tiviacz.travelersbackpack.fluids.effects.EffectPotion as a FluidEffect for potion with the ID 3
[02:19:03] [Server thread/INFO] [travelersbackpack]: Starting the Integration Handler.
[02:19:03] [Server thread/INFO] [travelersbackpack]: Didn't find any possible mod integration(s)!
[02:19:03] [Server thread/INFO] [Universal Tweaks]: UTAttributes ::: Successfully altered attribute generic.maxHealth with 0.0 as minimum and 65536.0 as maximum
[02:19:03] [Server thread/INFO] [Universal Tweaks]: UTAttributes ::: Successfully altered attribute generic.followRange with 0.0 as minimum and 65536.0 as maximum
[02:19:03] [Server thread/INFO] [Universal Tweaks]: UTAttributes ::: Successfully altered attribute generic.knockbackResistance with 0.0 as minimum and 65536.0 as maximum
[02:19:03] [Server thread/INFO] [Universal Tweaks]: UTAttributes ::: Successfully altered attribute generic.movementSpeed with 0.0 as minimum and 65536.0 as maximum
[02:19:03] [Server thread/INFO] [Universal Tweaks]: UTAttributes ::: Successfully altered attribute generic.flyingSpeed with 0.0 as minimum and 65536.0 as maximum
[02:19:03] [Server thread/INFO] [Universal Tweaks]: UTAttributes ::: Successfully altered attribute generic.attackDamage with 0.0 as minimum and 65536.0 as maximum
[02:19:03] [Server thread/INFO] [Universal Tweaks]: UTAttributes ::: Successfully altered attribute generic.attackSpeed with 0.0 as minimum and 65536.0 as maximum
[02:19:03] [Server thread/INFO] [Universal Tweaks]: UTAttributes ::: Successfully altered attribute generic.armor with 0.0 as minimum and 65536.0 as maximum
[02:19:03] [Server thread/INFO] [Universal Tweaks]: UTAttributes ::: Successfully altered attribute generic.armorToughness with 0.0 as minimum and 65536.0 as maximum
[02:19:03] [Server thread/INFO] [Universal Tweaks]: UTAttributes ::: Successfully altered attribute generic.luck with -65536.0 as minimum and 65536.0 as maximum
[02:19:03] [Server thread/INFO] [Universal Tweaks]: Universal Tweaks pre-initialized
[02:19:03] [Server thread/INFO] [orelib]: Loading language resources [orelib:en_us]
[02:19:03] [Server thread/INFO] [Chisel]: Loading blocks...
[02:19:03] [Server thread/INFO] [Chisel]: Skipping feature andesite as it was disabled in the config.
[02:19:03] [Server thread/INFO] [Chisel]: Skipping feature arcaneStone as its required mod thaumcraft was missing.
[02:19:03] [Server thread/INFO] [Chisel]: Skipping feature basalt as it was disabled in the config.
[02:19:03] [Server thread/INFO] [Chisel]: Skipping feature bloodMagic as its required mod bloodmagic was missing.
[02:19:03] [Server thread/INFO] [Chisel]: Skipping feature bookshelf as it was disabled in the config.
[02:19:03] [Server thread/INFO] [Chisel]: Skipping feature diorite as it was disabled in the config.
[02:19:03] [Server thread/INFO] [Chisel]: Skipping feature dirt as it was disabled in the config.
[02:19:03] [Server thread/INFO] [Chisel]: Skipping feature granite as it was disabled in the config.
[02:19:03] [Server thread/INFO] [Chisel]: Skipping feature marble as it was disabled in the config.
[02:19:03] [Server thread/INFO] [Chisel]: Skipping feature marblepillar as it was disabled in the config.
[02:19:03] [Server thread/INFO] [Chisel]: Skipping feature sandstone as it was disabled in the config.
[02:19:03] [Server thread/INFO] [Chisel]: Skipping feature sandstoneRed as it was disabled in the config.
[02:19:03] [Server thread/INFO] [Chisel]: Skipping feature sandstoneredScribbles as it was disabled in the config.
[02:19:03] [Server thread/INFO] [Chisel]: 62 Feature's blocks loaded.
[02:19:03] [Server thread/INFO] [Chisel]: Loading Tile Entities...
[02:19:03] [Server thread/INFO] [Chisel]: Tile Entities loaded.
[02:19:03] [Server thread/INFO] [GregTech]: Registering Blocks...
[02:19:03] [Server thread/INFO] [gcym]: Registering blocks...
[02:19:05] [Server thread/INFO] [TerraFirmaGreg-Core [ device ]]: Register BlockEvent start
[02:19:05] [Server thread/INFO] [TerraFirmaGreg-Core [ device ]]: Register BlockEvent complete
[02:19:05] [Server thread/INFO] [TerraFirmaGreg-Core [ metal ]]: Register BlockEvent start
[02:19:05] [Server thread/WARN] [FML]: ****************************************
[02:19:05] [Server thread/WARN] [FML]: * Registry Block: The object Block{tfg:core/debug} has been registered twice for the same name tfg:core/debug.
[02:19:05] [Server thread/WARN] [FML]: *  at net.minecraftforge.registries.ForgeRegistry.add(ForgeRegistry.java:300)
[02:19:05] [Server thread/WARN] [FML]: *  at net.minecraftforge.registries.ForgeRegistry.add(ForgeRegistry.java:281)
[02:19:05] [Server thread/WARN] [FML]: *  at net.minecraftforge.registries.ForgeRegistry.register(ForgeRegistry.java:113)
[02:19:05] [Server thread/WARN] [FML]: *  at su.terrafirmagreg.api.library.collection.RegistrySupplierMap.lambda$register$0(RegistrySupplierMap.java:25)
[02:19:05] [Server thread/WARN] [FML]: *  at java.util.Map.forEach(Map.java:630)
[02:19:05] [Server thread/WARN] [FML]: *  at su.terrafirmagreg.api.library.collection.RegistrySupplierMap.register(RegistrySupplierMap.java:19)...
[02:19:05] [Server thread/WARN] [FML]: ****************************************
[02:19:05] [Server thread/INFO] [TerraFirmaGreg-Core [ metal ]]: Register BlockEvent complete
[02:19:05] [Server thread/INFO] [TerraFirmaGreg-Core [ rock ]]: Register BlockEvent start
[02:19:05] [Server thread/WARN] [FML]: ****************************************
[02:19:05] [Server thread/WARN] [FML]: * Registry Block: The object Block{tfg:core/debug} has been registered twice for the same name tfg:core/debug.
[02:19:05] [Server thread/WARN] [FML]: *  at net.minecraftforge.registries.ForgeRegistry.add(ForgeRegistry.java:300)
[02:19:05] [Server thread/WARN] [FML]: *  at net.minecraftforge.registries.ForgeRegistry.add(ForgeRegistry.java:281)
[02:19:05] [Server thread/WARN] [FML]: *  at net.minecraftforge.registries.ForgeRegistry.register(ForgeRegistry.java:113)
[02:19:05] [Server thread/WARN] [FML]: *  at su.terrafirmagreg.api.library.collection.RegistrySupplierMap.lambda$register$0(RegistrySupplierMap.java:25)
[02:19:05] [Server thread/WARN] [FML]: *  at java.util.Map.forEach(Map.java:630)
[02:19:05] [Server thread/WARN] [FML]: *  at su.terrafirmagreg.api.library.collection.RegistrySupplierMap.register(RegistrySupplierMap.java:19)...
[02:19:05] [Server thread/WARN] [FML]: ****************************************
[02:19:05] [Server thread/INFO] [TerraFirmaGreg-Core [ rock ]]: Register BlockEvent complete
[02:19:05] [Server thread/INFO] [TerraFirmaGreg-Core [ integration ]]: Register BlockEvent start
[02:19:05] [Server thread/WARN] [FML]: ****************************************
[02:19:05] [Server thread/WARN] [FML]: * Registry Block: The object Block{tfg:core/debug} has been registered twice for the same name tfg:core/debug.
[02:19:05] [Server thread/WARN] [FML]: *  at net.minecraftforge.registries.ForgeRegistry.add(ForgeRegistry.java:300)
[02:19:05] [Server thread/WARN] [FML]: *  at net.minecraftforge.registries.ForgeRegistry.add(ForgeRegistry.java:281)
[02:19:05] [Server thread/WARN] [FML]: *  at net.minecraftforge.registries.ForgeRegistry.register(ForgeRegistry.java:113)
[02:19:05] [Server thread/WARN] [FML]: *  at su.terrafirmagreg.api.library.collection.RegistrySupplierMap.lambda$register$0(RegistrySupplierMap.java:25)
[02:19:05] [Server thread/WARN] [FML]: *  at java.util.Map.forEach(Map.java:630)
[02:19:05] [Server thread/WARN] [FML]: *  at su.terrafirmagreg.api.library.collection.RegistrySupplierMap.register(RegistrySupplierMap.java:19)...
[02:19:05] [Server thread/WARN] [FML]: ****************************************
[02:19:05] [Server thread/INFO] [TerraFirmaGreg-Core [ integration ]]: Register BlockEvent complete
[02:19:05] [Server thread/INFO] [TerraFirmaGreg-Core [ integration ]]: Register BlockEvent start
[02:19:05] [Server thread/WARN] [FML]: ****************************************
[02:19:05] [Server thread/WARN] [FML]: * Registry Block: The object Block{tfg:core/debug} has been registered twice for the same name tfg:core/debug.
[02:19:05] [Server thread/WARN] [FML]: *  at net.minecraftforge.registries.ForgeRegistry.add(ForgeRegistry.java:300)
[02:19:05] [Server thread/WARN] [FML]: *  at net.minecraftforge.registries.ForgeRegistry.add(ForgeRegistry.java:281)
[02:19:05] [Server thread/WARN] [FML]: *  at net.minecraftforge.registries.ForgeRegistry.register(ForgeRegistry.java:113)
[02:19:05] [Server thread/WARN] [FML]: *  at su.terrafirmagreg.api.library.collection.RegistrySupplierMap.lambda$register$0(RegistrySupplierMap.java:25)
[02:19:05] [Server thread/WARN] [FML]: *  at java.util.Map.forEach(Map.java:630)
[02:19:05] [Server thread/WARN] [FML]: *  at su.terrafirmagreg.api.library.collection.RegistrySupplierMap.register(RegistrySupplierMap.java:19)...
[02:19:05] [Server thread/WARN] [FML]: ****************************************
[02:19:05] [Server thread/INFO] [TerraFirmaGreg-Core [ integration ]]: Register BlockEvent complete
[02:19:05] [Server thread/INFO] [TerraFirmaGreg-Core [ core ]]: Register BlockEvent start
[02:19:05] [Server thread/WARN] [FML]: ****************************************
[02:19:05] [Server thread/WARN] [FML]: * Registry Block: The object Block{tfg:core/debug} has been registered twice for the same name tfg:core/debug.
[02:19:05] [Server thread/WARN] [FML]: *  at net.minecraftforge.registries.ForgeRegistry.add(ForgeRegistry.java:300)
[02:19:05] [Server thread/WARN] [FML]: *  at net.minecraftforge.registries.ForgeRegistry.add(ForgeRegistry.java:281)
[02:19:05] [Server thread/WARN] [FML]: *  at net.minecraftforge.registries.ForgeRegistry.register(ForgeRegistry.java:113)
[02:19:05] [Server thread/WARN] [FML]: *  at su.terrafirmagreg.api.library.collection.RegistrySupplierMap.lambda$register$0(RegistrySupplierMap.java:25)
[02:19:05] [Server thread/WARN] [FML]: *  at java.util.Map.forEach(Map.java:630)
[02:19:05] [Server thread/WARN] [FML]: *  at su.terrafirmagreg.api.library.collection.RegistrySupplierMap.register(RegistrySupplierMap.java:19)...
[02:19:05] [Server thread/WARN] [FML]: ****************************************
[02:19:05] [Server thread/INFO] [TerraFirmaGreg-Core [ core ]]: Register BlockEvent complete
[02:19:06] [Server thread/INFO] [tfc]: The below warnings about unintended overrides are normal. The override is intended. ;)
[02:19:06] [Server thread/INFO] [FML]: Applying holder lookups
[02:19:06] [Server thread/INFO] [FML]: Holder lookups applied
[02:19:06] [Server thread/INFO] [Chisel]: Loading items...
[02:19:06] [Server thread/INFO] [Chisel]: Skipping feature andesite as it was disabled in the config.
[02:19:06] [Server thread/INFO] [Chisel]: Skipping feature arcaneStone as its required mod thaumcraft was missing.
[02:19:06] [Server thread/INFO] [Chisel]: Skipping feature basalt as it was disabled in the config.
[02:19:06] [Server thread/INFO] [Chisel]: Skipping feature bloodMagic as its required mod bloodmagic was missing.
[02:19:06] [Server thread/INFO] [Chisel]: Skipping feature bookshelf as it was disabled in the config.
[02:19:06] [Server thread/INFO] [Chisel]: Skipping feature diorite as it was disabled in the config.
[02:19:06] [Server thread/INFO] [Chisel]: Skipping feature dirt as it was disabled in the config.
[02:19:06] [Server thread/INFO] [Chisel]: Skipping feature granite as it was disabled in the config.
[02:19:06] [Server thread/INFO] [Chisel]: Skipping feature marble as it was disabled in the config.
[02:19:06] [Server thread/INFO] [Chisel]: Skipping feature marblepillar as it was disabled in the config.
[02:19:06] [Server thread/INFO] [Chisel]: Skipping feature sandstone as it was disabled in the config.
[02:19:06] [Server thread/INFO] [Chisel]: Skipping feature sandstoneRed as it was disabled in the config.
[02:19:06] [Server thread/INFO] [Chisel]: Skipping feature sandstoneredScribbles as it was disabled in the config.
[02:19:06] [Server thread/INFO] [Chisel]: 62 Feature's items loaded.
[02:19:06] [Server thread/INFO] [GregTech]: Registering Items...
[02:19:06] [StellarCore-ItemStackCapInitializer-0/ERROR] [stellar_core]: [StellarCore] ItemStackCapInitializer failed to execute task.
java.lang.ArrayIndexOutOfBoundsException: 39
	at it.unimi.dsi.fastutil.shorts.Short2ObjectLinkedOpenHashMap.get(Short2ObjectLinkedOpenHashMap.java:789) ~[Short2ObjectLinkedOpenHashMap.class:?]
	at gregtech.api.items.metaitem.MetaItem.getItem(MetaItem.java:253) ~[MetaItem.class:?]
	at gregtech.api.items.metaitem.MetaItem.getItem(MetaItem.java:263) ~[MetaItem.class:?]
	at gregtech.api.items.metaitem.MetaItem.initCapabilities(MetaItem.java:274) ~[MetaItem.class:?]
	at net.minecraft.item.ItemStack.stellar_core$initCap(ItemStack.java:1430) ~[aip.class:?]
	at github.kasuminova.stellarcore.common.itemstack.ItemStackCapInitTask.run(ItemStackCapInitTask.java:57) ~[ItemStackCapInitTask.class:?]
	at github.kasuminova.stellarcore.common.itemstack.ItemStackCapInitTask.tryRun(ItemStackCapInitTask.java:43) ~[ItemStackCapInitTask.class:?]
	at github.kasuminova.stellarcore.common.itemstack.ItemStackCapInitializer.run(ItemStackCapInitializer.java:115) [ItemStackCapInitializer.class:?]
	at java.lang.Thread.run(Thread.java:750) [?:1.8.0_492]
[02:19:06] [Server thread/INFO] [gcym]: Registering Items...
[02:19:06] [Server thread/WARN] [FML]: ****************************************
[02:19:06] [Server thread/WARN] [FML]: *  at net.minecraftforge.oredict.OreDictionary.registerOreImpl(OreDictionary.java:665)
[02:19:06] [Server thread/WARN] [FML]: *  at net.minecraftforge.oredict.OreDictionary.registerOre(OreDictionary.java:651)
[02:19:06] [Server thread/WARN] [FML]: *  at net.dries007.tfc.util.OreDictionaryHelper.lambda$init$0(OreDictionaryHelper.java:77)
[02:19:06] [Server thread/WARN] [FML]: *  at com.google.common.collect.AbstractMapBasedMultimap.lambda$null$2(AbstractMapBasedMultimap.java:1279)
[02:19:06] [Server thread/WARN] [FML]: *  at java.lang.Iterable.forEach(Iterable.java:75)
[02:19:06] [Server thread/WARN] [FML]: *  at com.google.common.collect.AbstractMapBasedMultimap.lambda$forEach$3(AbstractMapBasedMultimap.java:1279)...
[02:19:06] [Server thread/WARN] [FML]: ****************************************
[02:19:06] [Server thread/WARN] [FML]: ****************************************
[02:19:06] [Server thread/WARN] [FML]: *  at net.minecraftforge.oredict.OreDictionary.registerOreImpl(OreDictionary.java:665)
[02:19:06] [Server thread/WARN] [FML]: *  at net.minecraftforge.oredict.OreDictionary.registerOre(OreDictionary.java:651)
[02:19:06] [Server thread/WARN] [FML]: *  at net.dries007.tfc.util.OreDictionaryHelper.lambda$init$0(OreDictionaryHelper.java:77)
[02:19:06] [Server thread/WARN] [FML]: *  at com.google.common.collect.AbstractMapBasedMultimap.lambda$null$2(AbstractMapBasedMultimap.java:1279)
[02:19:06] [Server thread/WARN] [FML]: *  at java.lang.Iterable.forEach(Iterable.java:75)
[02:19:06] [Server thread/WARN] [FML]: *  at com.google.common.collect.AbstractMapBasedMultimap.lambda$forEach$3(AbstractMapBasedMultimap.java:1279)...
[02:19:06] [Server thread/WARN] [FML]: ****************************************
[02:19:06] [Server thread/WARN] [FML]: ****************************************
[02:19:06] [Server thread/WARN] [FML]: *  at net.minecraftforge.oredict.OreDictionary.registerOreImpl(OreDictionary.java:665)
[02:19:06] [Server thread/WARN] [FML]: *  at net.minecraftforge.oredict.OreDictionary.registerOre(OreDictionary.java:651)
[02:19:06] [Server thread/WARN] [FML]: *  at net.dries007.tfc.util.OreDictionaryHelper.lambda$init$0(OreDictionaryHelper.java:77)
[02:19:06] [Server thread/WARN] [FML]: *  at com.google.common.collect.AbstractMapBasedMultimap.lambda$null$2(AbstractMapBasedMultimap.java:1279)
[02:19:06] [Server thread/WARN] [FML]: *  at java.lang.Iterable.forEach(Iterable.java:75)
[02:19:06] [Server thread/WARN] [FML]: *  at com.google.common.collect.AbstractMapBasedMultimap.lambda$forEach$3(AbstractMapBasedMultimap.java:1279)...
[02:19:06] [Server thread/WARN] [FML]: ****************************************
[02:19:06] [Server thread/WARN] [FML]: ****************************************
[02:19:06] [Server thread/WARN] [FML]: *  at net.minecraftforge.oredict.OreDictionary.registerOreImpl(OreDictionary.java:665)
[02:19:06] [Server thread/WARN] [FML]: *  at net.minecraftforge.oredict.OreDictionary.registerOre(OreDictionary.java:651)
[02:19:06] [Server thread/WARN] [FML]: *  at net.dries007.tfc.util.OreDictionaryHelper.lambda$init$0(OreDictionaryHelper.java:77)
[02:19:06] [Server thread/WARN] [FML]: *  at com.google.common.collect.AbstractMapBasedMultimap.lambda$null$2(AbstractMapBasedMultimap.java:1279)
[02:19:06] [Server thread/WARN] [FML]: *  at java.lang.Iterable.forEach(Iterable.java:75)
[02:19:06] [Server thread/WARN] [FML]: *  at com.google.common.collect.AbstractMapBasedMultimap.lambda$forEach$3(AbstractMapBasedMultimap.java:1279)...
[02:19:06] [Server thread/WARN] [FML]: ****************************************
[02:19:06] [Server thread/WARN] [FML]: ****************************************
[02:19:06] [Server thread/WARN] [FML]: *  at net.minecraftforge.oredict.OreDictionary.registerOreImpl(OreDictionary.java:665)
[02:19:06] [Server thread/WARN] [FML]: *  at net.minecraftforge.oredict.OreDictionary.registerOre(OreDictionary.java:651)
[02:19:06] [Server thread/WARN] [FML]: *  at net.dries007.tfc.util.OreDictionaryHelper.lambda$init$0(OreDictionaryHelper.java:77)
[02:19:06] [Server thread/WARN] [FML]: *  at com.google.common.collect.AbstractMapBasedMultimap.lambda$null$2(AbstractMapBasedMultimap.java:1279)
[02:19:06] [Server thread/WARN] [FML]: *  at java.lang.Iterable.forEach(Iterable.java:75)
[02:19:06] [Server thread/WARN] [FML]: *  at com.google.common.collect.AbstractMapBasedMultimap.lambda$forEach$3(AbstractMapBasedMultimap.java:1279)...
[02:19:06] [Server thread/WARN] [FML]: ****************************************
[02:19:06] [Server thread/WARN] [FML]: ****************************************
[02:19:06] [Server thread/WARN] [FML]: *  at net.minecraftforge.oredict.OreDictionary.registerOreImpl(OreDictionary.java:665)
[02:19:06] [Server thread/WARN] [FML]: *  at net.minecraftforge.oredict.OreDictionary.registerOre(OreDictionary.java:651)
[02:19:06] [Server thread/WARN] [FML]: *  at net.dries007.tfc.util.OreDictionaryHelper.lambda$init$0(OreDictionaryHelper.java:77)
[02:19:06] [Server thread/WARN] [FML]: *  at com.google.common.collect.AbstractMapBasedMultimap.lambda$null$2(AbstractMapBasedMultimap.java:1279)
[02:19:06] [Server thread/WARN] [FML]: *  at java.lang.Iterable.forEach(Iterable.java:75)
[02:19:06] [Server thread/WARN] [FML]: *  at com.google.common.collect.AbstractMapBasedMultimap.lambda$forEach$3(AbstractMapBasedMultimap.java:1279)...
[02:19:06] [Server thread/WARN] [FML]: ****************************************
[02:19:06] [Server thread/WARN] [FML]: ****************************************
[02:19:06] [Server thread/WARN] [FML]: *  at net.minecraftforge.oredict.OreDictionary.registerOreImpl(OreDictionary.java:665)
[02:19:06] [Server thread/WARN] [FML]: *  at net.minecraftforge.oredict.OreDictionary.registerOre(OreDictionary.java:651)
[02:19:06] [Server thread/WARN] [FML]: *  at net.dries007.tfc.util.OreDictionaryHelper.lambda$init$0(OreDictionaryHelper.java:77)
[02:19:06] [Server thread/WARN] [FML]: *  at com.google.common.collect.AbstractMapBasedMultimap.lambda$null$2(AbstractMapBasedMultimap.java:1279)
[02:19:06] [Server thread/WARN] [FML]: *  at java.lang.Iterable.forEach(Iterable.java:75)
[02:19:06] [Server thread/WARN] [FML]: *  at com.google.common.collect.AbstractMapBasedMultimap.lambda$forEach$3(AbstractMapBasedMultimap.java:1279)...
[02:19:06] [Server thread/WARN] [FML]: ****************************************
[02:19:06] [Server thread/WARN] [FML]: ****************************************
[02:19:06] [Server thread/WARN] [FML]: *  at net.minecraftforge.oredict.OreDictionary.registerOreImpl(OreDictionary.java:665)
[02:19:06] [Server thread/WARN] [FML]: *  at net.minecraftforge.oredict.OreDictionary.registerOre(OreDictionary.java:651)
[02:19:06] [Server thread/WARN] [FML]: *  at net.dries007.tfc.util.OreDictionaryHelper.lambda$init$0(OreDictionaryHelper.java:77)
[02:19:06] [Server thread/WARN] [FML]: *  at com.google.common.collect.AbstractMapBasedMultimap.lambda$null$2(AbstractMapBasedMultimap.java:1279)
[02:19:06] [Server thread/WARN] [FML]: *  at java.lang.Iterable.forEach(Iterable.java:75)
[02:19:06] [Server thread/WARN] [FML]: *  at com.google.common.collect.AbstractMapBasedMultimap.lambda$forEach$3(AbstractMapBasedMultimap.java:1279)...
[02:19:06] [Server thread/WARN] [FML]: ****************************************
[02:19:06] [Server thread/WARN] [FML]: ****************************************
[02:19:06] [Server thread/WARN] [FML]: *  at net.minecraftforge.oredict.OreDictionary.registerOreImpl(OreDictionary.java:665)
[02:19:06] [Server thread/WARN] [FML]: *  at net.minecraftforge.oredict.OreDictionary.registerOre(OreDictionary.java:651)
[02:19:06] [Server thread/WARN] [FML]: *  at net.dries007.tfc.util.OreDictionaryHelper.lambda$init$0(OreDictionaryHelper.java:77)
[02:19:06] [Server thread/WARN] [FML]: *  at com.google.common.collect.AbstractMapBasedMultimap.lambda$null$2(AbstractMapBasedMultimap.java:1279)
[02:19:06] [Server thread/WARN] [FML]: *  at java.lang.Iterable.forEach(Iterable.java:75)
[02:19:06] [Server thread/WARN] [FML]: *  at com.google.common.collect.AbstractMapBasedMultimap.lambda$forEach$3(AbstractMapBasedMultimap.java:1279)...
[02:19:06] [Server thread/WARN] [FML]: ****************************************
[02:19:06] [Server thread/WARN] [FML]: ****************************************
[02:19:06] [Server thread/WARN] [FML]: *  at net.minecraftforge.oredict.OreDictionary.registerOreImpl(OreDictionary.java:665)
[02:19:06] [Server thread/WARN] [FML]: *  at net.minecraftforge.oredict.OreDictionary.registerOre(OreDictionary.java:651)
[02:19:06] [Server thread/WARN] [FML]: *  at net.dries007.tfc.util.OreDictionaryHelper.lambda$init$0(OreDictionaryHelper.java:77)
[02:19:06] [Server thread/WARN] [FML]: *  at com.google.common.collect.AbstractMapBasedMultimap.lambda$null$2(AbstractMapBasedMultimap.java:1279)
[02:19:06] [Server thread/WARN] [FML]: *  at java.lang.Iterable.forEach(Iterable.java:75)
[02:19:06] [Server thread/WARN] [FML]: *  at com.google.common.collect.AbstractMapBasedMultimap.lambda$forEach$3(AbstractMapBasedMultimap.java:1279)...
[02:19:06] [Server thread/WARN] [FML]: ****************************************
[02:19:06] [Server thread/WARN] [FML]: ****************************************
[02:19:06] [Server thread/WARN] [FML]: *  at net.minecraftforge.oredict.OreDictionary.registerOreImpl(OreDictionary.java:665)
[02:19:06] [Server thread/WARN] [FML]: *  at net.minecraftforge.oredict.OreDictionary.registerOre(OreDictionary.java:651)
[02:19:06] [Server thread/WARN] [FML]: *  at net.dries007.tfc.util.OreDictionaryHelper.lambda$init$0(OreDictionaryHelper.java:77)
[02:19:06] [Server thread/WARN] [FML]: *  at com.google.common.collect.AbstractMapBasedMultimap.lambda$null$2(AbstractMapBasedMultimap.java:1279)
[02:19:06] [Server thread/WARN] [FML]: *  at java.lang.Iterable.forEach(Iterable.java:75)
[02:19:06] [Server thread/WARN] [FML]: *  at com.google.common.collect.AbstractMapBasedMultimap.lambda$forEach$3(AbstractMapBasedMultimap.java:1279)...
[02:19:06] [Server thread/WARN] [FML]: ****************************************
[02:19:06] [Server thread/WARN] [FML]: ****************************************
[02:19:06] [Server thread/WARN] [FML]: *  at net.minecraftforge.oredict.OreDictionary.registerOreImpl(OreDictionary.java:665)
[02:19:06] [Server thread/WARN] [FML]: *  at net.minecraftforge.oredict.OreDictionary.registerOre(OreDictionary.java:651)
[02:19:06] [Server thread/WARN] [FML]: *  at net.dries007.tfc.util.OreDictionaryHelper.lambda$init$0(OreDictionaryHelper.java:77)
[02:19:06] [Server thread/WARN] [FML]: *  at com.google.common.collect.AbstractMapBasedMultimap.lambda$null$2(AbstractMapBasedMultimap.java:1279)
[02:19:06] [Server thread/WARN] [FML]: *  at java.lang.Iterable.forEach(Iterable.java:75)
[02:19:06] [Server thread/WARN] [FML]: *  at com.google.common.collect.AbstractMapBasedMultimap.lambda$forEach$3(AbstractMapBasedMultimap.java:1279)...
[02:19:06] [Server thread/WARN] [FML]: ****************************************
[02:19:06] [Server thread/WARN] [FML]: ****************************************
[02:19:06] [Server thread/WARN] [FML]: *  at net.minecraftforge.oredict.OreDictionary.registerOreImpl(OreDictionary.java:665)
[02:19:06] [Server thread/WARN] [FML]: *  at net.minecraftforge.oredict.OreDictionary.registerOre(OreDictionary.java:651)
[02:19:06] [Server thread/WARN] [FML]: *  at net.dries007.tfc.util.OreDictionaryHelper.lambda$init$0(OreDictionaryHelper.java:77)
[02:19:06] [Server thread/WARN] [FML]: *  at com.google.common.collect.AbstractMapBasedMultimap.lambda$null$2(AbstractMapBasedMultimap.java:1279)
[02:19:06] [Server thread/WARN] [FML]: *  at java.lang.Iterable.forEach(Iterable.java:75)
[02:19:06] [Server thread/WARN] [FML]: *  at com.google.common.collect.AbstractMapBasedMultimap.lambda$forEach$3(AbstractMapBasedMultimap.java:1279)...
[02:19:06] [Server thread/WARN] [FML]: ****************************************
[02:19:06] [Server thread/WARN] [FML]: ****************************************
[02:19:06] [Server thread/WARN] [FML]: *  at net.minecraftforge.oredict.OreDictionary.registerOreImpl(OreDictionary.java:665)
[02:19:06] [Server thread/WARN] [FML]: *  at net.minecraftforge.oredict.OreDictionary.registerOre(OreDictionary.java:651)
[02:19:06] [Server thread/WARN] [FML]: *  at net.dries007.tfc.util.OreDictionaryHelper.lambda$init$0(OreDictionaryHelper.java:77)
[02:19:06] [Server thread/WARN] [FML]: *  at com.google.common.collect.AbstractMapBasedMultimap.lambda$null$2(AbstractMapBasedMultimap.java:1279)
[02:19:06] [Server thread/WARN] [FML]: *  at java.lang.Iterable.forEach(Iterable.java:75)
[02:19:06] [Server thread/WARN] [FML]: *  at com.google.common.collect.AbstractMapBasedMultimap.lambda$forEach$3(AbstractMapBasedMultimap.java:1279)...
[02:19:06] [Server thread/WARN] [FML]: ****************************************
[02:19:06] [Server thread/WARN] [FML]: ****************************************
[02:19:06] [Server thread/WARN] [FML]: *  at net.minecraftforge.oredict.OreDictionary.registerOreImpl(OreDictionary.java:665)
[02:19:06] [Server thread/WARN] [FML]: *  at net.minecraftforge.oredict.OreDictionary.registerOre(OreDictionary.java:651)
[02:19:06] [Server thread/WARN] [FML]: *  at net.dries007.tfc.util.OreDictionaryHelper.lambda$init$0(OreDictionaryHelper.java:77)
[02:19:06] [Server thread/WARN] [FML]: *  at com.google.common.collect.AbstractMapBasedMultimap.lambda$null$2(AbstractMapBasedMultimap.java:1279)
[02:19:06] [Server thread/WARN] [FML]: *  at java.lang.Iterable.forEach(Iterable.java:75)
[02:19:06] [Server thread/WARN] [FML]: *  at com.google.common.collect.AbstractMapBasedMultimap.lambda$forEach$3(AbstractMapBasedMultimap.java:1279)...
[02:19:06] [Server thread/WARN] [FML]: ****************************************
[02:19:06] [Server thread/WARN] [FML]: ****************************************
[02:19:06] [Server thread/WARN] [FML]: *  at net.minecraftforge.oredict.OreDictionary.registerOreImpl(OreDictionary.java:665)
[02:19:06] [Server thread/WARN] [FML]: *  at net.minecraftforge.oredict.OreDictionary.registerOre(OreDictionary.java:651)
[02:19:06] [Server thread/WARN] [FML]: *  at net.dries007.tfc.util.OreDictionaryHelper.lambda$init$0(OreDictionaryHelper.java:77)
[02:19:06] [Server thread/WARN] [FML]: *  at com.google.common.collect.AbstractMapBasedMultimap.lambda$null$2(AbstractMapBasedMultimap.java:1279)
[02:19:06] [Server thread/WARN] [FML]: *  at java.lang.Iterable.forEach(Iterable.java:75)
[02:19:06] [Server thread/WARN] [FML]: *  at com.google.common.collect.AbstractMapBasedMultimap.lambda$forEach$3(AbstractMapBasedMultimap.java:1279)...
[02:19:06] [Server thread/WARN] [FML]: ****************************************
[02:19:06] [Server thread/WARN] [FML]: ****************************************
[02:19:06] [Server thread/WARN] [FML]: *  at net.minecraftforge.oredict.OreDictionary.registerOreImpl(OreDictionary.java:665)
[02:19:06] [Server thread/WARN] [FML]: *  at net.minecraftforge.oredict.OreDictionary.registerOre(OreDictionary.java:651)
[02:19:06] [Server thread/WARN] [FML]: *  at net.dries007.tfc.util.OreDictionaryHelper.lambda$init$0(OreDictionaryHelper.java:77)
[02:19:06] [Server thread/WARN] [FML]: *  at com.google.common.collect.AbstractMapBasedMultimap.lambda$null$2(AbstractMapBasedMultimap.java:1279)
[02:19:06] [Server thread/WARN] [FML]: *  at java.lang.Iterable.forEach(Iterable.java:75)
[02:19:06] [Server thread/WARN] [FML]: *  at com.google.common.collect.AbstractMapBasedMultimap.lambda$forEach$3(AbstractMapBasedMultimap.java:1279)...
[02:19:06] [Server thread/WARN] [FML]: ****************************************
[02:19:06] [Server thread/WARN] [FML]: ****************************************
[02:19:06] [Server thread/WARN] [FML]: *  at net.minecraftforge.oredict.OreDictionary.registerOreImpl(OreDictionary.java:665)
[02:19:06] [Server thread/WARN] [FML]: *  at net.minecraftforge.oredict.OreDictionary.registerOre(OreDictionary.java:651)
[02:19:06] [Server thread/WARN] [FML]: *  at net.dries007.tfc.util.OreDictionaryHelper.lambda$init$0(OreDictionaryHelper.java:77)
[02:19:06] [Server thread/WARN] [FML]: *  at com.google.common.collect.AbstractMapBasedMultimap.lambda$null$2(AbstractMapBasedMultimap.java:1279)
[02:19:06] [Server thread/WARN] [FML]: *  at java.lang.Iterable.forEach(Iterable.java:75)
[02:19:06] [Server thread/WARN] [FML]: *  at com.google.common.collect.AbstractMapBasedMultimap.lambda$forEach$3(AbstractMapBasedMultimap.java:1279)...
[02:19:06] [Server thread/WARN] [FML]: ****************************************
[02:19:06] [Server thread/WARN] [FML]: ****************************************
[02:19:06] [Server thread/WARN] [FML]: *  at net.minecraftforge.oredict.OreDictionary.registerOreImpl(OreDictionary.java:665)
[02:19:06] [Server thread/WARN] [FML]: *  at net.minecraftforge.oredict.OreDictionary.registerOre(OreDictionary.java:651)
[02:19:06] [Server thread/WARN] [FML]: *  at net.dries007.tfc.util.OreDictionaryHelper.lambda$init$0(OreDictionaryHelper.java:77)
[02:19:06] [Server thread/WARN] [FML]: *  at com.google.common.collect.AbstractMapBasedMultimap.lambda$null$2(AbstractMapBasedMultimap.java:1279)
[02:19:06] [Server thread/WARN] [FML]: *  at java.lang.Iterable.forEach(Iterable.java:75)
[02:19:06] [Server thread/WARN] [FML]: *  at com.google.common.collect.AbstractMapBasedMultimap.lambda$forEach$3(AbstractMapBasedMultimap.java:1279)...
[02:19:06] [Server thread/WARN] [FML]: ****************************************
[02:19:06] [Server thread/WARN] [FML]: ****************************************
[02:19:06] [Server thread/WARN] [FML]: *  at net.minecraftforge.oredict.OreDictionary.registerOreImpl(OreDictionary.java:665)
[02:19:06] [Server thread/WARN] [FML]: *  at net.minecraftforge.oredict.OreDictionary.registerOre(OreDictionary.java:651)
[02:19:06] [Server thread/WARN] [FML]: *  at net.dries007.tfc.util.OreDictionaryHelper.lambda$init$0(OreDictionaryHelper.java:77)
[02:19:06] [Server thread/WARN] [FML]: *  at com.google.common.collect.AbstractMapBasedMultimap.lambda$null$2(AbstractMapBasedMultimap.java:1279)
[02:19:06] [Server thread/WARN] [FML]: *  at java.lang.Iterable.forEach(Iterable.java:75)
[02:19:06] [Server thread/WARN] [FML]: *  at com.google.common.collect.AbstractMapBasedMultimap.lambda$forEach$3(AbstractMapBasedMultimap.java:1279)...
[02:19:06] [Server thread/WARN] [FML]: ****************************************
[02:19:06] [Server thread/WARN] [FML]: ****************************************
[02:19:06] [Server thread/WARN] [FML]: *  at net.minecraftforge.oredict.OreDictionary.registerOreImpl(OreDictionary.java:665)
[02:19:06] [Server thread/WARN] [FML]: *  at net.minecraftforge.oredict.OreDictionary.registerOre(OreDictionary.java:651)
[02:19:06] [Server thread/WARN] [FML]: *  at net.dries007.tfc.util.OreDictionaryHelper.lambda$init$0(OreDictionaryHelper.java:77)
[02:19:06] [Server thread/WARN] [FML]: *  at com.google.common.collect.AbstractMapBasedMultimap.lambda$null$2(AbstractMapBasedMultimap.java:1279)
[02:19:06] [Server thread/WARN] [FML]: *  at java.lang.Iterable.forEach(Iterable.java:75)
[02:19:06] [Server thread/WARN] [FML]: *  at com.google.common.collect.AbstractMapBasedMultimap.lambda$forEach$3(AbstractMapBasedMultimap.java:1279)...
[02:19:06] [Server thread/WARN] [FML]: ****************************************
[02:19:06] [Server thread/WARN] [FML]: ****************************************
[02:19:06] [Server thread/WARN] [FML]: *  at net.minecraftforge.oredict.OreDictionary.registerOreImpl(OreDictionary.java:665)
[02:19:06] [Server thread/WARN] [FML]: *  at net.minecraftforge.oredict.OreDictionary.registerOre(OreDictionary.java:651)
[02:19:06] [Server thread/WARN] [FML]: *  at net.dries007.tfc.util.OreDictionaryHelper.lambda$init$0(OreDictionaryHelper.java:77)
[02:19:06] [Server thread/WARN] [FML]: *  at com.google.common.collect.AbstractMapBasedMultimap.lambda$null$2(AbstractMapBasedMultimap.java:1279)
[02:19:06] [Server thread/WARN] [FML]: *  at java.lang.Iterable.forEach(Iterable.java:75)
[02:19:06] [Server thread/WARN] [FML]: *  at com.google.common.collect.AbstractMapBasedMultimap.lambda$forEach$3(AbstractMapBasedMultimap.java:1279)...
[02:19:06] [Server thread/WARN] [FML]: ****************************************
[02:19:06] [Server thread/WARN] [FML]: ****************************************
[02:19:06] [Server thread/WARN] [FML]: *  at net.minecraftforge.oredict.OreDictionary.registerOreImpl(OreDictionary.java:665)
[02:19:06] [Server thread/WARN] [FML]: *  at net.minecraftforge.oredict.OreDictionary.registerOre(OreDictionary.java:651)
[02:19:06] [Server thread/WARN] [FML]: *  at net.dries007.tfc.util.OreDictionaryHelper.lambda$init$0(OreDictionaryHelper.java:77)
[02:19:06] [Server thread/WARN] [FML]: *  at com.google.common.collect.AbstractMapBasedMultimap.lambda$null$2(AbstractMapBasedMultimap.java:1279)
[02:19:06] [Server thread/WARN] [FML]: *  at java.lang.Iterable.forEach(Iterable.java:75)
[02:19:06] [Server thread/WARN] [FML]: *  at com.google.common.collect.AbstractMapBasedMultimap.lambda$forEach$3(AbstractMapBasedMultimap.java:1279)...
[02:19:06] [Server thread/WARN] [FML]: ****************************************
[02:19:06] [Server thread/WARN] [FML]: ****************************************
[02:19:06] [Server thread/WARN] [FML]: *  at net.minecraftforge.oredict.OreDictionary.registerOreImpl(OreDictionary.java:665)
[02:19:06] [Server thread/WARN] [FML]: *  at net.minecraftforge.oredict.OreDictionary.registerOre(OreDictionary.java:651)
[02:19:06] [Server thread/WARN] [FML]: *  at net.dries007.tfc.util.OreDictionaryHelper.lambda$init$0(OreDictionaryHelper.java:77)
[02:19:06] [Server thread/WARN] [FML]: *  at com.google.common.collect.AbstractMapBasedMultimap.lambda$null$2(AbstractMapBasedMultimap.java:1279)
[02:19:06] [Server thread/WARN] [FML]: *  at java.lang.Iterable.forEach(Iterable.java:75)
[02:19:06] [Server thread/WARN] [FML]: *  at com.google.common.collect.AbstractMapBasedMultimap.lambda$forEach$3(AbstractMapBasedMultimap.java:1279)...
[02:19:06] [Server thread/WARN] [FML]: ****************************************
[02:19:06] [Server thread/WARN] [FML]: ****************************************
[02:19:06] [Server thread/WARN] [FML]: *  at net.minecraftforge.oredict.OreDictionary.registerOreImpl(OreDictionary.java:665)
[02:19:06] [Server thread/WARN] [FML]: *  at net.minecraftforge.oredict.OreDictionary.registerOre(OreDictionary.java:651)
[02:19:06] [Server thread/WARN] [FML]: *  at net.dries007.tfc.util.OreDictionaryHelper.lambda$init$0(OreDictionaryHelper.java:77)
[02:19:06] [Server thread/WARN] [FML]: *  at com.google.common.collect.AbstractMapBasedMultimap.lambda$null$2(AbstractMapBasedMultimap.java:1279)
[02:19:06] [Server thread/WARN] [FML]: *  at java.lang.Iterable.forEach(Iterable.java:75)
[02:19:06] [Server thread/WARN] [FML]: *  at com.google.common.collect.AbstractMapBasedMultimap.lambda$forEach$3(AbstractMapBasedMultimap.java:1279)...
[02:19:06] [Server thread/WARN] [FML]: ****************************************
[02:19:06] [Server thread/WARN] [FML]: ****************************************
[02:19:06] [Server thread/WARN] [FML]: *  at net.minecraftforge.oredict.OreDictionary.registerOreImpl(OreDictionary.java:665)
[02:19:06] [Server thread/WARN] [FML]: *  at net.minecraftforge.oredict.OreDictionary.registerOre(OreDictionary.java:651)
[02:19:06] [Server thread/WARN] [FML]: *  at net.dries007.tfc.util.OreDictionaryHelper.lambda$init$0(OreDictionaryHelper.java:77)
[02:19:06] [Server thread/WARN] [FML]: *  at com.google.common.collect.AbstractMapBasedMultimap.lambda$null$2(AbstractMapBasedMultimap.java:1279)
[02:19:06] [Server thread/WARN] [FML]: *  at java.lang.Iterable.forEach(Iterable.java:75)
[02:19:06] [Server thread/WARN] [FML]: *  at com.google.common.collect.AbstractMapBasedMultimap.lambda$forEach$3(AbstractMapBasedMultimap.java:1279)...
[02:19:06] [Server thread/WARN] [FML]: ****************************************
[02:19:06] [Server thread/WARN] [FML]: ****************************************
[02:19:06] [Server thread/WARN] [FML]: *  at net.minecraftforge.oredict.OreDictionary.registerOreImpl(OreDictionary.java:665)
[02:19:06] [Server thread/WARN] [FML]: *  at net.minecraftforge.oredict.OreDictionary.registerOre(OreDictionary.java:651)
[02:19:06] [Server thread/WARN] [FML]: *  at net.dries007.tfc.util.OreDictionaryHelper.lambda$init$0(OreDictionaryHelper.java:77)
[02:19:06] [Server thread/WARN] [FML]: *  at com.google.common.collect.AbstractMapBasedMultimap.lambda$null$2(AbstractMapBasedMultimap.java:1279)
[02:19:06] [Server thread/WARN] [FML]: *  at java.lang.Iterable.forEach(Iterable.java:75)
[02:19:06] [Server thread/WARN] [FML]: *  at com.google.common.collect.AbstractMapBasedMultimap.lambda$forEach$3(AbstractMapBasedMultimap.java:1279)...
[02:19:06] [Server thread/WARN] [FML]: ****************************************
[02:19:06] [Server thread/WARN] [FML]: ****************************************
[02:19:06] [Server thread/WARN] [FML]: *  at net.minecraftforge.oredict.OreDictionary.registerOreImpl(OreDictionary.java:665)
[02:19:06] [Server thread/WARN] [FML]: *  at net.minecraftforge.oredict.OreDictionary.registerOre(OreDictionary.java:651)
[02:19:06] [Server thread/WARN] [FML]: *  at net.dries007.tfc.util.OreDictionaryHelper.lambda$init$0(OreDictionaryHelper.java:77)
[02:19:06] [Server thread/WARN] [FML]: *  at com.google.common.collect.AbstractMapBasedMultimap.lambda$null$2(AbstractMapBasedMultimap.java:1279)
[02:19:06] [Server thread/WARN] [FML]: *  at java.lang.Iterable.forEach(Iterable.java:75)
[02:19:06] [Server thread/WARN] [FML]: *  at com.google.common.collect.AbstractMapBasedMultimap.lambda$forEach$3(AbstractMapBasedMultimap.java:1279)...
[02:19:06] [Server thread/WARN] [FML]: ****************************************
[02:19:06] [Server thread/WARN] [FML]: ****************************************
[02:19:06] [Server thread/WARN] [FML]: *  at net.minecraftforge.oredict.OreDictionary.registerOreImpl(OreDictionary.java:665)
[02:19:06] [Server thread/WARN] [FML]: *  at net.minecraftforge.oredict.OreDictionary.registerOre(OreDictionary.java:651)
[02:19:06] [Server thread/WARN] [FML]: *  at net.dries007.tfc.util.OreDictionaryHelper.lambda$init$0(OreDictionaryHelper.java:77)
[02:19:06] [Server thread/WARN] [FML]: *  at com.google.common.collect.AbstractMapBasedMultimap.lambda$null$2(AbstractMapBasedMultimap.java:1279)
[02:19:06] [Server thread/WARN] [FML]: *  at java.lang.Iterable.forEach(Iterable.java:75)
[02:19:06] [Server thread/WARN] [FML]: *  at com.google.common.collect.AbstractMapBasedMultimap.lambda$forEach$3(AbstractMapBasedMultimap.java:1279)...
[02:19:06] [Server thread/WARN] [FML]: ****************************************
[02:19:06] [Server thread/WARN] [FML]: ****************************************
[02:19:06] [Server thread/WARN] [FML]: *  at net.minecraftforge.oredict.OreDictionary.registerOreImpl(OreDictionary.java:665)
[02:19:06] [Server thread/WARN] [FML]: *  at net.minecraftforge.oredict.OreDictionary.registerOre(OreDictionary.java:651)
[02:19:06] [Server thread/WARN] [FML]: *  at net.dries007.tfc.util.OreDictionaryHelper.lambda$init$0(OreDictionaryHelper.java:77)
[02:19:06] [Server thread/WARN] [FML]: *  at com.google.common.collect.AbstractMapBasedMultimap.lambda$null$2(AbstractMapBasedMultimap.java:1279)
[02:19:06] [Server thread/WARN] [FML]: *  at java.lang.Iterable.forEach(Iterable.java:75)
[02:19:06] [Server thread/WARN] [FML]: *  at com.google.common.collect.AbstractMapBasedMultimap.lambda$forEach$3(AbstractMapBasedMultimap.java:1279)...
[02:19:06] [Server thread/WARN] [FML]: ****************************************
[02:19:06] [Server thread/WARN] [FML]: ****************************************
[02:19:06] [Server thread/WARN] [FML]: *  at net.minecraftforge.oredict.OreDictionary.registerOreImpl(OreDictionary.java:665)
[02:19:06] [Server thread/WARN] [FML]: *  at net.minecraftforge.oredict.OreDictionary.registerOre(OreDictionary.java:651)
[02:19:06] [Server thread/WARN] [FML]: *  at net.dries007.tfc.util.OreDictionaryHelper.lambda$init$0(OreDictionaryHelper.java:77)
[02:19:06] [Server thread/WARN] [FML]: *  at com.google.common.collect.AbstractMapBasedMultimap.lambda$null$2(AbstractMapBasedMultimap.java:1279)
[02:19:06] [Server thread/WARN] [FML]: *  at java.lang.Iterable.forEach(Iterable.java:75)
[02:19:06] [Server thread/WARN] [FML]: *  at com.google.common.collect.AbstractMapBasedMultimap.lambda$forEach$3(AbstractMapBasedMultimap.java:1279)...
[02:19:06] [Server thread/WARN] [FML]: ****************************************
[02:19:06] [Server thread/WARN] [FML]: ****************************************
[02:19:06] [Server thread/WARN] [FML]: *  at net.minecraftforge.oredict.OreDictionary.registerOreImpl(OreDictionary.java:665)
[02:19:06] [Server thread/WARN] [FML]: *  at net.minecraftforge.oredict.OreDictionary.registerOre(OreDictionary.java:651)
[02:19:06] [Server thread/WARN] [FML]: *  at net.dries007.tfc.util.OreDictionaryHelper.lambda$init$0(OreDictionaryHelper.java:77)
[02:19:06] [Server thread/WARN] [FML]: *  at com.google.common.collect.AbstractMapBasedMultimap.lambda$null$2(AbstractMapBasedMultimap.java:1279)
[02:19:06] [Server thread/WARN] [FML]: *  at java.lang.Iterable.forEach(Iterable.java:75)
[02:19:06] [Server thread/WARN] [FML]: *  at com.google.common.collect.AbstractMapBasedMultimap.lambda$forEach$3(AbstractMapBasedMultimap.java:1279)...
[02:19:06] [Server thread/WARN] [FML]: ****************************************
[02:19:06] [Server thread/WARN] [FML]: ****************************************
[02:19:06] [Server thread/WARN] [FML]: *  at net.minecraftforge.oredict.OreDictionary.registerOreImpl(OreDictionary.java:665)
[02:19:06] [Server thread/WARN] [FML]: *  at net.minecraftforge.oredict.OreDictionary.registerOre(OreDictionary.java:651)
[02:19:06] [Server thread/WARN] [FML]: *  at net.dries007.tfc.util.OreDictionaryHelper.lambda$init$0(OreDictionaryHelper.java:77)
[02:19:06] [Server thread/WARN] [FML]: *  at com.google.common.collect.AbstractMapBasedMultimap.lambda$null$2(AbstractMapBasedMultimap.java:1279)
[02:19:06] [Server thread/WARN] [FML]: *  at java.lang.Iterable.forEach(Iterable.java:75)
[02:19:06] [Server thread/WARN] [FML]: *  at com.google.common.collect.AbstractMapBasedMultimap.lambda$forEach$3(AbstractMapBasedMultimap.java:1279)...
[02:19:06] [Server thread/WARN] [FML]: ****************************************
[02:19:06] [Server thread/WARN] [FML]: ****************************************
[02:19:06] [Server thread/WARN] [FML]: *  at net.minecraftforge.oredict.OreDictionary.registerOreImpl(OreDictionary.java:665)
[02:19:06] [Server thread/WARN] [FML]: *  at net.minecraftforge.oredict.OreDictionary.registerOre(OreDictionary.java:651)
[02:19:06] [Server thread/WARN] [FML]: *  at net.dries007.tfc.util.OreDictionaryHelper.lambda$init$0(OreDictionaryHelper.java:77)
[02:19:06] [Server thread/WARN] [FML]: *  at com.google.common.collect.AbstractMapBasedMultimap.lambda$null$2(AbstractMapBasedMultimap.java:1279)
[02:19:06] [Server thread/WARN] [FML]: *  at java.lang.Iterable.forEach(Iterable.java:75)
[02:19:06] [Server thread/WARN] [FML]: *  at com.google.common.collect.AbstractMapBasedMultimap.lambda$forEach$3(AbstractMapBasedMultimap.java:1279)...
[02:19:06] [Server thread/WARN] [FML]: ****************************************
[02:19:06] [Server thread/WARN] [FML]: ****************************************
[02:19:06] [Server thread/WARN] [FML]: *  at net.minecraftforge.oredict.OreDictionary.registerOreImpl(OreDictionary.java:665)
[02:19:06] [Server thread/WARN] [FML]: *  at net.minecraftforge.oredict.OreDictionary.registerOre(OreDictionary.java:651)
[02:19:06] [Server thread/WARN] [FML]: *  at net.dries007.tfc.util.OreDictionaryHelper.lambda$init$0(OreDictionaryHelper.java:77)
[02:19:06] [Server thread/WARN] [FML]: *  at com.google.common.collect.AbstractMapBasedMultimap.lambda$null$2(AbstractMapBasedMultimap.java:1279)
[02:19:06] [Server thread/WARN] [FML]: *  at java.lang.Iterable.forEach(Iterable.java:75)
[02:19:06] [Server thread/WARN] [FML]: *  at com.google.common.collect.AbstractMapBasedMultimap.lambda$forEach$3(AbstractMapBasedMultimap.java:1279)...
[02:19:06] [Server thread/WARN] [FML]: ****************************************
[02:19:06] [Server thread/WARN] [FML]: ****************************************
[02:19:06] [Server thread/WARN] [FML]: *  at net.minecraftforge.oredict.OreDictionary.registerOreImpl(OreDictionary.java:665)
[02:19:06] [Server thread/WARN] [FML]: *  at net.minecraftforge.oredict.OreDictionary.registerOre(OreDictionary.java:651)
[02:19:06] [Server thread/WARN] [FML]: *  at net.dries007.tfc.util.OreDictionaryHelper.lambda$init$0(OreDictionaryHelper.java:77)
[02:19:06] [Server thread/WARN] [FML]: *  at com.google.common.collect.AbstractMapBasedMultimap.lambda$null$2(AbstractMapBasedMultimap.java:1279)
[02:19:06] [Server thread/WARN] [FML]: *  at java.lang.Iterable.forEach(Iterable.java:75)
[02:19:06] [Server thread/WARN] [FML]: *  at com.google.common.collect.AbstractMapBasedMultimap.lambda$forEach$3(AbstractMapBasedMultimap.java:1279)...
[02:19:06] [Server thread/WARN] [FML]: ****************************************
[02:19:06] [Server thread/WARN] [FML]: ****************************************
[02:19:06] [Server thread/WARN] [FML]: *  at net.minecraftforge.oredict.OreDictionary.registerOreImpl(OreDictionary.java:665)
[02:19:06] [Server thread/WARN] [FML]: *  at net.minecraftforge.oredict.OreDictionary.registerOre(OreDictionary.java:651)
[02:19:06] [Server thread/WARN] [FML]: *  at net.dries007.tfc.util.OreDictionaryHelper.lambda$init$0(OreDictionaryHelper.java:77)
[02:19:06] [Server thread/WARN] [FML]: *  at com.google.common.collect.AbstractMapBasedMultimap.lambda$null$2(AbstractMapBasedMultimap.java:1279)
[02:19:06] [Server thread/WARN] [FML]: *  at java.lang.Iterable.forEach(Iterable.java:75)
[02:19:06] [Server thread/WARN] [FML]: *  at com.google.common.collect.AbstractMapBasedMultimap.lambda$forEach$3(AbstractMapBasedMultimap.java:1279)...
[02:19:06] [Server thread/WARN] [FML]: ****************************************
[02:19:06] [Server thread/WARN] [FML]: ****************************************
[02:19:06] [Server thread/WARN] [FML]: *  at net.minecraftforge.oredict.OreDictionary.registerOreImpl(OreDictionary.java:665)
[02:19:06] [Server thread/WARN] [FML]: *  at net.minecraftforge.oredict.OreDictionary.registerOre(OreDictionary.java:651)
[02:19:06] [Server thread/WARN] [FML]: *  at net.dries007.tfc.util.OreDictionaryHelper.lambda$init$0(OreDictionaryHelper.java:77)
[02:19:06] [Server thread/WARN] [FML]: *  at com.google.common.collect.AbstractMapBasedMultimap.lambda$null$2(AbstractMapBasedMultimap.java:1279)
[02:19:06] [Server thread/WARN] [FML]: *  at java.lang.Iterable.forEach(Iterable.java:75)
[02:19:06] [Server thread/WARN] [FML]: *  at com.google.common.collect.AbstractMapBasedMultimap.lambda$forEach$3(AbstractMapBasedMultimap.java:1279)...
[02:19:06] [Server thread/WARN] [FML]: ****************************************
[02:19:06] [Server thread/WARN] [FML]: ****************************************
[02:19:06] [Server thread/WARN] [FML]: *  at net.minecraftforge.oredict.OreDictionary.registerOreImpl(OreDictionary.java:665)
[02:19:06] [Server thread/WARN] [FML]: *  at net.minecraftforge.oredict.OreDictionary.registerOre(OreDictionary.java:651)
[02:19:06] [Server thread/WARN] [FML]: *  at net.dries007.tfc.util.OreDictionaryHelper.lambda$init$0(OreDictionaryHelper.java:77)
[02:19:06] [Server thread/WARN] [FML]: *  at com.google.common.collect.AbstractMapBasedMultimap.lambda$null$2(AbstractMapBasedMultimap.java:1279)
[02:19:06] [Server thread/WARN] [FML]: *  at java.lang.Iterable.forEach(Iterable.java:75)
[02:19:06] [Server thread/WARN] [FML]: *  at com.google.common.collect.AbstractMapBasedMultimap.lambda$forEach$3(AbstractMapBasedMultimap.java:1279)...
[02:19:06] [Server thread/WARN] [FML]: ****************************************
[02:19:06] [Server thread/WARN] [FML]: ****************************************
[02:19:06] [Server thread/WARN] [FML]: *  at net.minecraftforge.oredict.OreDictionary.registerOreImpl(OreDictionary.java:665)
[02:19:06] [Server thread/WARN] [FML]: *  at net.minecraftforge.oredict.OreDictionary.registerOre(OreDictionary.java:651)
[02:19:06] [Server thread/WARN] [FML]: *  at net.dries007.tfc.util.OreDictionaryHelper.lambda$init$0(OreDictionaryHelper.java:77)
[02:19:06] [Server thread/WARN] [FML]: *  at com.google.common.collect.AbstractMapBasedMultimap.lambda$null$2(AbstractMapBasedMultimap.java:1279)
[02:19:06] [Server thread/WARN] [FML]: *  at java.lang.Iterable.forEach(Iterable.java:75)
[02:19:06] [Server thread/WARN] [FML]: *  at com.google.common.collect.AbstractMapBasedMultimap.lambda$forEach$3(AbstractMapBasedMultimap.java:1279)...
[02:19:06] [Server thread/WARN] [FML]: ****************************************
[02:19:06] [Server thread/WARN] [FML]: ****************************************
[02:19:06] [Server thread/WARN] [FML]: *  at net.minecraftforge.oredict.OreDictionary.registerOreImpl(OreDictionary.java:665)
[02:19:06] [Server thread/WARN] [FML]: *  at net.minecraftforge.oredict.OreDictionary.registerOre(OreDictionary.java:651)
[02:19:06] [Server thread/WARN] [FML]: *  at net.dries007.tfc.util.OreDictionaryHelper.lambda$init$0(OreDictionaryHelper.java:77)
[02:19:06] [Server thread/WARN] [FML]: *  at com.google.common.collect.AbstractMapBasedMultimap.lambda$null$2(AbstractMapBasedMultimap.java:1279)
[02:19:06] [Server thread/WARN] [FML]: *  at java.lang.Iterable.forEach(Iterable.java:75)
[02:19:06] [Server thread/WARN] [FML]: *  at com.google.common.collect.AbstractMapBasedMultimap.lambda$forEach$3(AbstractMapBasedMultimap.java:1279)...
[02:19:06] [Server thread/WARN] [FML]: ****************************************
[02:19:06] [Server thread/WARN] [FML]: ****************************************
[02:19:06] [Server thread/WARN] [FML]: *  at net.minecraftforge.oredict.OreDictionary.registerOreImpl(OreDictionary.java:665)
[02:19:06] [Server thread/WARN] [FML]: *  at net.minecraftforge.oredict.OreDictionary.registerOre(OreDictionary.java:651)
[02:19:06] [Server thread/WARN] [FML]: *  at net.dries007.tfc.util.OreDictionaryHelper.lambda$init$0(OreDictionaryHelper.java:77)
[02:19:06] [Server thread/WARN] [FML]: *  at com.google.common.collect.AbstractMapBasedMultimap.lambda$null$2(AbstractMapBasedMultimap.java:1279)
[02:19:06] [Server thread/WARN] [FML]: *  at java.lang.Iterable.forEach(Iterable.java:75)
[02:19:06] [Server thread/WARN] [FML]: *  at com.google.common.collect.AbstractMapBasedMultimap.lambda$forEach$3(AbstractMapBasedMultimap.java:1279)...
[02:19:06] [Server thread/WARN] [FML]: ****************************************
[02:19:06] [Server thread/WARN] [FML]: ****************************************
[02:19:06] [Server thread/WARN] [FML]: *  at net.minecraftforge.oredict.OreDictionary.registerOreImpl(OreDictionary.java:665)
[02:19:06] [Server thread/WARN] [FML]: *  at net.minecraftforge.oredict.OreDictionary.registerOre(OreDictionary.java:651)
[02:19:06] [Server thread/WARN] [FML]: *  at net.dries007.tfc.util.OreDictionaryHelper.lambda$init$0(OreDictionaryHelper.java:77)
[02:19:06] [Server thread/WARN] [FML]: *  at com.google.common.collect.AbstractMapBasedMultimap.lambda$null$2(AbstractMapBasedMultimap.java:1279)
[02:19:06] [Server thread/WARN] [FML]: *  at java.lang.Iterable.forEach(Iterable.java:75)
[02:19:06] [Server thread/WARN] [FML]: *  at com.google.common.collect.AbstractMapBasedMultimap.lambda$forEach$3(AbstractMapBasedMultimap.java:1279)...
[02:19:06] [Server thread/WARN] [FML]: ****************************************
[02:19:06] [Server thread/WARN] [FML]: ****************************************
[02:19:06] [Server thread/WARN] [FML]: *  at net.minecraftforge.oredict.OreDictionary.registerOreImpl(OreDictionary.java:665)
[02:19:06] [Server thread/WARN] [FML]: *  at net.minecraftforge.oredict.OreDictionary.registerOre(OreDictionary.java:651)
[02:19:06] [Server thread/WARN] [FML]: *  at net.dries007.tfc.util.OreDictionaryHelper.lambda$init$0(OreDictionaryHelper.java:77)
[02:19:06] [Server thread/WARN] [FML]: *  at com.google.common.collect.AbstractMapBasedMultimap.lambda$null$2(AbstractMapBasedMultimap.java:1279)
[02:19:06] [Server thread/WARN] [FML]: *  at java.lang.Iterable.forEach(Iterable.java:75)
[02:19:06] [Server thread/WARN] [FML]: *  at com.google.common.collect.AbstractMapBasedMultimap.lambda$forEach$3(AbstractMapBasedMultimap.java:1279)...
[02:19:06] [Server thread/WARN] [FML]: ****************************************
[02:19:06] [Server thread/WARN] [FML]: ****************************************
[02:19:06] [Server thread/WARN] [FML]: *  at net.minecraftforge.oredict.OreDictionary.registerOreImpl(OreDictionary.java:665)
[02:19:06] [Server thread/WARN] [FML]: *  at net.minecraftforge.oredict.OreDictionary.registerOre(OreDictionary.java:651)
[02:19:06] [Server thread/WARN] [FML]: *  at net.dries007.tfc.util.OreDictionaryHelper.lambda$init$0(OreDictionaryHelper.java:77)
[02:19:06] [Server thread/WARN] [FML]: *  at com.google.common.collect.AbstractMapBasedMultimap.lambda$null$2(AbstractMapBasedMultimap.java:1279)
[02:19:06] [Server thread/WARN] [FML]: *  at java.lang.Iterable.forEach(Iterable.java:75)
[02:19:06] [Server thread/WARN] [FML]: *  at com.google.common.collect.AbstractMapBasedMultimap.lambda$forEach$3(AbstractMapBasedMultimap.java:1279)...
[02:19:06] [Server thread/WARN] [FML]: ****************************************
[02:19:06] [Server thread/WARN] [FML]: ****************************************
[02:19:06] [Server thread/WARN] [FML]: *  at net.minecraftforge.oredict.OreDictionary.registerOreImpl(OreDictionary.java:665)
[02:19:06] [Server thread/WARN] [FML]: *  at net.minecraftforge.oredict.OreDictionary.registerOre(OreDictionary.java:651)
[02:19:06] [Server thread/WARN] [FML]: *  at net.dries007.tfc.util.OreDictionaryHelper.lambda$init$0(OreDictionaryHelper.java:77)
[02:19:06] [Server thread/WARN] [FML]: *  at com.google.common.collect.AbstractMapBasedMultimap.lambda$null$2(AbstractMapBasedMultimap.java:1279)
[02:19:06] [Server thread/WARN] [FML]: *  at java.lang.Iterable.forEach(Iterable.java:75)
[02:19:06] [Server thread/WARN] [FML]: *  at com.google.common.collect.AbstractMapBasedMultimap.lambda$forEach$3(AbstractMapBasedMultimap.java:1279)...
[02:19:06] [Server thread/WARN] [FML]: ****************************************
[02:19:06] [Server thread/WARN] [FML]: ****************************************
[02:19:06] [Server thread/WARN] [FML]: *  at net.minecraftforge.oredict.OreDictionary.registerOreImpl(OreDictionary.java:665)
[02:19:06] [Server thread/WARN] [FML]: *  at net.minecraftforge.oredict.OreDictionary.registerOre(OreDictionary.java:651)
[02:19:06] [Server thread/WARN] [FML]: *  at net.dries007.tfc.util.OreDictionaryHelper.lambda$init$0(OreDictionaryHelper.java:77)
[02:19:06] [Server thread/WARN] [FML]: *  at com.google.common.collect.AbstractMapBasedMultimap.lambda$null$2(AbstractMapBasedMultimap.java:1279)
[02:19:06] [Server thread/WARN] [FML]: *  at java.lang.Iterable.forEach(Iterable.java:75)
[02:19:06] [Server thread/WARN] [FML]: *  at com.google.common.collect.AbstractMapBasedMultimap.lambda$forEach$3(AbstractMapBasedMultimap.java:1279)...
[02:19:06] [Server thread/WARN] [FML]: ****************************************
[02:19:06] [Server thread/WARN] [FML]: ****************************************
[02:19:06] [Server thread/WARN] [FML]: *  at net.minecraftforge.oredict.OreDictionary.registerOreImpl(OreDictionary.java:665)
[02:19:06] [Server thread/WARN] [FML]: *  at net.minecraftforge.oredict.OreDictionary.registerOre(OreDictionary.java:651)
[02:19:06] [Server thread/WARN] [FML]: *  at net.dries007.tfc.util.OreDictionaryHelper.lambda$init$0(OreDictionaryHelper.java:77)
[02:19:06] [Server thread/WARN] [FML]: *  at com.google.common.collect.AbstractMapBasedMultimap.lambda$null$2(AbstractMapBasedMultimap.java:1279)
[02:19:06] [Server thread/WARN] [FML]: *  at java.lang.Iterable.forEach(Iterable.java:75)
[02:19:06] [Server thread/WARN] [FML]: *  at com.google.common.collect.AbstractMapBasedMultimap.lambda$forEach$3(AbstractMapBasedMultimap.java:1279)...
[02:19:06] [Server thread/WARN] [FML]: ****************************************
[02:19:06] [Server thread/WARN] [FML]: ****************************************
[02:19:06] [Server thread/WARN] [FML]: *  at net.minecraftforge.oredict.OreDictionary.registerOreImpl(OreDictionary.java:665)
[02:19:06] [Server thread/WARN] [FML]: *  at net.minecraftforge.oredict.OreDictionary.registerOre(OreDictionary.java:651)
[02:19:06] [Server thread/WARN] [FML]: *  at net.dries007.tfc.util.OreDictionaryHelper.lambda$init$0(OreDictionaryHelper.java:77)
[02:19:06] [Server thread/WARN] [FML]: *  at com.google.common.collect.AbstractMapBasedMultimap.lambda$null$2(AbstractMapBasedMultimap.java:1279)
[02:19:06] [Server thread/WARN] [FML]: *  at java.lang.Iterable.forEach(Iterable.java:75)
[02:19:06] [Server thread/WARN] [FML]: *  at com.google.common.collect.AbstractMapBasedMultimap.lambda$forEach$3(AbstractMapBasedMultimap.java:1279)...
[02:19:06] [Server thread/WARN] [FML]: ****************************************
[02:19:06] [Server thread/WARN] [FML]: ****************************************
[02:19:06] [Server thread/WARN] [FML]: *  at net.minecraftforge.oredict.OreDictionary.registerOreImpl(OreDictionary.java:665)
[02:19:06] [Server thread/WARN] [FML]: *  at net.minecraftforge.oredict.OreDictionary.registerOre(OreDictionary.java:651)
[02:19:06] [Server thread/WARN] [FML]: *  at net.dries007.tfc.util.OreDictionaryHelper.lambda$init$0(OreDictionaryHelper.java:77)
[02:19:06] [Server thread/WARN] [FML]: *  at com.google.common.collect.AbstractMapBasedMultimap.lambda$null$2(AbstractMapBasedMultimap.java:1279)
[02:19:06] [Server thread/WARN] [FML]: *  at java.lang.Iterable.forEach(Iterable.java:75)
[02:19:06] [Server thread/WARN] [FML]: *  at com.google.common.collect.AbstractMapBasedMultimap.lambda$forEach$3(AbstractMapBasedMultimap.java:1279)...
[02:19:06] [Server thread/WARN] [FML]: ****************************************
[02:19:06] [Server thread/WARN] [FML]: ****************************************
[02:19:06] [Server thread/WARN] [FML]: *  at net.minecraftforge.oredict.OreDictionary.registerOreImpl(OreDictionary.java:665)
[02:19:06] [Server thread/WARN] [FML]: *  at net.minecraftforge.oredict.OreDictionary.registerOre(OreDictionary.java:651)
[02:19:06] [Server thread/WARN] [FML]: *  at net.dries007.tfc.util.OreDictionaryHelper.lambda$init$0(OreDictionaryHelper.java:77)
[02:19:06] [Server thread/WARN] [FML]: *  at com.google.common.collect.AbstractMapBasedMultimap.lambda$null$2(AbstractMapBasedMultimap.java:1279)
[02:19:06] [Server thread/WARN] [FML]: *  at java.lang.Iterable.forEach(Iterable.java:75)
[02:19:06] [Server thread/WARN] [FML]: *  at com.google.common.collect.AbstractMapBasedMultimap.lambda$forEach$3(AbstractMapBasedMultimap.java:1279)...
[02:19:06] [Server thread/WARN] [FML]: ****************************************
[02:19:06] [Server thread/WARN] [FML]: ****************************************
[02:19:06] [Server thread/WARN] [FML]: *  at net.minecraftforge.oredict.OreDictionary.registerOreImpl(OreDictionary.java:665)
[02:19:06] [Server thread/WARN] [FML]: *  at net.minecraftforge.oredict.OreDictionary.registerOre(OreDictionary.java:651)
[02:19:06] [Server thread/WARN] [FML]: *  at net.dries007.tfc.util.OreDictionaryHelper.lambda$init$0(OreDictionaryHelper.java:77)
[02:19:06] [Server thread/WARN] [FML]: *  at com.google.common.collect.AbstractMapBasedMultimap.lambda$null$2(AbstractMapBasedMultimap.java:1279)
[02:19:06] [Server thread/WARN] [FML]: *  at java.lang.Iterable.forEach(Iterable.java:75)
[02:19:06] [Server thread/WARN] [FML]: *  at com.google.common.collect.AbstractMapBasedMultimap.lambda$forEach$3(AbstractMapBasedMultimap.java:1279)...
[02:19:06] [Server thread/WARN] [FML]: ****************************************
[02:19:06] [Server thread/WARN] [FML]: ****************************************
[02:19:06] [Server thread/WARN] [FML]: *  at net.minecraftforge.oredict.OreDictionary.registerOreImpl(OreDictionary.java:665)
[02:19:06] [Server thread/WARN] [FML]: *  at net.minecraftforge.oredict.OreDictionary.registerOre(OreDictionary.java:651)
[02:19:06] [Server thread/WARN] [FML]: *  at net.dries007.tfc.util.OreDictionaryHelper.lambda$init$0(OreDictionaryHelper.java:77)
[02:19:06] [Server thread/WARN] [FML]: *  at com.google.common.collect.AbstractMapBasedMultimap.lambda$null$2(AbstractMapBasedMultimap.java:1279)
[02:19:06] [Server thread/WARN] [FML]: *  at java.lang.Iterable.forEach(Iterable.java:75)
[02:19:06] [Server thread/WARN] [FML]: *  at com.google.common.collect.AbstractMapBasedMultimap.lambda$forEach$3(AbstractMapBasedMultimap.java:1279)...
[02:19:06] [Server thread/WARN] [FML]: ****************************************
[02:19:06] [Server thread/WARN] [FML]: ****************************************
[02:19:06] [Server thread/WARN] [FML]: *  at net.minecraftforge.oredict.OreDictionary.registerOreImpl(OreDictionary.java:665)
[02:19:06] [Server thread/WARN] [FML]: *  at net.minecraftforge.oredict.OreDictionary.registerOre(OreDictionary.java:651)
[02:19:06] [Server thread/WARN] [FML]: *  at net.dries007.tfc.util.OreDictionaryHelper.lambda$init$0(OreDictionaryHelper.java:77)
[02:19:06] [Server thread/WARN] [FML]: *  at com.google.common.collect.AbstractMapBasedMultimap.lambda$null$2(AbstractMapBasedMultimap.java:1279)
[02:19:06] [Server thread/WARN] [FML]: *  at java.lang.Iterable.forEach(Iterable.java:75)
[02:19:06] [Server thread/WARN] [FML]: *  at com.google.common.collect.AbstractMapBasedMultimap.lambda$forEach$3(AbstractMapBasedMultimap.java:1279)...
[02:19:06] [Server thread/WARN] [FML]: ****************************************
[02:19:06] [Server thread/WARN] [FML]: ****************************************
[02:19:06] [Server thread/WARN] [FML]: *  at net.minecraftforge.oredict.OreDictionary.registerOreImpl(OreDictionary.java:665)
[02:19:06] [Server thread/WARN] [FML]: *  at net.minecraftforge.oredict.OreDictionary.registerOre(OreDictionary.java:651)
[02:19:06] [Server thread/WARN] [FML]: *  at net.dries007.tfc.util.OreDictionaryHelper.lambda$init$0(OreDictionaryHelper.java:77)
[02:19:06] [Server thread/WARN] [FML]: *  at com.google.common.collect.AbstractMapBasedMultimap.lambda$null$2(AbstractMapBasedMultimap.java:1279)
[02:19:06] [Server thread/WARN] [FML]: *  at java.lang.Iterable.forEach(Iterable.java:75)
[02:19:06] [Server thread/WARN] [FML]: *  at com.google.common.collect.AbstractMapBasedMultimap.lambda$forEach$3(AbstractMapBasedMultimap.java:1279)...
[02:19:06] [Server thread/WARN] [FML]: ****************************************
[02:19:06] [Server thread/WARN] [FML]: ****************************************
[02:19:06] [Server thread/WARN] [FML]: *  at net.minecraftforge.oredict.OreDictionary.registerOreImpl(OreDictionary.java:665)
[02:19:06] [Server thread/WARN] [FML]: *  at net.minecraftforge.oredict.OreDictionary.registerOre(OreDictionary.java:651)
[02:19:06] [Server thread/WARN] [FML]: *  at net.dries007.tfc.util.OreDictionaryHelper.lambda$init$0(OreDictionaryHelper.java:77)
[02:19:06] [Server thread/WARN] [FML]: *  at com.google.common.collect.AbstractMapBasedMultimap.lambda$null$2(AbstractMapBasedMultimap.java:1279)
[02:19:06] [Server thread/WARN] [FML]: *  at java.lang.Iterable.forEach(Iterable.java:75)
[02:19:06] [Server thread/WARN] [FML]: *  at com.google.common.collect.AbstractMapBasedMultimap.lambda$forEach$3(AbstractMapBasedMultimap.java:1279)...
[02:19:06] [Server thread/WARN] [FML]: ****************************************
[02:19:06] [Server thread/WARN] [FML]: ****************************************
[02:19:06] [Server thread/WARN] [FML]: *  at net.minecraftforge.oredict.OreDictionary.registerOreImpl(OreDictionary.java:665)
[02:19:06] [Server thread/WARN] [FML]: *  at net.minecraftforge.oredict.OreDictionary.registerOre(OreDictionary.java:651)
[02:19:06] [Server thread/WARN] [FML]: *  at net.dries007.tfc.util.OreDictionaryHelper.lambda$init$0(OreDictionaryHelper.java:77)
[02:19:06] [Server thread/WARN] [FML]: *  at com.google.common.collect.AbstractMapBasedMultimap.lambda$null$2(AbstractMapBasedMultimap.java:1279)
[02:19:06] [Server thread/WARN] [FML]: *  at java.lang.Iterable.forEach(Iterable.java:75)
[02:19:06] [Server thread/WARN] [FML]: *  at com.google.common.collect.AbstractMapBasedMultimap.lambda$forEach$3(AbstractMapBasedMultimap.java:1279)...
[02:19:06] [Server thread/WARN] [FML]: ****************************************
[02:19:06] [Server thread/WARN] [FML]: ****************************************
[02:19:06] [Server thread/WARN] [FML]: *  at net.minecraftforge.oredict.OreDictionary.registerOreImpl(OreDictionary.java:665)
[02:19:06] [Server thread/WARN] [FML]: *  at net.minecraftforge.oredict.OreDictionary.registerOre(OreDictionary.java:651)
[02:19:06] [Server thread/WARN] [FML]: *  at net.dries007.tfc.util.OreDictionaryHelper.lambda$init$0(OreDictionaryHelper.java:77)
[02:19:06] [Server thread/WARN] [FML]: *  at com.google.common.collect.AbstractMapBasedMultimap.lambda$null$2(AbstractMapBasedMultimap.java:1279)
[02:19:06] [Server thread/WARN] [FML]: *  at java.lang.Iterable.forEach(Iterable.java:75)
[02:19:06] [Server thread/WARN] [FML]: *  at com.google.common.collect.AbstractMapBasedMultimap.lambda$forEach$3(AbstractMapBasedMultimap.java:1279)...
[02:19:06] [Server thread/WARN] [FML]: ****************************************
[02:19:06] [Server thread/WARN] [FML]: ****************************************
[02:19:06] [Server thread/WARN] [FML]: *  at net.minecraftforge.oredict.OreDictionary.registerOreImpl(OreDictionary.java:665)
[02:19:06] [Server thread/WARN] [FML]: *  at net.minecraftforge.oredict.OreDictionary.registerOre(OreDictionary.java:651)
[02:19:06] [Server thread/WARN] [FML]: *  at net.dries007.tfc.util.OreDictionaryHelper.lambda$init$0(OreDictionaryHelper.java:77)
[02:19:06] [Server thread/WARN] [FML]: *  at com.google.common.collect.AbstractMapBasedMultimap.lambda$null$2(AbstractMapBasedMultimap.java:1279)
[02:19:06] [Server thread/WARN] [FML]: *  at java.lang.Iterable.forEach(Iterable.java:75)
[02:19:06] [Server thread/WARN] [FML]: *  at com.google.common.collect.AbstractMapBasedMultimap.lambda$forEach$3(AbstractMapBasedMultimap.java:1279)...
[02:19:06] [Server thread/WARN] [FML]: ****************************************
[02:19:06] [Server thread/WARN] [FML]: ****************************************
[02:19:06] [Server thread/WARN] [FML]: *  at net.minecraftforge.oredict.OreDictionary.registerOreImpl(OreDictionary.java:665)
[02:19:06] [Server thread/WARN] [FML]: *  at net.minecraftforge.oredict.OreDictionary.registerOre(OreDictionary.java:651)
[02:19:06] [Server thread/WARN] [FML]: *  at net.dries007.tfc.util.OreDictionaryHelper.lambda$init$0(OreDictionaryHelper.java:77)
[02:19:06] [Server thread/WARN] [FML]: *  at com.google.common.collect.AbstractMapBasedMultimap.lambda$null$2(AbstractMapBasedMultimap.java:1279)
[02:19:06] [Server thread/WARN] [FML]: *  at java.lang.Iterable.forEach(Iterable.java:75)
[02:19:06] [Server thread/WARN] [FML]: *  at com.google.common.collect.AbstractMapBasedMultimap.lambda$forEach$3(AbstractMapBasedMultimap.java:1279)...
[02:19:06] [Server thread/WARN] [FML]: ****************************************
[02:19:06] [Server thread/WARN] [FML]: ****************************************
[02:19:06] [Server thread/WARN] [FML]: *  at net.minecraftforge.oredict.OreDictionary.registerOreImpl(OreDictionary.java:665)
[02:19:06] [Server thread/WARN] [FML]: *  at net.minecraftforge.oredict.OreDictionary.registerOre(OreDictionary.java:651)
[02:19:06] [Server thread/WARN] [FML]: *  at net.dries007.tfc.util.OreDictionaryHelper.lambda$init$0(OreDictionaryHelper.java:77)
[02:19:06] [Server thread/WARN] [FML]: *  at com.google.common.collect.AbstractMapBasedMultimap.lambda$null$2(AbstractMapBasedMultimap.java:1279)
[02:19:06] [Server thread/WARN] [FML]: *  at java.lang.Iterable.forEach(Iterable.java:75)
[02:19:06] [Server thread/WARN] [FML]: *  at com.google.common.collect.AbstractMapBasedMultimap.lambda$forEach$3(AbstractMapBasedMultimap.java:1279)...
[02:19:06] [Server thread/WARN] [FML]: ****************************************
[02:19:06] [Server thread/WARN] [FML]: ****************************************
[02:19:06] [Server thread/WARN] [FML]: *  at net.minecraftforge.oredict.OreDictionary.registerOreImpl(OreDictionary.java:665)
[02:19:06] [Server thread/WARN] [FML]: *  at net.minecraftforge.oredict.OreDictionary.registerOre(OreDictionary.java:651)
[02:19:06] [Server thread/WARN] [FML]: *  at net.dries007.tfc.util.OreDictionaryHelper.lambda$init$0(OreDictionaryHelper.java:77)
[02:19:06] [Server thread/WARN] [FML]: *  at com.google.common.collect.AbstractMapBasedMultimap.lambda$null$2(AbstractMapBasedMultimap.java:1279)
[02:19:06] [Server thread/WARN] [FML]: *  at java.lang.Iterable.forEach(Iterable.java:75)
[02:19:06] [Server thread/WARN] [FML]: *  at com.google.common.collect.AbstractMapBasedMultimap.lambda$forEach$3(AbstractMapBasedMultimap.java:1279)...
[02:19:06] [Server thread/WARN] [FML]: ****************************************
[02:19:06] [Server thread/WARN] [FML]: ****************************************
[02:19:06] [Server thread/WARN] [FML]: *  at net.minecraftforge.oredict.OreDictionary.registerOreImpl(OreDictionary.java:665)
[02:19:06] [Server thread/WARN] [FML]: *  at net.minecraftforge.oredict.OreDictionary.registerOre(OreDictionary.java:651)
[02:19:06] [Server thread/WARN] [FML]: *  at net.dries007.tfc.util.OreDictionaryHelper.lambda$init$0(OreDictionaryHelper.java:77)
[02:19:06] [Server thread/WARN] [FML]: *  at com.google.common.collect.AbstractMapBasedMultimap.lambda$null$2(AbstractMapBasedMultimap.java:1279)
[02:19:06] [Server thread/WARN] [FML]: *  at java.lang.Iterable.forEach(Iterable.java:75)
[02:19:06] [Server thread/WARN] [FML]: *  at com.google.common.collect.AbstractMapBasedMultimap.lambda$forEach$3(AbstractMapBasedMultimap.java:1279)...
[02:19:06] [Server thread/WARN] [FML]: ****************************************
[02:19:06] [Server thread/WARN] [FML]: ****************************************
[02:19:06] [Server thread/WARN] [FML]: *  at net.minecraftforge.oredict.OreDictionary.registerOreImpl(OreDictionary.java:665)
[02:19:06] [Server thread/WARN] [FML]: *  at net.minecraftforge.oredict.OreDictionary.registerOre(OreDictionary.java:651)
[02:19:06] [Server thread/WARN] [FML]: *  at net.dries007.tfc.util.OreDictionaryHelper.lambda$init$0(OreDictionaryHelper.java:77)
[02:19:06] [Server thread/WARN] [FML]: *  at com.google.common.collect.AbstractMapBasedMultimap.lambda$null$2(AbstractMapBasedMultimap.java:1279)
[02:19:06] [Server thread/WARN] [FML]: *  at java.lang.Iterable.forEach(Iterable.java:75)
[02:19:06] [Server thread/WARN] [FML]: *  at com.google.common.collect.AbstractMapBasedMultimap.lambda$forEach$3(AbstractMapBasedMultimap.java:1279)...
[02:19:06] [Server thread/WARN] [FML]: ****************************************
[02:19:06] [Server thread/WARN] [FML]: ****************************************
[02:19:06] [Server thread/WARN] [FML]: *  at net.minecraftforge.oredict.OreDictionary.registerOreImpl(OreDictionary.java:665)
[02:19:06] [Server thread/WARN] [FML]: *  at net.minecraftforge.oredict.OreDictionary.registerOre(OreDictionary.java:651)
[02:19:06] [Server thread/WARN] [FML]: *  at net.dries007.tfc.util.OreDictionaryHelper.lambda$init$0(OreDictionaryHelper.java:77)
[02:19:06] [Server thread/WARN] [FML]: *  at com.google.common.collect.AbstractMapBasedMultimap.lambda$null$2(AbstractMapBasedMultimap.java:1279)
[02:19:06] [Server thread/WARN] [FML]: *  at java.lang.Iterable.forEach(Iterable.java:75)
[02:19:06] [Server thread/WARN] [FML]: *  at com.google.common.collect.AbstractMapBasedMultimap.lambda$forEach$3(AbstractMapBasedMultimap.java:1279)...
[02:19:06] [Server thread/WARN] [FML]: ****************************************
[02:19:06] [Server thread/WARN] [FML]: ****************************************
[02:19:06] [Server thread/WARN] [FML]: *  at net.minecraftforge.oredict.OreDictionary.registerOreImpl(OreDictionary.java:665)
[02:19:06] [Server thread/WARN] [FML]: *  at net.minecraftforge.oredict.OreDictionary.registerOre(OreDictionary.java:651)
[02:19:06] [Server thread/WARN] [FML]: *  at net.dries007.tfc.util.OreDictionaryHelper.lambda$init$0(OreDictionaryHelper.java:77)
[02:19:06] [Server thread/WARN] [FML]: *  at com.google.common.collect.AbstractMapBasedMultimap.lambda$null$2(AbstractMapBasedMultimap.java:1279)
[02:19:06] [Server thread/WARN] [FML]: *  at java.lang.Iterable.forEach(Iterable.java:75)
[02:19:06] [Server thread/WARN] [FML]: *  at com.google.common.collect.AbstractMapBasedMultimap.lambda$forEach$3(AbstractMapBasedMultimap.java:1279)...
[02:19:06] [Server thread/WARN] [FML]: ****************************************
[02:19:06] [Server thread/WARN] [FML]: ****************************************
[02:19:06] [Server thread/WARN] [FML]: *  at net.minecraftforge.oredict.OreDictionary.registerOreImpl(OreDictionary.java:665)
[02:19:06] [Server thread/WARN] [FML]: *  at net.minecraftforge.oredict.OreDictionary.registerOre(OreDictionary.java:651)
[02:19:06] [Server thread/WARN] [FML]: *  at net.dries007.tfc.util.OreDictionaryHelper.lambda$init$0(OreDictionaryHelper.java:77)
[02:19:06] [Server thread/WARN] [FML]: *  at com.google.common.collect.AbstractMapBasedMultimap.lambda$null$2(AbstractMapBasedMultimap.java:1279)
[02:19:06] [Server thread/WARN] [FML]: *  at java.lang.Iterable.forEach(Iterable.java:75)
[02:19:06] [Server thread/WARN] [FML]: *  at com.google.common.collect.AbstractMapBasedMultimap.lambda$forEach$3(AbstractMapBasedMultimap.java:1279)...
[02:19:06] [Server thread/WARN] [FML]: ****************************************
[02:19:06] [Server thread/WARN] [FML]: ****************************************
[02:19:06] [Server thread/WARN] [FML]: *  at net.minecraftforge.oredict.OreDictionary.registerOreImpl(OreDictionary.java:665)
[02:19:06] [Server thread/WARN] [FML]: *  at net.minecraftforge.oredict.OreDictionary.registerOre(OreDictionary.java:651)
[02:19:06] [Server thread/WARN] [FML]: *  at net.dries007.tfc.util.OreDictionaryHelper.lambda$init$0(OreDictionaryHelper.java:77)
[02:19:06] [Server thread/WARN] [FML]: *  at com.google.common.collect.AbstractMapBasedMultimap.lambda$null$2(AbstractMapBasedMultimap.java:1279)
[02:19:06] [Server thread/WARN] [FML]: *  at java.lang.Iterable.forEach(Iterable.java:75)
[02:19:06] [Server thread/WARN] [FML]: *  at com.google.common.collect.AbstractMapBasedMultimap.lambda$forEach$3(AbstractMapBasedMultimap.java:1279)...
[02:19:06] [Server thread/WARN] [FML]: ****************************************
[02:19:06] [Server thread/WARN] [FML]: ****************************************
[02:19:06] [Server thread/WARN] [FML]: *  at net.minecraftforge.oredict.OreDictionary.registerOreImpl(OreDictionary.java:665)
[02:19:06] [Server thread/WARN] [FML]: *  at net.minecraftforge.oredict.OreDictionary.registerOre(OreDictionary.java:651)
[02:19:06] [Server thread/WARN] [FML]: *  at net.dries007.tfc.util.OreDictionaryHelper.lambda$init$0(OreDictionaryHelper.java:77)
[02:19:06] [Server thread/WARN] [FML]: *  at com.google.common.collect.AbstractMapBasedMultimap.lambda$null$2(AbstractMapBasedMultimap.java:1279)
[02:19:06] [Server thread/WARN] [FML]: *  at java.lang.Iterable.forEach(Iterable.java:75)
[02:19:06] [Server thread/WARN] [FML]: *  at com.google.common.collect.AbstractMapBasedMultimap.lambda$forEach$3(AbstractMapBasedMultimap.java:1279)...
[02:19:06] [Server thread/WARN] [FML]: ****************************************
[02:19:06] [Server thread/WARN] [FML]: ****************************************
[02:19:06] [Server thread/WARN] [FML]: *  at net.minecraftforge.oredict.OreDictionary.registerOreImpl(OreDictionary.java:665)
[02:19:06] [Server thread/WARN] [FML]: *  at net.minecraftforge.oredict.OreDictionary.registerOre(OreDictionary.java:651)
[02:19:06] [Server thread/WARN] [FML]: *  at net.dries007.tfc.util.OreDictionaryHelper.lambda$init$0(OreDictionaryHelper.java:77)
[02:19:06] [Server thread/WARN] [FML]: *  at com.google.common.collect.AbstractMapBasedMultimap.lambda$null$2(AbstractMapBasedMultimap.java:1279)
[02:19:06] [Server thread/WARN] [FML]: *  at java.lang.Iterable.forEach(Iterable.java:75)
[02:19:06] [Server thread/WARN] [FML]: *  at com.google.common.collect.AbstractMapBasedMultimap.lambda$forEach$3(AbstractMapBasedMultimap.java:1279)...
[02:19:06] [Server thread/WARN] [FML]: ****************************************
[02:19:06] [Server thread/WARN] [FML]: ****************************************
[02:19:06] [Server thread/WARN] [FML]: *  at net.minecraftforge.oredict.OreDictionary.registerOreImpl(OreDictionary.java:665)
[02:19:06] [Server thread/WARN] [FML]: *  at net.minecraftforge.oredict.OreDictionary.registerOre(OreDictionary.java:651)
[02:19:06] [Server thread/WARN] [FML]: *  at net.dries007.tfc.util.OreDictionaryHelper.lambda$init$0(OreDictionaryHelper.java:77)
[02:19:06] [Server thread/WARN] [FML]: *  at com.google.common.collect.AbstractMapBasedMultimap.lambda$null$2(AbstractMapBasedMultimap.java:1279)
[02:19:06] [Server thread/WARN] [FML]: *  at java.lang.Iterable.forEach(Iterable.java:75)
[02:19:06] [Server thread/WARN] [FML]: *  at com.google.common.collect.AbstractMapBasedMultimap.lambda$forEach$3(AbstractMapBasedMultimap.java:1279)...
[02:19:06] [Server thread/WARN] [FML]: ****************************************
[02:19:06] [Server thread/WARN] [FML]: ****************************************
[02:19:06] [Server thread/WARN] [FML]: *  at net.minecraftforge.oredict.OreDictionary.registerOreImpl(OreDictionary.java:665)
[02:19:06] [Server thread/WARN] [FML]: *  at net.minecraftforge.oredict.OreDictionary.registerOre(OreDictionary.java:651)
[02:19:06] [Server thread/WARN] [FML]: *  at net.dries007.tfc.util.OreDictionaryHelper.lambda$init$0(OreDictionaryHelper.java:77)
[02:19:06] [Server thread/WARN] [FML]: *  at com.google.common.collect.AbstractMapBasedMultimap.lambda$null$2(AbstractMapBasedMultimap.java:1279)
[02:19:06] [Server thread/WARN] [FML]: *  at java.lang.Iterable.forEach(Iterable.java:75)
[02:19:06] [Server thread/WARN] [FML]: *  at com.google.common.collect.AbstractMapBasedMultimap.lambda$forEach$3(AbstractMapBasedMultimap.java:1279)...
[02:19:06] [Server thread/WARN] [FML]: ****************************************
[02:19:06] [Server thread/WARN] [FML]: ****************************************
[02:19:06] [Server thread/WARN] [FML]: *  at net.minecraftforge.oredict.OreDictionary.registerOreImpl(OreDictionary.java:665)
[02:19:06] [Server thread/WARN] [FML]: *  at net.minecraftforge.oredict.OreDictionary.registerOre(OreDictionary.java:651)
[02:19:06] [Server thread/WARN] [FML]: *  at net.dries007.tfc.util.OreDictionaryHelper.lambda$init$0(OreDictionaryHelper.java:77)
[02:19:06] [Server thread/WARN] [FML]: *  at com.google.common.collect.AbstractMapBasedMultimap.lambda$null$2(AbstractMapBasedMultimap.java:1279)
[02:19:06] [Server thread/WARN] [FML]: *  at java.lang.Iterable.forEach(Iterable.java:75)
[02:19:06] [Server thread/WARN] [FML]: *  at com.google.common.collect.AbstractMapBasedMultimap.lambda$forEach$3(AbstractMapBasedMultimap.java:1279)...
[02:19:06] [Server thread/WARN] [FML]: ****************************************
[02:19:06] [Server thread/WARN] [FML]: ****************************************
[02:19:06] [Server thread/WARN] [FML]: *  at net.minecraftforge.oredict.OreDictionary.registerOreImpl(OreDictionary.java:665)
[02:19:06] [Server thread/WARN] [FML]: *  at net.minecraftforge.oredict.OreDictionary.registerOre(OreDictionary.java:651)
[02:19:06] [Server thread/WARN] [FML]: *  at net.dries007.tfc.util.OreDictionaryHelper.lambda$init$0(OreDictionaryHelper.java:77)
[02:19:06] [Server thread/WARN] [FML]: *  at com.google.common.collect.AbstractMapBasedMultimap.lambda$null$2(AbstractMapBasedMultimap.java:1279)
[02:19:06] [Server thread/WARN] [FML]: *  at java.lang.Iterable.forEach(Iterable.java:75)
[02:19:06] [Server thread/WARN] [FML]: *  at com.google.common.collect.AbstractMapBasedMultimap.lambda$forEach$3(AbstractMapBasedMultimap.java:1279)...
[02:19:06] [Server thread/WARN] [FML]: ****************************************
[02:19:06] [Server thread/WARN] [FML]: ****************************************
[02:19:06] [Server thread/WARN] [FML]: *  at net.minecraftforge.oredict.OreDictionary.registerOreImpl(OreDictionary.java:665)
[02:19:06] [Server thread/WARN] [FML]: *  at net.minecraftforge.oredict.OreDictionary.registerOre(OreDictionary.java:651)
[02:19:06] [Server thread/WARN] [FML]: *  at net.dries007.tfc.util.OreDictionaryHelper.lambda$init$0(OreDictionaryHelper.java:77)
[02:19:06] [Server thread/WARN] [FML]: *  at com.google.common.collect.AbstractMapBasedMultimap.lambda$null$2(AbstractMapBasedMultimap.java:1279)
[02:19:06] [Server thread/WARN] [FML]: *  at java.lang.Iterable.forEach(Iterable.java:75)
[02:19:06] [Server thread/WARN] [FML]: *  at com.google.common.collect.AbstractMapBasedMultimap.lambda$forEach$3(AbstractMapBasedMultimap.java:1279)...
[02:19:06] [Server thread/WARN] [FML]: ****************************************
[02:19:06] [Server thread/WARN] [FML]: ****************************************
[02:19:06] [Server thread/WARN] [FML]: *  at net.minecraftforge.oredict.OreDictionary.registerOreImpl(OreDictionary.java:665)
[02:19:06] [Server thread/WARN] [FML]: *  at net.minecraftforge.oredict.OreDictionary.registerOre(OreDictionary.java:651)
[02:19:06] [Server thread/WARN] [FML]: *  at net.dries007.tfc.util.OreDictionaryHelper.lambda$init$0(OreDictionaryHelper.java:77)
[02:19:06] [Server thread/WARN] [FML]: *  at com.google.common.collect.AbstractMapBasedMultimap.lambda$null$2(AbstractMapBasedMultimap.java:1279)
[02:19:06] [Server thread/WARN] [FML]: *  at java.lang.Iterable.forEach(Iterable.java:75)
[02:19:06] [Server thread/WARN] [FML]: *  at com.google.common.collect.AbstractMapBasedMultimap.lambda$forEach$3(AbstractMapBasedMultimap.java:1279)...
[02:19:06] [Server thread/WARN] [FML]: ****************************************
[02:19:06] [Server thread/WARN] [FML]: ****************************************
[02:19:06] [Server thread/WARN] [FML]: *  at net.minecraftforge.oredict.OreDictionary.registerOreImpl(OreDictionary.java:665)
[02:19:06] [Server thread/WARN] [FML]: *  at net.minecraftforge.oredict.OreDictionary.registerOre(OreDictionary.java:651)
[02:19:06] [Server thread/WARN] [FML]: *  at net.dries007.tfc.util.OreDictionaryHelper.lambda$init$0(OreDictionaryHelper.java:77)
[02:19:06] [Server thread/WARN] [FML]: *  at com.google.common.collect.AbstractMapBasedMultimap.lambda$null$2(AbstractMapBasedMultimap.java:1279)
[02:19:06] [Server thread/WARN] [FML]: *  at java.lang.Iterable.forEach(Iterable.java:75)
[02:19:06] [Server thread/WARN] [FML]: *  at com.google.common.collect.AbstractMapBasedMultimap.lambda$forEach$3(AbstractMapBasedMultimap.java:1279)...
[02:19:06] [Server thread/WARN] [FML]: ****************************************
[02:19:06] [Server thread/WARN] [FML]: ****************************************
[02:19:06] [Server thread/WARN] [FML]: *  at net.minecraftforge.oredict.OreDictionary.registerOreImpl(OreDictionary.java:665)
[02:19:06] [Server thread/WARN] [FML]: *  at net.minecraftforge.oredict.OreDictionary.registerOre(OreDictionary.java:651)
[02:19:06] [Server thread/WARN] [FML]: *  at net.dries007.tfc.util.OreDictionaryHelper.lambda$init$0(OreDictionaryHelper.java:77)
[02:19:06] [Server thread/WARN] [FML]: *  at com.google.common.collect.AbstractMapBasedMultimap.lambda$null$2(AbstractMapBasedMultimap.java:1279)
[02:19:06] [Server thread/WARN] [FML]: *  at java.lang.Iterable.forEach(Iterable.java:75)
[02:19:06] [Server thread/WARN] [FML]: *  at com.google.common.collect.AbstractMapBasedMultimap.lambda$forEach$3(AbstractMapBasedMultimap.java:1279)...
[02:19:06] [Server thread/WARN] [FML]: ****************************************
[02:19:06] [Server thread/WARN] [FML]: ****************************************
[02:19:06] [Server thread/WARN] [FML]: *  at net.minecraftforge.oredict.OreDictionary.registerOreImpl(OreDictionary.java:665)
[02:19:06] [Server thread/WARN] [FML]: *  at net.minecraftforge.oredict.OreDictionary.registerOre(OreDictionary.java:651)
[02:19:06] [Server thread/WARN] [FML]: *  at net.dries007.tfc.util.OreDictionaryHelper.lambda$init$0(OreDictionaryHelper.java:77)
[02:19:06] [Server thread/WARN] [FML]: *  at com.google.common.collect.AbstractMapBasedMultimap.lambda$null$2(AbstractMapBasedMultimap.java:1279)
[02:19:06] [Server thread/WARN] [FML]: *  at java.lang.Iterable.forEach(Iterable.java:75)
[02:19:06] [Server thread/WARN] [FML]: *  at com.google.common.collect.AbstractMapBasedMultimap.lambda$forEach$3(AbstractMapBasedMultimap.java:1279)...
[02:19:06] [Server thread/WARN] [FML]: ****************************************
[02:19:06] [Server thread/WARN] [FML]: ****************************************
[02:19:06] [Server thread/WARN] [FML]: *  at net.minecraftforge.oredict.OreDictionary.registerOreImpl(OreDictionary.java:665)
[02:19:06] [Server thread/WARN] [FML]: *  at net.minecraftforge.oredict.OreDictionary.registerOre(OreDictionary.java:651)
[02:19:06] [Server thread/WARN] [FML]: *  at net.dries007.tfc.util.OreDictionaryHelper.lambda$init$0(OreDictionaryHelper.java:77)
[02:19:06] [Server thread/WARN] [FML]: *  at com.google.common.collect.AbstractMapBasedMultimap.lambda$null$2(AbstractMapBasedMultimap.java:1279)
[02:19:06] [Server thread/WARN] [FML]: *  at java.lang.Iterable.forEach(Iterable.java:75)
[02:19:06] [Server thread/WARN] [FML]: *  at com.google.common.collect.AbstractMapBasedMultimap.lambda$forEach$3(AbstractMapBasedMultimap.java:1279)...
[02:19:06] [Server thread/WARN] [FML]: ****************************************
[02:19:06] [Server thread/WARN] [FML]: ****************************************
[02:19:06] [Server thread/WARN] [FML]: *  at net.minecraftforge.oredict.OreDictionary.registerOreImpl(OreDictionary.java:665)
[02:19:06] [Server thread/WARN] [FML]: *  at net.minecraftforge.oredict.OreDictionary.registerOre(OreDictionary.java:651)
[02:19:06] [Server thread/WARN] [FML]: *  at net.dries007.tfc.util.OreDictionaryHelper.lambda$init$0(OreDictionaryHelper.java:77)
[02:19:06] [Server thread/WARN] [FML]: *  at com.google.common.collect.AbstractMapBasedMultimap.lambda$null$2(AbstractMapBasedMultimap.java:1279)
[02:19:06] [Server thread/WARN] [FML]: *  at java.lang.Iterable.forEach(Iterable.java:75)
[02:19:06] [Server thread/WARN] [FML]: *  at com.google.common.collect.AbstractMapBasedMultimap.lambda$forEach$3(AbstractMapBasedMultimap.java:1279)...
[02:19:06] [Server thread/WARN] [FML]: ****************************************
[02:19:06] [Server thread/WARN] [FML]: ****************************************
[02:19:06] [Server thread/WARN] [FML]: *  at net.minecraftforge.oredict.OreDictionary.registerOreImpl(OreDictionary.java:665)
[02:19:06] [Server thread/WARN] [FML]: *  at net.minecraftforge.oredict.OreDictionary.registerOre(OreDictionary.java:651)
[02:19:06] [Server thread/WARN] [FML]: *  at net.dries007.tfc.util.OreDictionaryHelper.lambda$init$0(OreDictionaryHelper.java:77)
[02:19:06] [Server thread/WARN] [FML]: *  at com.google.common.collect.AbstractMapBasedMultimap.lambda$null$2(AbstractMapBasedMultimap.java:1279)
[02:19:06] [Server thread/WARN] [FML]: *  at java.lang.Iterable.forEach(Iterable.java:75)
[02:19:06] [Server thread/WARN] [FML]: *  at com.google.common.collect.AbstractMapBasedMultimap.lambda$forEach$3(AbstractMapBasedMultimap.java:1279)...
[02:19:06] [Server thread/WARN] [FML]: ****************************************
[02:19:06] [Server thread/WARN] [FML]: ****************************************
[02:19:06] [Server thread/WARN] [FML]: *  at net.minecraftforge.oredict.OreDictionary.registerOreImpl(OreDictionary.java:665)
[02:19:06] [Server thread/WARN] [FML]: *  at net.minecraftforge.oredict.OreDictionary.registerOre(OreDictionary.java:651)
[02:19:06] [Server thread/WARN] [FML]: *  at net.dries007.tfc.util.OreDictionaryHelper.lambda$init$0(OreDictionaryHelper.java:77)
[02:19:06] [Server thread/WARN] [FML]: *  at com.google.common.collect.AbstractMapBasedMultimap.lambda$null$2(AbstractMapBasedMultimap.java:1279)
[02:19:06] [Server thread/WARN] [FML]: *  at java.lang.Iterable.forEach(Iterable.java:75)
[02:19:06] [Server thread/WARN] [FML]: *  at com.google.common.collect.AbstractMapBasedMultimap.lambda$forEach$3(AbstractMapBasedMultimap.java:1279)...
[02:19:06] [Server thread/WARN] [FML]: ****************************************
[02:19:06] [Server thread/WARN] [FML]: ****************************************
[02:19:06] [Server thread/WARN] [FML]: *  at net.minecraftforge.oredict.OreDictionary.registerOreImpl(OreDictionary.java:665)
[02:19:06] [Server thread/WARN] [FML]: *  at net.minecraftforge.oredict.OreDictionary.registerOre(OreDictionary.java:651)
[02:19:06] [Server thread/WARN] [FML]: *  at net.dries007.tfc.util.OreDictionaryHelper.lambda$init$0(OreDictionaryHelper.java:77)
[02:19:06] [Server thread/WARN] [FML]: *  at com.google.common.collect.AbstractMapBasedMultimap.lambda$null$2(AbstractMapBasedMultimap.java:1279)
[02:19:06] [Server thread/WARN] [FML]: *  at java.lang.Iterable.forEach(Iterable.java:75)
[02:19:06] [Server thread/WARN] [FML]: *  at com.google.common.collect.AbstractMapBasedMultimap.lambda$forEach$3(AbstractMapBasedMultimap.java:1279)...
[02:19:06] [Server thread/WARN] [FML]: ****************************************
[02:19:06] [Server thread/WARN] [FML]: ****************************************
[02:19:06] [Server thread/WARN] [FML]: *  at net.minecraftforge.oredict.OreDictionary.registerOreImpl(OreDictionary.java:665)
[02:19:06] [Server thread/WARN] [FML]: *  at net.minecraftforge.oredict.OreDictionary.registerOre(OreDictionary.java:651)
[02:19:06] [Server thread/WARN] [FML]: *  at net.dries007.tfc.util.OreDictionaryHelper.lambda$init$0(OreDictionaryHelper.java:77)
[02:19:06] [Server thread/WARN] [FML]: *  at com.google.common.collect.AbstractMapBasedMultimap.lambda$null$2(AbstractMapBasedMultimap.java:1279)
[02:19:06] [Server thread/WARN] [FML]: *  at java.lang.Iterable.forEach(Iterable.java:75)
[02:19:06] [Server thread/WARN] [FML]: *  at com.google.common.collect.AbstractMapBasedMultimap.lambda$forEach$3(AbstractMapBasedMultimap.java:1279)...
[02:19:06] [Server thread/WARN] [FML]: ****************************************
[02:19:06] [Server thread/WARN] [FML]: ****************************************
[02:19:06] [Server thread/WARN] [FML]: *  at net.minecraftforge.oredict.OreDictionary.registerOreImpl(OreDictionary.java:665)
[02:19:06] [Server thread/WARN] [FML]: *  at net.minecraftforge.oredict.OreDictionary.registerOre(OreDictionary.java:651)
[02:19:06] [Server thread/WARN] [FML]: *  at net.dries007.tfc.util.OreDictionaryHelper.lambda$init$0(OreDictionaryHelper.java:77)
[02:19:06] [Server thread/WARN] [FML]: *  at com.google.common.collect.AbstractMapBasedMultimap.lambda$null$2(AbstractMapBasedMultimap.java:1279)
[02:19:06] [Server thread/WARN] [FML]: *  at java.lang.Iterable.forEach(Iterable.java:75)
[02:19:06] [Server thread/WARN] [FML]: *  at com.google.common.collect.AbstractMapBasedMultimap.lambda$forEach$3(AbstractMapBasedMultimap.java:1279)...
[02:19:06] [Server thread/WARN] [FML]: ****************************************
[02:19:06] [Server thread/WARN] [FML]: ****************************************
[02:19:06] [Server thread/WARN] [FML]: *  at net.minecraftforge.oredict.OreDictionary.registerOreImpl(OreDictionary.java:665)
[02:19:06] [Server thread/WARN] [FML]: *  at net.minecraftforge.oredict.OreDictionary.registerOre(OreDictionary.java:651)
[02:19:06] [Server thread/WARN] [FML]: *  at net.dries007.tfc.util.OreDictionaryHelper.lambda$init$0(OreDictionaryHelper.java:77)
[02:19:06] [Server thread/WARN] [FML]: *  at com.google.common.collect.AbstractMapBasedMultimap.lambda$null$2(AbstractMapBasedMultimap.java:1279)
[02:19:06] [Server thread/WARN] [FML]: *  at java.lang.Iterable.forEach(Iterable.java:75)
[02:19:06] [Server thread/WARN] [FML]: *  at com.google.common.collect.AbstractMapBasedMultimap.lambda$forEach$3(AbstractMapBasedMultimap.java:1279)...
[02:19:06] [Server thread/WARN] [FML]: ****************************************
[02:19:06] [Server thread/WARN] [FML]: ****************************************
[02:19:06] [Server thread/WARN] [FML]: *  at net.minecraftforge.oredict.OreDictionary.registerOreImpl(OreDictionary.java:665)
[02:19:06] [Server thread/WARN] [FML]: *  at net.minecraftforge.oredict.OreDictionary.registerOre(OreDictionary.java:651)
[02:19:06] [Server thread/WARN] [FML]: *  at net.dries007.tfc.util.OreDictionaryHelper.lambda$init$0(OreDictionaryHelper.java:77)
[02:19:06] [Server thread/WARN] [FML]: *  at com.google.common.collect.AbstractMapBasedMultimap.lambda$null$2(AbstractMapBasedMultimap.java:1279)
[02:19:06] [Server thread/WARN] [FML]: *  at java.lang.Iterable.forEach(Iterable.java:75)
[02:19:06] [Server thread/WARN] [FML]: *  at com.google.common.collect.AbstractMapBasedMultimap.lambda$forEach$3(AbstractMapBasedMultimap.java:1279)...
[02:19:06] [Server thread/WARN] [FML]: ****************************************
[02:19:06] [Server thread/WARN] [FML]: ****************************************
[02:19:06] [Server thread/WARN] [FML]: *  at net.minecraftforge.oredict.OreDictionary.registerOreImpl(OreDictionary.java:665)
[02:19:06] [Server thread/WARN] [FML]: *  at net.minecraftforge.oredict.OreDictionary.registerOre(OreDictionary.java:651)
[02:19:06] [Server thread/WARN] [FML]: *  at net.dries007.tfc.util.OreDictionaryHelper.lambda$init$0(OreDictionaryHelper.java:77)
[02:19:06] [Server thread/WARN] [FML]: *  at com.google.common.collect.AbstractMapBasedMultimap.lambda$null$2(AbstractMapBasedMultimap.java:1279)
[02:19:06] [Server thread/WARN] [FML]: *  at java.lang.Iterable.forEach(Iterable.java:75)
[02:19:06] [Server thread/WARN] [FML]: *  at com.google.common.collect.AbstractMapBasedMultimap.lambda$forEach$3(AbstractMapBasedMultimap.java:1279)...
[02:19:06] [Server thread/WARN] [FML]: ****************************************
[02:19:06] [Server thread/WARN] [FML]: ****************************************
[02:19:06] [Server thread/WARN] [FML]: *  at net.minecraftforge.oredict.OreDictionary.registerOreImpl(OreDictionary.java:665)
[02:19:06] [Server thread/WARN] [FML]: *  at net.minecraftforge.oredict.OreDictionary.registerOre(OreDictionary.java:651)
[02:19:06] [Server thread/WARN] [FML]: *  at net.dries007.tfc.util.OreDictionaryHelper.lambda$init$0(OreDictionaryHelper.java:77)
[02:19:06] [Server thread/WARN] [FML]: *  at com.google.common.collect.AbstractMapBasedMultimap.lambda$null$2(AbstractMapBasedMultimap.java:1279)
[02:19:06] [Server thread/WARN] [FML]: *  at java.lang.Iterable.forEach(Iterable.java:75)
[02:19:06] [Server thread/WARN] [FML]: *  at com.google.common.collect.AbstractMapBasedMultimap.lambda$forEach$3(AbstractMapBasedMultimap.java:1279)...
[02:19:06] [Server thread/WARN] [FML]: ****************************************
[02:19:06] [Server thread/WARN] [FML]: ****************************************
[02:19:06] [Server thread/WARN] [FML]: *  at net.minecraftforge.oredict.OreDictionary.registerOreImpl(OreDictionary.java:665)
[02:19:06] [Server thread/WARN] [FML]: *  at net.minecraftforge.oredict.OreDictionary.registerOre(OreDictionary.java:651)
[02:19:06] [Server thread/WARN] [FML]: *  at net.dries007.tfc.util.OreDictionaryHelper.lambda$init$0(OreDictionaryHelper.java:77)
[02:19:06] [Server thread/WARN] [FML]: *  at com.google.common.collect.AbstractMapBasedMultimap.lambda$null$2(AbstractMapBasedMultimap.java:1279)
[02:19:06] [Server thread/WARN] [FML]: *  at java.lang.Iterable.forEach(Iterable.java:75)
[02:19:06] [Server thread/WARN] [FML]: *  at com.google.common.collect.AbstractMapBasedMultimap.lambda$forEach$3(AbstractMapBasedMultimap.java:1279)...
[02:19:06] [Server thread/WARN] [FML]: ****************************************
[02:19:06] [Server thread/WARN] [FML]: ****************************************
[02:19:06] [Server thread/WARN] [FML]: *  at net.minecraftforge.oredict.OreDictionary.registerOreImpl(OreDictionary.java:665)
[02:19:06] [Server thread/WARN] [FML]: *  at net.minecraftforge.oredict.OreDictionary.registerOre(OreDictionary.java:651)
[02:19:06] [Server thread/WARN] [FML]: *  at net.dries007.tfc.util.OreDictionaryHelper.lambda$init$0(OreDictionaryHelper.java:77)
[02:19:06] [Server thread/WARN] [FML]: *  at com.google.common.collect.AbstractMapBasedMultimap.lambda$null$2(AbstractMapBasedMultimap.java:1279)
[02:19:06] [Server thread/WARN] [FML]: *  at java.lang.Iterable.forEach(Iterable.java:75)
[02:19:06] [Server thread/WARN] [FML]: *  at com.google.common.collect.AbstractMapBasedMultimap.lambda$forEach$3(AbstractMapBasedMultimap.java:1279)...
[02:19:06] [Server thread/WARN] [FML]: ****************************************
[02:19:06] [Server thread/WARN] [FML]: ****************************************
[02:19:06] [Server thread/WARN] [FML]: *  at net.minecraftforge.oredict.OreDictionary.registerOreImpl(OreDictionary.java:665)
[02:19:06] [Server thread/WARN] [FML]: *  at net.minecraftforge.oredict.OreDictionary.registerOre(OreDictionary.java:651)
[02:19:06] [Server thread/WARN] [FML]: *  at net.dries007.tfc.util.OreDictionaryHelper.lambda$init$0(OreDictionaryHelper.java:77)
[02:19:06] [Server thread/WARN] [FML]: *  at com.google.common.collect.AbstractMapBasedMultimap.lambda$null$2(AbstractMapBasedMultimap.java:1279)
[02:19:06] [Server thread/WARN] [FML]: *  at java.lang.Iterable.forEach(Iterable.java:75)
[02:19:06] [Server thread/WARN] [FML]: *  at com.google.common.collect.AbstractMapBasedMultimap.lambda$forEach$3(AbstractMapBasedMultimap.java:1279)...
[02:19:06] [Server thread/WARN] [FML]: ****************************************
[02:19:06] [Server thread/WARN] [FML]: ****************************************
[02:19:06] [Server thread/WARN] [FML]: *  at net.minecraftforge.oredict.OreDictionary.registerOreImpl(OreDictionary.java:665)
[02:19:06] [Server thread/WARN] [FML]: *  at net.minecraftforge.oredict.OreDictionary.registerOre(OreDictionary.java:651)
[02:19:06] [Server thread/WARN] [FML]: *  at net.dries007.tfc.util.OreDictionaryHelper.lambda$init$0(OreDictionaryHelper.java:77)
[02:19:06] [Server thread/WARN] [FML]: *  at com.google.common.collect.AbstractMapBasedMultimap.lambda$null$2(AbstractMapBasedMultimap.java:1279)
[02:19:06] [Server thread/WARN] [FML]: *  at java.lang.Iterable.forEach(Iterable.java:75)
[02:19:06] [Server thread/WARN] [FML]: *  at com.google.common.collect.AbstractMapBasedMultimap.lambda$forEach$3(AbstractMapBasedMultimap.java:1279)...
[02:19:06] [Server thread/WARN] [FML]: ****************************************
[02:19:06] [Server thread/WARN] [FML]: ****************************************
[02:19:06] [Server thread/WARN] [FML]: *  at net.minecraftforge.oredict.OreDictionary.registerOreImpl(OreDictionary.java:665)
[02:19:06] [Server thread/WARN] [FML]: *  at net.minecraftforge.oredict.OreDictionary.registerOre(OreDictionary.java:651)
[02:19:06] [Server thread/WARN] [FML]: *  at net.dries007.tfc.util.OreDictionaryHelper.lambda$init$0(OreDictionaryHelper.java:77)
[02:19:06] [Server thread/WARN] [FML]: *  at com.google.common.collect.AbstractMapBasedMultimap.lambda$null$2(AbstractMapBasedMultimap.java:1279)
[02:19:06] [Server thread/WARN] [FML]: *  at java.lang.Iterable.forEach(Iterable.java:75)
[02:19:06] [Server thread/WARN] [FML]: *  at com.google.common.collect.AbstractMapBasedMultimap.lambda$forEach$3(AbstractMapBasedMultimap.java:1279)...
[02:19:06] [Server thread/WARN] [FML]: ****************************************
[02:19:06] [Server thread/WARN] [FML]: ****************************************
[02:19:06] [Server thread/WARN] [FML]: *  at net.minecraftforge.oredict.OreDictionary.registerOreImpl(OreDictionary.java:665)
[02:19:06] [Server thread/WARN] [FML]: *  at net.minecraftforge.oredict.OreDictionary.registerOre(OreDictionary.java:651)
[02:19:06] [Server thread/WARN] [FML]: *  at net.dries007.tfc.util.OreDictionaryHelper.lambda$init$0(OreDictionaryHelper.java:77)
[02:19:06] [Server thread/WARN] [FML]: *  at com.google.common.collect.AbstractMapBasedMultimap.lambda$null$2(AbstractMapBasedMultimap.java:1279)
[02:19:06] [Server thread/WARN] [FML]: *  at java.lang.Iterable.forEach(Iterable.java:75)
[02:19:06] [Server thread/WARN] [FML]: *  at com.google.common.collect.AbstractMapBasedMultimap.lambda$forEach$3(AbstractMapBasedMultimap.java:1279)...
[02:19:06] [Server thread/WARN] [FML]: ****************************************
[02:19:06] [Server thread/WARN] [FML]: ****************************************
[02:19:06] [Server thread/WARN] [FML]: *  at net.minecraftforge.oredict.OreDictionary.registerOreImpl(OreDictionary.java:665)
[02:19:06] [Server thread/WARN] [FML]: *  at net.minecraftforge.oredict.OreDictionary.registerOre(OreDictionary.java:651)
[02:19:06] [Server thread/WARN] [FML]: *  at net.dries007.tfc.util.OreDictionaryHelper.lambda$init$0(OreDictionaryHelper.java:77)
[02:19:06] [Server thread/WARN] [FML]: *  at com.google.common.collect.AbstractMapBasedMultimap.lambda$null$2(AbstractMapBasedMultimap.java:1279)
[02:19:06] [Server thread/WARN] [FML]: *  at java.lang.Iterable.forEach(Iterable.java:75)
[02:19:06] [Server thread/WARN] [FML]: *  at com.google.common.collect.AbstractMapBasedMultimap.lambda$forEach$3(AbstractMapBasedMultimap.java:1279)...
[02:19:06] [Server thread/WARN] [FML]: ****************************************
[02:19:06] [Server thread/WARN] [FML]: ****************************************
[02:19:06] [Server thread/WARN] [FML]: *  at net.minecraftforge.oredict.OreDictionary.registerOreImpl(OreDictionary.java:665)
[02:19:06] [Server thread/WARN] [FML]: *  at net.minecraftforge.oredict.OreDictionary.registerOre(OreDictionary.java:651)
[02:19:06] [Server thread/WARN] [FML]: *  at net.dries007.tfc.util.OreDictionaryHelper.lambda$init$0(OreDictionaryHelper.java:77)
[02:19:06] [Server thread/WARN] [FML]: *  at com.google.common.collect.AbstractMapBasedMultimap.lambda$null$2(AbstractMapBasedMultimap.java:1279)
[02:19:06] [Server thread/WARN] [FML]: *  at java.lang.Iterable.forEach(Iterable.java:75)
[02:19:06] [Server thread/WARN] [FML]: *  at com.google.common.collect.AbstractMapBasedMultimap.lambda$forEach$3(AbstractMapBasedMultimap.java:1279)...
[02:19:06] [Server thread/WARN] [FML]: ****************************************
[02:19:06] [Server thread/WARN] [FML]: ****************************************
[02:19:06] [Server thread/WARN] [FML]: *  at net.minecraftforge.oredict.OreDictionary.registerOreImpl(OreDictionary.java:665)
[02:19:06] [Server thread/WARN] [FML]: *  at net.minecraftforge.oredict.OreDictionary.registerOre(OreDictionary.java:651)
[02:19:06] [Server thread/WARN] [FML]: *  at net.dries007.tfc.util.OreDictionaryHelper.lambda$init$0(OreDictionaryHelper.java:77)
[02:19:06] [Server thread/WARN] [FML]: *  at com.google.common.collect.AbstractMapBasedMultimap.lambda$null$2(AbstractMapBasedMultimap.java:1279)
[02:19:06] [Server thread/WARN] [FML]: *  at java.lang.Iterable.forEach(Iterable.java:75)
[02:19:06] [Server thread/WARN] [FML]: *  at com.google.common.collect.AbstractMapBasedMultimap.lambda$forEach$3(AbstractMapBasedMultimap.java:1279)...
[02:19:06] [Server thread/WARN] [FML]: ****************************************
[02:19:06] [Server thread/WARN] [FML]: ****************************************
[02:19:06] [Server thread/WARN] [FML]: *  at net.minecraftforge.oredict.OreDictionary.registerOreImpl(OreDictionary.java:665)
[02:19:06] [Server thread/WARN] [FML]: *  at net.minecraftforge.oredict.OreDictionary.registerOre(OreDictionary.java:651)
[02:19:06] [Server thread/WARN] [FML]: *  at net.dries007.tfc.util.OreDictionaryHelper.lambda$init$0(OreDictionaryHelper.java:77)
[02:19:06] [Server thread/WARN] [FML]: *  at com.google.common.collect.AbstractMapBasedMultimap.lambda$null$2(AbstractMapBasedMultimap.java:1279)
[02:19:06] [Server thread/WARN] [FML]: *  at java.lang.Iterable.forEach(Iterable.java:75)
[02:19:06] [Server thread/WARN] [FML]: *  at com.google.common.collect.AbstractMapBasedMultimap.lambda$forEach$3(AbstractMapBasedMultimap.java:1279)...
[02:19:06] [Server thread/WARN] [FML]: ****************************************
[02:19:06] [Server thread/WARN] [FML]: ****************************************
[02:19:06] [Server thread/WARN] [FML]: *  at net.minecraftforge.oredict.OreDictionary.registerOreImpl(OreDictionary.java:665)
[02:19:06] [Server thread/WARN] [FML]: *  at net.minecraftforge.oredict.OreDictionary.registerOre(OreDictionary.java:651)
[02:19:06] [Server thread/WARN] [FML]: *  at net.dries007.tfc.util.OreDictionaryHelper.lambda$init$0(OreDictionaryHelper.java:77)
[02:19:06] [Server thread/WARN] [FML]: *  at com.google.common.collect.AbstractMapBasedMultimap.lambda$null$2(AbstractMapBasedMultimap.java:1279)
[02:19:06] [Server thread/WARN] [FML]: *  at java.lang.Iterable.forEach(Iterable.java:75)
[02:19:06] [Server thread/WARN] [FML]: *  at com.google.common.collect.AbstractMapBasedMultimap.lambda$forEach$3(AbstractMapBasedMultimap.java:1279)...
[02:19:06] [Server thread/WARN] [FML]: ****************************************
[02:19:06] [Server thread/WARN] [FML]: ****************************************
[02:19:06] [Server thread/WARN] [FML]: *  at net.minecraftforge.oredict.OreDictionary.registerOreImpl(OreDictionary.java:665)
[02:19:06] [Server thread/WARN] [FML]: *  at net.minecraftforge.oredict.OreDictionary.registerOre(OreDictionary.java:651)
[02:19:06] [Server thread/WARN] [FML]: *  at net.dries007.tfc.util.OreDictionaryHelper.lambda$init$0(OreDictionaryHelper.java:77)
[02:19:06] [Server thread/WARN] [FML]: *  at com.google.common.collect.AbstractMapBasedMultimap.lambda$null$2(AbstractMapBasedMultimap.java:1279)
[02:19:06] [Server thread/WARN] [FML]: *  at java.lang.Iterable.forEach(Iterable.java:75)
[02:19:06] [Server thread/WARN] [FML]: *  at com.google.common.collect.AbstractMapBasedMultimap.lambda$forEach$3(AbstractMapBasedMultimap.java:1279)...
[02:19:06] [Server thread/WARN] [FML]: ****************************************
[02:19:06] [Server thread/WARN] [FML]: ****************************************
[02:19:06] [Server thread/WARN] [FML]: *  at net.minecraftforge.oredict.OreDictionary.registerOreImpl(OreDictionary.java:665)
[02:19:06] [Server thread/WARN] [FML]: *  at net.minecraftforge.oredict.OreDictionary.registerOre(OreDictionary.java:651)
[02:19:06] [Server thread/WARN] [FML]: *  at net.dries007.tfc.util.OreDictionaryHelper.lambda$init$0(OreDictionaryHelper.java:77)
[02:19:06] [Server thread/WARN] [FML]: *  at com.google.common.collect.AbstractMapBasedMultimap.lambda$null$2(AbstractMapBasedMultimap.java:1279)
[02:19:06] [Server thread/WARN] [FML]: *  at java.lang.Iterable.forEach(Iterable.java:75)
[02:19:06] [Server thread/WARN] [FML]: *  at com.google.common.collect.AbstractMapBasedMultimap.lambda$forEach$3(AbstractMapBasedMultimap.java:1279)...
[02:19:06] [Server thread/WARN] [FML]: ****************************************
[02:19:06] [Server thread/WARN] [FML]: ****************************************
[02:19:06] [Server thread/WARN] [FML]: *  at net.minecraftforge.oredict.OreDictionary.registerOreImpl(OreDictionary.java:665)
[02:19:06] [Server thread/WARN] [FML]: *  at net.minecraftforge.oredict.OreDictionary.registerOre(OreDictionary.java:651)
[02:19:06] [Server thread/WARN] [FML]: *  at net.dries007.tfc.util.OreDictionaryHelper.lambda$init$0(OreDictionaryHelper.java:77)
[02:19:06] [Server thread/WARN] [FML]: *  at com.google.common.collect.AbstractMapBasedMultimap.lambda$null$2(AbstractMapBasedMultimap.java:1279)
[02:19:06] [Server thread/WARN] [FML]: *  at java.lang.Iterable.forEach(Iterable.java:75)
[02:19:06] [Server thread/WARN] [FML]: *  at com.google.common.collect.AbstractMapBasedMultimap.lambda$forEach$3(AbstractMapBasedMultimap.java:1279)...
[02:19:06] [Server thread/WARN] [FML]: ****************************************
[02:19:06] [Server thread/WARN] [FML]: ****************************************
[02:19:06] [Server thread/WARN] [FML]: *  at net.minecraftforge.oredict.OreDictionary.registerOreImpl(OreDictionary.java:665)
[02:19:06] [Server thread/WARN] [FML]: *  at net.minecraftforge.oredict.OreDictionary.registerOre(OreDictionary.java:651)
[02:19:06] [Server thread/WARN] [FML]: *  at net.dries007.tfc.util.OreDictionaryHelper.lambda$init$0(OreDictionaryHelper.java:77)
[02:19:06] [Server thread/WARN] [FML]: *  at com.google.common.collect.AbstractMapBasedMultimap.lambda$null$2(AbstractMapBasedMultimap.java:1279)
[02:19:06] [Server thread/WARN] [FML]: *  at java.lang.Iterable.forEach(Iterable.java:75)
[02:19:06] [Server thread/WARN] [FML]: *  at com.google.common.collect.AbstractMapBasedMultimap.lambda$forEach$3(AbstractMapBasedMultimap.java:1279)...
[02:19:06] [Server thread/WARN] [FML]: ****************************************
[02:19:06] [Server thread/WARN] [FML]: ****************************************
[02:19:06] [Server thread/WARN] [FML]: *  at net.minecraftforge.oredict.OreDictionary.registerOreImpl(OreDictionary.java:665)
[02:19:06] [Server thread/WARN] [FML]: *  at net.minecraftforge.oredict.OreDictionary.registerOre(OreDictionary.java:651)
[02:19:06] [Server thread/WARN] [FML]: *  at net.dries007.tfc.util.OreDictionaryHelper.lambda$init$0(OreDictionaryHelper.java:77)
[02:19:06] [Server thread/WARN] [FML]: *  at com.google.common.collect.AbstractMapBasedMultimap.lambda$null$2(AbstractMapBasedMultimap.java:1279)
[02:19:06] [Server thread/WARN] [FML]: *  at java.lang.Iterable.forEach(Iterable.java:75)
[02:19:06] [Server thread/WARN] [FML]: *  at com.google.common.collect.AbstractMapBasedMultimap.lambda$forEach$3(AbstractMapBasedMultimap.java:1279)...
[02:19:06] [Server thread/WARN] [FML]: ****************************************
[02:19:06] [Server thread/WARN] [FML]: ****************************************
[02:19:06] [Server thread/WARN] [FML]: *  at net.minecraftforge.oredict.OreDictionary.registerOreImpl(OreDictionary.java:665)
[02:19:06] [Server thread/WARN] [FML]: *  at net.minecraftforge.oredict.OreDictionary.registerOre(OreDictionary.java:651)
[02:19:06] [Server thread/WARN] [FML]: *  at net.dries007.tfc.util.OreDictionaryHelper.lambda$init$0(OreDictionaryHelper.java:77)
[02:19:06] [Server thread/WARN] [FML]: *  at com.google.common.collect.AbstractMapBasedMultimap.lambda$null$2(AbstractMapBasedMultimap.java:1279)
[02:19:06] [Server thread/WARN] [FML]: *  at java.lang.Iterable.forEach(Iterable.java:75)
[02:19:06] [Server thread/WARN] [FML]: *  at com.google.common.collect.AbstractMapBasedMultimap.lambda$forEach$3(AbstractMapBasedMultimap.java:1279)...
[02:19:06] [Server thread/WARN] [FML]: ****************************************
[02:19:06] [Server thread/WARN] [FML]: ****************************************
[02:19:06] [Server thread/WARN] [FML]: *  at net.minecraftforge.oredict.OreDictionary.registerOreImpl(OreDictionary.java:665)
[02:19:06] [Server thread/WARN] [FML]: *  at net.minecraftforge.oredict.OreDictionary.registerOre(OreDictionary.java:651)
[02:19:06] [Server thread/WARN] [FML]: *  at net.dries007.tfc.util.OreDictionaryHelper.lambda$init$0(OreDictionaryHelper.java:77)
[02:19:06] [Server thread/WARN] [FML]: *  at com.google.common.collect.AbstractMapBasedMultimap.lambda$null$2(AbstractMapBasedMultimap.java:1279)
[02:19:06] [Server thread/WARN] [FML]: *  at java.lang.Iterable.forEach(Iterable.java:75)
[02:19:06] [Server thread/WARN] [FML]: *  at com.google.common.collect.AbstractMapBasedMultimap.lambda$forEach$3(AbstractMapBasedMultimap.java:1279)...
[02:19:06] [Server thread/WARN] [FML]: ****************************************
[02:19:06] [Server thread/WARN] [FML]: ****************************************
[02:19:06] [Server thread/WARN] [FML]: *  at net.minecraftforge.oredict.OreDictionary.registerOreImpl(OreDictionary.java:665)
[02:19:06] [Server thread/WARN] [FML]: *  at net.minecraftforge.oredict.OreDictionary.registerOre(OreDictionary.java:651)
[02:19:06] [Server thread/WARN] [FML]: *  at net.dries007.tfc.util.OreDictionaryHelper.lambda$init$0(OreDictionaryHelper.java:77)
[02:19:06] [Server thread/WARN] [FML]: *  at com.google.common.collect.AbstractMapBasedMultimap.lambda$null$2(AbstractMapBasedMultimap.java:1279)
[02:19:06] [Server thread/WARN] [FML]: *  at java.lang.Iterable.forEach(Iterable.java:75)
[02:19:06] [Server thread/WARN] [FML]: *  at com.google.common.collect.AbstractMapBasedMultimap.lambda$forEach$3(AbstractMapBasedMultimap.java:1279)...
[02:19:07] [Server thread/WARN] [FML]: ****************************************
[02:19:07] [Server thread/WARN] [FML]: ****************************************
[02:19:07] [Server thread/WARN] [FML]: *  at net.minecraftforge.oredict.OreDictionary.registerOreImpl(OreDictionary.java:665)
[02:19:07] [Server thread/WARN] [FML]: *  at net.minecraftforge.oredict.OreDictionary.registerOre(OreDictionary.java:651)
[02:19:07] [Server thread/WARN] [FML]: *  at net.dries007.tfc.util.OreDictionaryHelper.lambda$init$0(OreDictionaryHelper.java:77)
[02:19:07] [Server thread/WARN] [FML]: *  at com.google.common.collect.AbstractMapBasedMultimap.lambda$null$2(AbstractMapBasedMultimap.java:1279)
[02:19:07] [Server thread/WARN] [FML]: *  at java.lang.Iterable.forEach(Iterable.java:75)
[02:19:07] [Server thread/WARN] [FML]: *  at com.google.common.collect.AbstractMapBasedMultimap.lambda$forEach$3(AbstractMapBasedMultimap.java:1279)...
[02:19:07] [Server thread/WARN] [FML]: ****************************************
[02:19:07] [Server thread/WARN] [FML]: ****************************************
[02:19:07] [Server thread/WARN] [FML]: *  at net.minecraftforge.oredict.OreDictionary.registerOreImpl(OreDictionary.java:665)
[02:19:07] [Server thread/WARN] [FML]: *  at net.minecraftforge.oredict.OreDictionary.registerOre(OreDictionary.java:651)
[02:19:07] [Server thread/WARN] [FML]: *  at net.dries007.tfc.util.OreDictionaryHelper.lambda$init$0(OreDictionaryHelper.java:77)
[02:19:07] [Server thread/WARN] [FML]: *  at com.google.common.collect.AbstractMapBasedMultimap.lambda$null$2(AbstractMapBasedMultimap.java:1279)
[02:19:07] [Server thread/WARN] [FML]: *  at java.lang.Iterable.forEach(Iterable.java:75)
[02:19:07] [Server thread/WARN] [FML]: *  at com.google.common.collect.AbstractMapBasedMultimap.lambda$forEach$3(AbstractMapBasedMultimap.java:1279)...
[02:19:07] [Server thread/WARN] [FML]: ****************************************
[02:19:07] [Server thread/WARN] [FML]: ****************************************
[02:19:07] [Server thread/WARN] [FML]: *  at net.minecraftforge.oredict.OreDictionary.registerOreImpl(OreDictionary.java:665)
[02:19:07] [Server thread/WARN] [FML]: *  at net.minecraftforge.oredict.OreDictionary.registerOre(OreDictionary.java:651)
[02:19:07] [Server thread/WARN] [FML]: *  at net.dries007.tfc.util.OreDictionaryHelper.lambda$init$0(OreDictionaryHelper.java:77)
[02:19:07] [Server thread/WARN] [FML]: *  at com.google.common.collect.AbstractMapBasedMultimap.lambda$null$2(AbstractMapBasedMultimap.java:1279)
[02:19:07] [Server thread/WARN] [FML]: *  at java.lang.Iterable.forEach(Iterable.java:75)
[02:19:07] [Server thread/WARN] [FML]: *  at com.google.common.collect.AbstractMapBasedMultimap.lambda$forEach$3(AbstractMapBasedMultimap.java:1279)...
[02:19:07] [Server thread/WARN] [FML]: ****************************************
[02:19:07] [Server thread/WARN] [FML]: ****************************************
[02:19:07] [Server thread/WARN] [FML]: *  at net.minecraftforge.oredict.OreDictionary.registerOreImpl(OreDictionary.java:665)
[02:19:07] [Server thread/WARN] [FML]: *  at net.minecraftforge.oredict.OreDictionary.registerOre(OreDictionary.java:651)
[02:19:07] [Server thread/WARN] [FML]: *  at net.dries007.tfc.util.OreDictionaryHelper.lambda$init$0(OreDictionaryHelper.java:77)
[02:19:07] [Server thread/WARN] [FML]: *  at com.google.common.collect.AbstractMapBasedMultimap.lambda$null$2(AbstractMapBasedMultimap.java:1279)
[02:19:07] [Server thread/WARN] [FML]: *  at java.lang.Iterable.forEach(Iterable.java:75)
[02:19:07] [Server thread/WARN] [FML]: *  at com.google.common.collect.AbstractMapBasedMultimap.lambda$forEach$3(AbstractMapBasedMultimap.java:1279)...
[02:19:07] [Server thread/WARN] [FML]: ****************************************
[02:19:07] [Server thread/WARN] [FML]: ****************************************
[02:19:07] [Server thread/WARN] [FML]: *  at net.minecraftforge.oredict.OreDictionary.registerOreImpl(OreDictionary.java:665)
[02:19:07] [Server thread/WARN] [FML]: *  at net.minecraftforge.oredict.OreDictionary.registerOre(OreDictionary.java:651)
[02:19:07] [Server thread/WARN] [FML]: *  at net.dries007.tfc.util.OreDictionaryHelper.lambda$init$0(OreDictionaryHelper.java:77)
[02:19:07] [Server thread/WARN] [FML]: *  at com.google.common.collect.AbstractMapBasedMultimap.lambda$null$2(AbstractMapBasedMultimap.java:1279)
[02:19:07] [Server thread/WARN] [FML]: *  at java.lang.Iterable.forEach(Iterable.java:75)
[02:19:07] [Server thread/WARN] [FML]: *  at com.google.common.collect.AbstractMapBasedMultimap.lambda$forEach$3(AbstractMapBasedMultimap.java:1279)...
[02:19:07] [Server thread/WARN] [FML]: ****************************************
[02:19:07] [Server thread/WARN] [FML]: ****************************************
[02:19:07] [Server thread/WARN] [FML]: *  at net.minecraftforge.oredict.OreDictionary.registerOreImpl(OreDictionary.java:665)
[02:19:07] [Server thread/WARN] [FML]: *  at net.minecraftforge.oredict.OreDictionary.registerOre(OreDictionary.java:651)
[02:19:07] [Server thread/WARN] [FML]: *  at net.dries007.tfc.util.OreDictionaryHelper.lambda$init$0(OreDictionaryHelper.java:77)
[02:19:07] [Server thread/WARN] [FML]: *  at com.google.common.collect.AbstractMapBasedMultimap.lambda$null$2(AbstractMapBasedMultimap.java:1279)
[02:19:07] [Server thread/WARN] [FML]: *  at java.lang.Iterable.forEach(Iterable.java:75)
[02:19:07] [Server thread/WARN] [FML]: *  at com.google.common.collect.AbstractMapBasedMultimap.lambda$forEach$3(AbstractMapBasedMultimap.java:1279)...
[02:19:07] [Server thread/WARN] [FML]: ****************************************
[02:19:07] [Server thread/WARN] [FML]: ****************************************
[02:19:07] [Server thread/WARN] [FML]: *  at net.minecraftforge.oredict.OreDictionary.registerOreImpl(OreDictionary.java:665)
[02:19:07] [Server thread/WARN] [FML]: *  at net.minecraftforge.oredict.OreDictionary.registerOre(OreDictionary.java:651)
[02:19:07] [Server thread/WARN] [FML]: *  at net.dries007.tfc.util.OreDictionaryHelper.lambda$init$0(OreDictionaryHelper.java:77)
[02:19:07] [Server thread/WARN] [FML]: *  at com.google.common.collect.AbstractMapBasedMultimap.lambda$null$2(AbstractMapBasedMultimap.java:1279)
[02:19:07] [Server thread/WARN] [FML]: *  at java.lang.Iterable.forEach(Iterable.java:75)
[02:19:07] [Server thread/WARN] [FML]: *  at com.google.common.collect.AbstractMapBasedMultimap.lambda$forEach$3(AbstractMapBasedMultimap.java:1279)...
[02:19:07] [Server thread/WARN] [FML]: ****************************************
[02:19:07] [Server thread/WARN] [FML]: ****************************************
[02:19:07] [Server thread/WARN] [FML]: *  at net.minecraftforge.oredict.OreDictionary.registerOreImpl(OreDictionary.java:665)
[02:19:07] [Server thread/WARN] [FML]: *  at net.minecraftforge.oredict.OreDictionary.registerOre(OreDictionary.java:651)
[02:19:07] [Server thread/WARN] [FML]: *  at net.dries007.tfc.util.OreDictionaryHelper.lambda$init$0(OreDictionaryHelper.java:77)
[02:19:07] [Server thread/WARN] [FML]: *  at com.google.common.collect.AbstractMapBasedMultimap.lambda$null$2(AbstractMapBasedMultimap.java:1279)
[02:19:07] [Server thread/WARN] [FML]: *  at java.lang.Iterable.forEach(Iterable.java:75)
[02:19:07] [Server thread/WARN] [FML]: *  at com.google.common.collect.AbstractMapBasedMultimap.lambda$forEach$3(AbstractMapBasedMultimap.java:1279)...
[02:19:07] [Server thread/WARN] [FML]: ****************************************
[02:19:07] [Server thread/WARN] [FML]: ****************************************
[02:19:07] [Server thread/WARN] [FML]: *  at net.minecraftforge.oredict.OreDictionary.registerOreImpl(OreDictionary.java:665)
[02:19:07] [Server thread/WARN] [FML]: *  at net.minecraftforge.oredict.OreDictionary.registerOre(OreDictionary.java:651)
[02:19:07] [Server thread/WARN] [FML]: *  at net.dries007.tfc.util.OreDictionaryHelper.lambda$init$0(OreDictionaryHelper.java:77)
[02:19:07] [Server thread/WARN] [FML]: *  at com.google.common.collect.AbstractMapBasedMultimap.lambda$null$2(AbstractMapBasedMultimap.java:1279)
[02:19:07] [Server thread/WARN] [FML]: *  at java.lang.Iterable.forEach(Iterable.java:75)
[02:19:07] [Server thread/WARN] [FML]: *  at com.google.common.collect.AbstractMapBasedMultimap.lambda$forEach$3(AbstractMapBasedMultimap.java:1279)...
[02:19:07] [Server thread/WARN] [FML]: ****************************************
[02:19:07] [Server thread/WARN] [FML]: ****************************************
[02:19:07] [Server thread/WARN] [FML]: *  at net.minecraftforge.oredict.OreDictionary.registerOreImpl(OreDictionary.java:665)
[02:19:07] [Server thread/WARN] [FML]: *  at net.minecraftforge.oredict.OreDictionary.registerOre(OreDictionary.java:651)
[02:19:07] [Server thread/WARN] [FML]: *  at net.dries007.tfc.util.OreDictionaryHelper.lambda$init$0(OreDictionaryHelper.java:77)
[02:19:07] [Server thread/WARN] [FML]: *  at com.google.common.collect.AbstractMapBasedMultimap.lambda$null$2(AbstractMapBasedMultimap.java:1279)
[02:19:07] [Server thread/WARN] [FML]: *  at java.lang.Iterable.forEach(Iterable.java:75)
[02:19:07] [Server thread/WARN] [FML]: *  at com.google.common.collect.AbstractMapBasedMultimap.lambda$forEach$3(AbstractMapBasedMultimap.java:1279)...
[02:19:07] [Server thread/WARN] [FML]: ****************************************
[02:19:07] [Server thread/WARN] [FML]: ****************************************
[02:19:07] [Server thread/WARN] [FML]: *  at net.minecraftforge.oredict.OreDictionary.registerOreImpl(OreDictionary.java:665)
[02:19:07] [Server thread/WARN] [FML]: *  at net.minecraftforge.oredict.OreDictionary.registerOre(OreDictionary.java:651)
[02:19:07] [Server thread/WARN] [FML]: *  at net.dries007.tfc.util.OreDictionaryHelper.lambda$init$0(OreDictionaryHelper.java:77)
[02:19:07] [Server thread/WARN] [FML]: *  at com.google.common.collect.AbstractMapBasedMultimap.lambda$null$2(AbstractMapBasedMultimap.java:1279)
[02:19:07] [Server thread/WARN] [FML]: *  at java.lang.Iterable.forEach(Iterable.java:75)
[02:19:07] [Server thread/WARN] [FML]: *  at com.google.common.collect.AbstractMapBasedMultimap.lambda$forEach$3(AbstractMapBasedMultimap.java:1279)...
[02:19:07] [Server thread/WARN] [FML]: ****************************************
[02:19:07] [Server thread/WARN] [FML]: ****************************************
[02:19:07] [Server thread/WARN] [FML]: *  at net.minecraftforge.oredict.OreDictionary.registerOreImpl(OreDictionary.java:665)
[02:19:07] [Server thread/WARN] [FML]: *  at net.minecraftforge.oredict.OreDictionary.registerOre(OreDictionary.java:651)
[02:19:07] [Server thread/WARN] [FML]: *  at net.dries007.tfc.util.OreDictionaryHelper.lambda$init$0(OreDictionaryHelper.java:77)
[02:19:07] [Server thread/WARN] [FML]: *  at com.google.common.collect.AbstractMapBasedMultimap.lambda$null$2(AbstractMapBasedMultimap.java:1279)
[02:19:07] [Server thread/WARN] [FML]: *  at java.lang.Iterable.forEach(Iterable.java:75)
[02:19:07] [Server thread/WARN] [FML]: *  at com.google.common.collect.AbstractMapBasedMultimap.lambda$forEach$3(AbstractMapBasedMultimap.java:1279)...
[02:19:07] [Server thread/WARN] [FML]: ****************************************
[02:19:07] [Server thread/WARN] [FML]: ****************************************
[02:19:07] [Server thread/WARN] [FML]: *  at net.minecraftforge.oredict.OreDictionary.registerOreImpl(OreDictionary.java:665)
[02:19:07] [Server thread/WARN] [FML]: *  at net.minecraftforge.oredict.OreDictionary.registerOre(OreDictionary.java:651)
[02:19:07] [Server thread/WARN] [FML]: *  at net.dries007.tfc.util.OreDictionaryHelper.lambda$init$0(OreDictionaryHelper.java:77)
[02:19:07] [Server thread/WARN] [FML]: *  at com.google.common.collect.AbstractMapBasedMultimap.lambda$null$2(AbstractMapBasedMultimap.java:1279)
[02:19:07] [Server thread/WARN] [FML]: *  at java.lang.Iterable.forEach(Iterable.java:75)
[02:19:07] [Server thread/WARN] [FML]: *  at com.google.common.collect.AbstractMapBasedMultimap.lambda$forEach$3(AbstractMapBasedMultimap.java:1279)...
[02:19:07] [Server thread/WARN] [FML]: ****************************************
[02:19:07] [Server thread/WARN] [FML]: ****************************************
[02:19:07] [Server thread/WARN] [FML]: *  at net.minecraftforge.oredict.OreDictionary.registerOreImpl(OreDictionary.java:665)
[02:19:07] [Server thread/WARN] [FML]: *  at net.minecraftforge.oredict.OreDictionary.registerOre(OreDictionary.java:651)
[02:19:07] [Server thread/WARN] [FML]: *  at net.dries007.tfc.util.OreDictionaryHelper.lambda$init$0(OreDictionaryHelper.java:77)
[02:19:07] [Server thread/WARN] [FML]: *  at com.google.common.collect.AbstractMapBasedMultimap.lambda$null$2(AbstractMapBasedMultimap.java:1279)
[02:19:07] [Server thread/WARN] [FML]: *  at java.lang.Iterable.forEach(Iterable.java:75)
[02:19:07] [Server thread/WARN] [FML]: *  at com.google.common.collect.AbstractMapBasedMultimap.lambda$forEach$3(AbstractMapBasedMultimap.java:1279)...
[02:19:07] [Server thread/WARN] [FML]: ****************************************
[02:19:07] [Server thread/WARN] [FML]: ****************************************
[02:19:07] [Server thread/WARN] [FML]: *  at net.minecraftforge.oredict.OreDictionary.registerOreImpl(OreDictionary.java:665)
[02:19:07] [Server thread/WARN] [FML]: *  at net.minecraftforge.oredict.OreDictionary.registerOre(OreDictionary.java:651)
[02:19:07] [Server thread/WARN] [FML]: *  at net.dries007.tfc.util.OreDictionaryHelper.lambda$init$0(OreDictionaryHelper.java:77)
[02:19:07] [Server thread/WARN] [FML]: *  at com.google.common.collect.AbstractMapBasedMultimap.lambda$null$2(AbstractMapBasedMultimap.java:1279)
[02:19:07] [Server thread/WARN] [FML]: *  at java.lang.Iterable.forEach(Iterable.java:75)
[02:19:07] [Server thread/WARN] [FML]: *  at com.google.common.collect.AbstractMapBasedMultimap.lambda$forEach$3(AbstractMapBasedMultimap.java:1279)...
[02:19:07] [Server thread/WARN] [FML]: ****************************************
[02:19:07] [Server thread/WARN] [FML]: ****************************************
[02:19:07] [Server thread/WARN] [FML]: *  at net.minecraftforge.oredict.OreDictionary.registerOreImpl(OreDictionary.java:665)
[02:19:07] [Server thread/WARN] [FML]: *  at net.minecraftforge.oredict.OreDictionary.registerOre(OreDictionary.java:651)
[02:19:07] [Server thread/WARN] [FML]: *  at net.dries007.tfc.util.OreDictionaryHelper.lambda$init$0(OreDictionaryHelper.java:77)
[02:19:07] [Server thread/WARN] [FML]: *  at com.google.common.collect.AbstractMapBasedMultimap.lambda$null$2(AbstractMapBasedMultimap.java:1279)
[02:19:07] [Server thread/WARN] [FML]: *  at java.lang.Iterable.forEach(Iterable.java:75)
[02:19:07] [Server thread/WARN] [FML]: *  at com.google.common.collect.AbstractMapBasedMultimap.lambda$forEach$3(AbstractMapBasedMultimap.java:1279)...
[02:19:07] [Server thread/WARN] [FML]: ****************************************
[02:19:07] [Server thread/WARN] [FML]: ****************************************
[02:19:07] [Server thread/WARN] [FML]: *  at net.minecraftforge.oredict.OreDictionary.registerOreImpl(OreDictionary.java:665)
[02:19:07] [Server thread/WARN] [FML]: *  at net.minecraftforge.oredict.OreDictionary.registerOre(OreDictionary.java:651)
[02:19:07] [Server thread/WARN] [FML]: *  at net.dries007.tfc.util.OreDictionaryHelper.lambda$init$0(OreDictionaryHelper.java:77)
[02:19:07] [Server thread/WARN] [FML]: *  at com.google.common.collect.AbstractMapBasedMultimap.lambda$null$2(AbstractMapBasedMultimap.java:1279)
[02:19:07] [Server thread/WARN] [FML]: *  at java.lang.Iterable.forEach(Iterable.java:75)
[02:19:07] [Server thread/WARN] [FML]: *  at com.google.common.collect.AbstractMapBasedMultimap.lambda$forEach$3(AbstractMapBasedMultimap.java:1279)...
[02:19:07] [Server thread/WARN] [FML]: ****************************************
[02:19:07] [Server thread/WARN] [FML]: ****************************************
[02:19:07] [Server thread/WARN] [FML]: *  at net.minecraftforge.oredict.OreDictionary.registerOreImpl(OreDictionary.java:665)
[02:19:07] [Server thread/WARN] [FML]: *  at net.minecraftforge.oredict.OreDictionary.registerOre(OreDictionary.java:651)
[02:19:07] [Server thread/WARN] [FML]: *  at net.dries007.tfc.util.OreDictionaryHelper.lambda$init$0(OreDictionaryHelper.java:77)
[02:19:07] [Server thread/WARN] [FML]: *  at com.google.common.collect.AbstractMapBasedMultimap.lambda$null$2(AbstractMapBasedMultimap.java:1279)
[02:19:07] [Server thread/WARN] [FML]: *  at java.lang.Iterable.forEach(Iterable.java:75)
[02:19:07] [Server thread/WARN] [FML]: *  at com.google.common.collect.AbstractMapBasedMultimap.lambda$forEach$3(AbstractMapBasedMultimap.java:1279)...
[02:19:07] [Server thread/WARN] [FML]: ****************************************
[02:19:07] [Server thread/WARN] [FML]: ****************************************
[02:19:07] [Server thread/WARN] [FML]: *  at net.minecraftforge.oredict.OreDictionary.registerOreImpl(OreDictionary.java:665)
[02:19:07] [Server thread/WARN] [FML]: *  at net.minecraftforge.oredict.OreDictionary.registerOre(OreDictionary.java:651)
[02:19:07] [Server thread/WARN] [FML]: *  at net.dries007.tfc.util.OreDictionaryHelper.lambda$init$0(OreDictionaryHelper.java:77)
[02:19:07] [Server thread/WARN] [FML]: *  at com.google.common.collect.AbstractMapBasedMultimap.lambda$null$2(AbstractMapBasedMultimap.java:1279)
[02:19:07] [Server thread/WARN] [FML]: *  at java.lang.Iterable.forEach(Iterable.java:75)
[02:19:07] [Server thread/WARN] [FML]: *  at com.google.common.collect.AbstractMapBasedMultimap.lambda$forEach$3(AbstractMapBasedMultimap.java:1279)...
[02:19:07] [Server thread/WARN] [FML]: ****************************************
[02:19:07] [Server thread/WARN] [FML]: ****************************************
[02:19:07] [Server thread/WARN] [FML]: *  at net.minecraftforge.oredict.OreDictionary.registerOreImpl(OreDictionary.java:665)
[02:19:07] [Server thread/WARN] [FML]: *  at net.minecraftforge.oredict.OreDictionary.registerOre(OreDictionary.java:651)
[02:19:07] [Server thread/WARN] [FML]: *  at net.dries007.tfc.util.OreDictionaryHelper.lambda$init$0(OreDictionaryHelper.java:77)
[02:19:07] [Server thread/WARN] [FML]: *  at com.google.common.collect.AbstractMapBasedMultimap.lambda$null$2(AbstractMapBasedMultimap.java:1279)
[02:19:07] [Server thread/WARN] [FML]: *  at java.lang.Iterable.forEach(Iterable.java:75)
[02:19:07] [Server thread/WARN] [FML]: *  at com.google.common.collect.AbstractMapBasedMultimap.lambda$forEach$3(AbstractMapBasedMultimap.java:1279)...
[02:19:07] [Server thread/WARN] [FML]: ****************************************
[02:19:07] [Server thread/WARN] [FML]: ****************************************
[02:19:07] [Server thread/WARN] [FML]: *  at net.minecraftforge.oredict.OreDictionary.registerOreImpl(OreDictionary.java:665)
[02:19:07] [Server thread/WARN] [FML]: *  at net.minecraftforge.oredict.OreDictionary.registerOre(OreDictionary.java:651)
[02:19:07] [Server thread/WARN] [FML]: *  at net.dries007.tfc.util.OreDictionaryHelper.lambda$init$0(OreDictionaryHelper.java:77)
[02:19:07] [Server thread/WARN] [FML]: *  at com.google.common.collect.AbstractMapBasedMultimap.lambda$null$2(AbstractMapBasedMultimap.java:1279)
[02:19:07] [Server thread/WARN] [FML]: *  at java.lang.Iterable.forEach(Iterable.java:75)
[02:19:07] [Server thread/WARN] [FML]: *  at com.google.common.collect.AbstractMapBasedMultimap.lambda$forEach$3(AbstractMapBasedMultimap.java:1279)...
[02:19:07] [Server thread/WARN] [FML]: ****************************************
[02:19:07] [Server thread/WARN] [FML]: ****************************************
[02:19:07] [Server thread/WARN] [FML]: *  at net.minecraftforge.oredict.OreDictionary.registerOreImpl(OreDictionary.java:665)
[02:19:07] [Server thread/WARN] [FML]: *  at net.minecraftforge.oredict.OreDictionary.registerOre(OreDictionary.java:651)
[02:19:07] [Server thread/WARN] [FML]: *  at net.dries007.tfc.util.OreDictionaryHelper.lambda$init$0(OreDictionaryHelper.java:77)
[02:19:07] [Server thread/WARN] [FML]: *  at com.google.common.collect.AbstractMapBasedMultimap.lambda$null$2(AbstractMapBasedMultimap.java:1279)
[02:19:07] [Server thread/WARN] [FML]: *  at java.lang.Iterable.forEach(Iterable.java:75)
[02:19:07] [Server thread/WARN] [FML]: *  at com.google.common.collect.AbstractMapBasedMultimap.lambda$forEach$3(AbstractMapBasedMultimap.java:1279)...
[02:19:07] [Server thread/WARN] [FML]: ****************************************
[02:19:07] [Server thread/WARN] [FML]: ****************************************
[02:19:07] [Server thread/WARN] [FML]: *  at net.minecraftforge.oredict.OreDictionary.registerOreImpl(OreDictionary.java:665)
[02:19:07] [Server thread/WARN] [FML]: *  at net.minecraftforge.oredict.OreDictionary.registerOre(OreDictionary.java:651)
[02:19:07] [Server thread/WARN] [FML]: *  at net.dries007.tfc.util.OreDictionaryHelper.lambda$init$0(OreDictionaryHelper.java:77)
[02:19:07] [Server thread/WARN] [FML]: *  at com.google.common.collect.AbstractMapBasedMultimap.lambda$null$2(AbstractMapBasedMultimap.java:1279)
[02:19:07] [Server thread/WARN] [FML]: *  at java.lang.Iterable.forEach(Iterable.java:75)
[02:19:07] [Server thread/WARN] [FML]: *  at com.google.common.collect.AbstractMapBasedMultimap.lambda$forEach$3(AbstractMapBasedMultimap.java:1279)...
[02:19:07] [Server thread/WARN] [FML]: ****************************************
[02:19:07] [Server thread/WARN] [FML]: ****************************************
[02:19:07] [Server thread/WARN] [FML]: *  at net.minecraftforge.oredict.OreDictionary.registerOreImpl(OreDictionary.java:665)
[02:19:07] [Server thread/WARN] [FML]: *  at net.minecraftforge.oredict.OreDictionary.registerOre(OreDictionary.java:651)
[02:19:07] [Server thread/WARN] [FML]: *  at net.dries007.tfc.util.OreDictionaryHelper.lambda$init$0(OreDictionaryHelper.java:77)
[02:19:07] [Server thread/WARN] [FML]: *  at com.google.common.collect.AbstractMapBasedMultimap.lambda$null$2(AbstractMapBasedMultimap.java:1279)
[02:19:07] [Server thread/WARN] [FML]: *  at java.lang.Iterable.forEach(Iterable.java:75)
[02:19:07] [Server thread/WARN] [FML]: *  at com.google.common.collect.AbstractMapBasedMultimap.lambda$forEach$3(AbstractMapBasedMultimap.java:1279)...
[02:19:07] [Server thread/WARN] [FML]: ****************************************
[02:19:07] [Server thread/WARN] [FML]: ****************************************
[02:19:07] [Server thread/WARN] [FML]: *  at net.minecraftforge.oredict.OreDictionary.registerOreImpl(OreDictionary.java:665)
[02:19:07] [Server thread/WARN] [FML]: *  at net.minecraftforge.oredict.OreDictionary.registerOre(OreDictionary.java:651)
[02:19:07] [Server thread/WARN] [FML]: *  at net.dries007.tfc.util.OreDictionaryHelper.lambda$init$0(OreDictionaryHelper.java:77)
[02:19:07] [Server thread/WARN] [FML]: *  at com.google.common.collect.AbstractMapBasedMultimap.lambda$null$2(AbstractMapBasedMultimap.java:1279)
[02:19:07] [Server thread/WARN] [FML]: *  at java.lang.Iterable.forEach(Iterable.java:75)
[02:19:07] [Server thread/WARN] [FML]: *  at com.google.common.collect.AbstractMapBasedMultimap.lambda$forEach$3(AbstractMapBasedMultimap.java:1279)...
[02:19:07] [Server thread/WARN] [FML]: ****************************************
[02:19:07] [Server thread/WARN] [FML]: ****************************************
[02:19:07] [Server thread/WARN] [FML]: *  at net.minecraftforge.oredict.OreDictionary.registerOreImpl(OreDictionary.java:665)
[02:19:07] [Server thread/WARN] [FML]: *  at net.minecraftforge.oredict.OreDictionary.registerOre(OreDictionary.java:651)
[02:19:07] [Server thread/WARN] [FML]: *  at net.dries007.tfc.util.OreDictionaryHelper.lambda$init$0(OreDictionaryHelper.java:77)
[02:19:07] [Server thread/WARN] [FML]: *  at com.google.common.collect.AbstractMapBasedMultimap.lambda$null$2(AbstractMapBasedMultimap.java:1279)
[02:19:07] [Server thread/WARN] [FML]: *  at java.lang.Iterable.forEach(Iterable.java:75)
[02:19:07] [Server thread/WARN] [FML]: *  at com.google.common.collect.AbstractMapBasedMultimap.lambda$forEach$3(AbstractMapBasedMultimap.java:1279)...
[02:19:07] [Server thread/WARN] [FML]: ****************************************
[02:19:07] [Server thread/WARN] [FML]: ****************************************
[02:19:07] [Server thread/WARN] [FML]: *  at net.minecraftforge.oredict.OreDictionary.registerOreImpl(OreDictionary.java:665)
[02:19:07] [Server thread/WARN] [FML]: *  at net.minecraftforge.oredict.OreDictionary.registerOre(OreDictionary.java:651)
[02:19:07] [Server thread/WARN] [FML]: *  at net.dries007.tfc.util.OreDictionaryHelper.lambda$init$0(OreDictionaryHelper.java:77)
[02:19:07] [Server thread/WARN] [FML]: *  at com.google.common.collect.AbstractMapBasedMultimap.lambda$null$2(AbstractMapBasedMultimap.java:1279)
[02:19:07] [Server thread/WARN] [FML]: *  at java.lang.Iterable.forEach(Iterable.java:75)
[02:19:07] [Server thread/WARN] [FML]: *  at com.google.common.collect.AbstractMapBasedMultimap.lambda$forEach$3(AbstractMapBasedMultimap.java:1279)...
[02:19:07] [Server thread/WARN] [FML]: ****************************************
[02:19:07] [Server thread/WARN] [FML]: ****************************************
[02:19:07] [Server thread/WARN] [FML]: *  at net.minecraftforge.oredict.OreDictionary.registerOreImpl(OreDictionary.java:665)
[02:19:07] [Server thread/WARN] [FML]: *  at net.minecraftforge.oredict.OreDictionary.registerOre(OreDictionary.java:651)
[02:19:07] [Server thread/WARN] [FML]: *  at net.dries007.tfc.util.OreDictionaryHelper.lambda$init$0(OreDictionaryHelper.java:77)
[02:19:07] [Server thread/WARN] [FML]: *  at com.google.common.collect.AbstractMapBasedMultimap.lambda$null$2(AbstractMapBasedMultimap.java:1279)
[02:19:07] [Server thread/WARN] [FML]: *  at java.lang.Iterable.forEach(Iterable.java:75)
[02:19:07] [Server thread/WARN] [FML]: *  at com.google.common.collect.AbstractMapBasedMultimap.lambda$forEach$3(AbstractMapBasedMultimap.java:1279)...
[02:19:07] [Server thread/WARN] [FML]: ****************************************
[02:19:07] [Server thread/WARN] [FML]: ****************************************
[02:19:07] [Server thread/WARN] [FML]: *  at net.minecraftforge.oredict.OreDictionary.registerOreImpl(OreDictionary.java:665)
[02:19:07] [Server thread/WARN] [FML]: *  at net.minecraftforge.oredict.OreDictionary.registerOre(OreDictionary.java:651)
[02:19:07] [Server thread/WARN] [FML]: *  at net.dries007.tfc.util.OreDictionaryHelper.lambda$init$0(OreDictionaryHelper.java:77)
[02:19:07] [Server thread/WARN] [FML]: *  at com.google.common.collect.AbstractMapBasedMultimap.lambda$null$2(AbstractMapBasedMultimap.java:1279)
[02:19:07] [Server thread/WARN] [FML]: *  at java.lang.Iterable.forEach(Iterable.java:75)
[02:19:07] [Server thread/WARN] [FML]: *  at com.google.common.collect.AbstractMapBasedMultimap.lambda$forEach$3(AbstractMapBasedMultimap.java:1279)...
[02:19:07] [Server thread/WARN] [FML]: ****************************************
[02:19:07] [Server thread/WARN] [FML]: ****************************************
[02:19:07] [Server thread/WARN] [FML]: *  at net.minecraftforge.oredict.OreDictionary.registerOreImpl(OreDictionary.java:665)
[02:19:07] [Server thread/WARN] [FML]: *  at net.minecraftforge.oredict.OreDictionary.registerOre(OreDictionary.java:651)
[02:19:07] [Server thread/WARN] [FML]: *  at net.dries007.tfc.util.OreDictionaryHelper.lambda$init$0(OreDictionaryHelper.java:77)
[02:19:07] [Server thread/WARN] [FML]: *  at com.google.common.collect.AbstractMapBasedMultimap.lambda$null$2(AbstractMapBasedMultimap.java:1279)
[02:19:07] [Server thread/WARN] [FML]: *  at java.lang.Iterable.forEach(Iterable.java:75)
[02:19:07] [Server thread/WARN] [FML]: *  at com.google.common.collect.AbstractMapBasedMultimap.lambda$forEach$3(AbstractMapBasedMultimap.java:1279)...
[02:19:07] [Server thread/WARN] [FML]: ****************************************
[02:19:07] [Server thread/WARN] [FML]: ****************************************
[02:19:07] [Server thread/WARN] [FML]: *  at net.minecraftforge.oredict.OreDictionary.registerOreImpl(OreDictionary.java:665)
[02:19:07] [Server thread/WARN] [FML]: *  at net.minecraftforge.oredict.OreDictionary.registerOre(OreDictionary.java:651)
[02:19:07] [Server thread/WARN] [FML]: *  at net.dries007.tfc.util.OreDictionaryHelper.lambda$init$0(OreDictionaryHelper.java:77)
[02:19:07] [Server thread/WARN] [FML]: *  at com.google.common.collect.AbstractMapBasedMultimap.lambda$null$2(AbstractMapBasedMultimap.java:1279)
[02:19:07] [Server thread/WARN] [FML]: *  at java.lang.Iterable.forEach(Iterable.java:75)
[02:19:07] [Server thread/WARN] [FML]: *  at com.google.common.collect.AbstractMapBasedMultimap.lambda$forEach$3(AbstractMapBasedMultimap.java:1279)...
[02:19:07] [Server thread/WARN] [FML]: ****************************************
[02:19:07] [Server thread/WARN] [FML]: ****************************************
[02:19:07] [Server thread/WARN] [FML]: *  at net.minecraftforge.oredict.OreDictionary.registerOreImpl(OreDictionary.java:665)
[02:19:07] [Server thread/WARN] [FML]: *  at net.minecraftforge.oredict.OreDictionary.registerOre(OreDictionary.java:651)
[02:19:07] [Server thread/WARN] [FML]: *  at net.dries007.tfc.util.OreDictionaryHelper.lambda$init$0(OreDictionaryHelper.java:77)
[02:19:07] [Server thread/WARN] [FML]: *  at com.google.common.collect.AbstractMapBasedMultimap.lambda$null$2(AbstractMapBasedMultimap.java:1279)
[02:19:07] [Server thread/WARN] [FML]: *  at java.lang.Iterable.forEach(Iterable.java:75)
[02:19:07] [Server thread/WARN] [FML]: *  at com.google.common.collect.AbstractMapBasedMultimap.lambda$forEach$3(AbstractMapBasedMultimap.java:1279)...
[02:19:07] [Server thread/WARN] [FML]: ****************************************
[02:19:07] [Server thread/WARN] [FML]: ****************************************
[02:19:07] [Server thread/WARN] [FML]: *  at net.minecraftforge.oredict.OreDictionary.registerOreImpl(OreDictionary.java:665)
[02:19:07] [Server thread/WARN] [FML]: *  at net.minecraftforge.oredict.OreDictionary.registerOre(OreDictionary.java:651)
[02:19:07] [Server thread/WARN] [FML]: *  at net.dries007.tfc.util.OreDictionaryHelper.lambda$init$0(OreDictionaryHelper.java:77)
[02:19:07] [Server thread/WARN] [FML]: *  at com.google.common.collect.AbstractMapBasedMultimap.lambda$null$2(AbstractMapBasedMultimap.java:1279)
[02:19:07] [Server thread/WARN] [FML]: *  at java.lang.Iterable.forEach(Iterable.java:75)
[02:19:07] [Server thread/WARN] [FML]: *  at com.google.common.collect.AbstractMapBasedMultimap.lambda$forEach$3(AbstractMapBasedMultimap.java:1279)...
[02:19:07] [Server thread/WARN] [FML]: ****************************************
[02:19:07] [Server thread/WARN] [FML]: ****************************************
[02:19:07] [Server thread/WARN] [FML]: *  at net.minecraftforge.oredict.OreDictionary.registerOreImpl(OreDictionary.java:665)
[02:19:07] [Server thread/WARN] [FML]: *  at net.minecraftforge.oredict.OreDictionary.registerOre(OreDictionary.java:651)
[02:19:07] [Server thread/WARN] [FML]: *  at net.dries007.tfc.util.OreDictionaryHelper.lambda$init$0(OreDictionaryHelper.java:77)
[02:19:07] [Server thread/WARN] [FML]: *  at com.google.common.collect.AbstractMapBasedMultimap.lambda$null$2(AbstractMapBasedMultimap.java:1279)
[02:19:07] [Server thread/WARN] [FML]: *  at java.lang.Iterable.forEach(Iterable.java:75)
[02:19:07] [Server thread/WARN] [FML]: *  at com.google.common.collect.AbstractMapBasedMultimap.lambda$forEach$3(AbstractMapBasedMultimap.java:1279)...
[02:19:07] [Server thread/WARN] [FML]: ****************************************
[02:19:07] [Server thread/WARN] [FML]: ****************************************
[02:19:07] [Server thread/WARN] [FML]: *  at net.minecraftforge.oredict.OreDictionary.registerOreImpl(OreDictionary.java:665)
[02:19:07] [Server thread/WARN] [FML]: *  at net.minecraftforge.oredict.OreDictionary.registerOre(OreDictionary.java:651)
[02:19:07] [Server thread/WARN] [FML]: *  at net.dries007.tfc.util.OreDictionaryHelper.lambda$init$0(OreDictionaryHelper.java:77)
[02:19:07] [Server thread/WARN] [FML]: *  at com.google.common.collect.AbstractMapBasedMultimap.lambda$null$2(AbstractMapBasedMultimap.java:1279)
[02:19:07] [Server thread/WARN] [FML]: *  at java.lang.Iterable.forEach(Iterable.java:75)
[02:19:07] [Server thread/WARN] [FML]: *  at com.google.common.collect.AbstractMapBasedMultimap.lambda$forEach$3(AbstractMapBasedMultimap.java:1279)...
[02:19:07] [Server thread/WARN] [FML]: ****************************************
[02:19:07] [Server thread/WARN] [FML]: ****************************************
[02:19:07] [Server thread/WARN] [FML]: *  at net.minecraftforge.oredict.OreDictionary.registerOreImpl(OreDictionary.java:665)
[02:19:07] [Server thread/WARN] [FML]: *  at net.minecraftforge.oredict.OreDictionary.registerOre(OreDictionary.java:651)
[02:19:07] [Server thread/WARN] [FML]: *  at net.dries007.tfc.util.OreDictionaryHelper.lambda$init$0(OreDictionaryHelper.java:77)
[02:19:07] [Server thread/WARN] [FML]: *  at com.google.common.collect.AbstractMapBasedMultimap.lambda$null$2(AbstractMapBasedMultimap.java:1279)
[02:19:07] [Server thread/WARN] [FML]: *  at java.lang.Iterable.forEach(Iterable.java:75)
[02:19:07] [Server thread/WARN] [FML]: *  at com.google.common.collect.AbstractMapBasedMultimap.lambda$forEach$3(AbstractMapBasedMultimap.java:1279)...
[02:19:07] [Server thread/WARN] [FML]: ****************************************
[02:19:07] [Server thread/WARN] [FML]: ****************************************
[02:19:07] [Server thread/WARN] [FML]: *  at net.minecraftforge.oredict.OreDictionary.registerOreImpl(OreDictionary.java:665)
[02:19:07] [Server thread/WARN] [FML]: *  at net.minecraftforge.oredict.OreDictionary.registerOre(OreDictionary.java:651)
[02:19:07] [Server thread/WARN] [FML]: *  at net.dries007.tfc.util.OreDictionaryHelper.lambda$init$0(OreDictionaryHelper.java:77)
[02:19:07] [Server thread/WARN] [FML]: *  at com.google.common.collect.AbstractMapBasedMultimap.lambda$null$2(AbstractMapBasedMultimap.java:1279)
[02:19:07] [Server thread/WARN] [FML]: *  at java.lang.Iterable.forEach(Iterable.java:75)
[02:19:07] [Server thread/WARN] [FML]: *  at com.google.common.collect.AbstractMapBasedMultimap.lambda$forEach$3(AbstractMapBasedMultimap.java:1279)...
[02:19:07] [Server thread/WARN] [FML]: ****************************************
[02:19:07] [Server thread/WARN] [FML]: ****************************************
[02:19:07] [Server thread/WARN] [FML]: *  at net.minecraftforge.oredict.OreDictionary.registerOreImpl(OreDictionary.java:665)
[02:19:07] [Server thread/WARN] [FML]: *  at net.minecraftforge.oredict.OreDictionary.registerOre(OreDictionary.java:651)
[02:19:07] [Server thread/WARN] [FML]: *  at net.dries007.tfc.util.OreDictionaryHelper.lambda$init$0(OreDictionaryHelper.java:77)
[02:19:07] [Server thread/WARN] [FML]: *  at com.google.common.collect.AbstractMapBasedMultimap.lambda$null$2(AbstractMapBasedMultimap.java:1279)
[02:19:07] [Server thread/WARN] [FML]: *  at java.lang.Iterable.forEach(Iterable.java:75)
[02:19:07] [Server thread/WARN] [FML]: *  at com.google.common.collect.AbstractMapBasedMultimap.lambda$forEach$3(AbstractMapBasedMultimap.java:1279)...
[02:19:07] [Server thread/WARN] [FML]: ****************************************
[02:19:07] [Server thread/WARN] [FML]: ****************************************
[02:19:07] [Server thread/WARN] [FML]: *  at net.minecraftforge.oredict.OreDictionary.registerOreImpl(OreDictionary.java:665)
[02:19:07] [Server thread/WARN] [FML]: *  at net.minecraftforge.oredict.OreDictionary.registerOre(OreDictionary.java:651)
[02:19:07] [Server thread/WARN] [FML]: *  at net.dries007.tfc.util.OreDictionaryHelper.lambda$init$0(OreDictionaryHelper.java:77)
[02:19:07] [Server thread/WARN] [FML]: *  at com.google.common.collect.AbstractMapBasedMultimap.lambda$null$2(AbstractMapBasedMultimap.java:1279)
[02:19:07] [Server thread/WARN] [FML]: *  at java.lang.Iterable.forEach(Iterable.java:75)
[02:19:07] [Server thread/WARN] [FML]: *  at com.google.common.collect.AbstractMapBasedMultimap.lambda$forEach$3(AbstractMapBasedMultimap.java:1279)...
[02:19:07] [Server thread/WARN] [FML]: ****************************************
[02:19:07] [Server thread/WARN] [FML]: ****************************************
[02:19:07] [Server thread/WARN] [FML]: *  at net.minecraftforge.oredict.OreDictionary.registerOreImpl(OreDictionary.java:665)
[02:19:07] [Server thread/WARN] [FML]: *  at net.minecraftforge.oredict.OreDictionary.registerOre(OreDictionary.java:651)
[02:19:07] [Server thread/WARN] [FML]: *  at net.dries007.tfc.util.OreDictionaryHelper.lambda$init$0(OreDictionaryHelper.java:77)
[02:19:07] [Server thread/WARN] [FML]: *  at com.google.common.collect.AbstractMapBasedMultimap.lambda$null$2(AbstractMapBasedMultimap.java:1279)
[02:19:07] [Server thread/WARN] [FML]: *  at java.lang.Iterable.forEach(Iterable.java:75)
[02:19:07] [Server thread/WARN] [FML]: *  at com.google.common.collect.AbstractMapBasedMultimap.lambda$forEach$3(AbstractMapBasedMultimap.java:1279)...
[02:19:07] [Server thread/WARN] [FML]: ****************************************
[02:19:07] [Server thread/WARN] [FML]: ****************************************
[02:19:07] [Server thread/WARN] [FML]: *  at net.minecraftforge.oredict.OreDictionary.registerOreImpl(OreDictionary.java:665)
[02:19:07] [Server thread/WARN] [FML]: *  at net.minecraftforge.oredict.OreDictionary.registerOre(OreDictionary.java:651)
[02:19:07] [Server thread/WARN] [FML]: *  at net.dries007.tfc.util.OreDictionaryHelper.lambda$init$0(OreDictionaryHelper.java:77)
[02:19:07] [Server thread/WARN] [FML]: *  at com.google.common.collect.AbstractMapBasedMultimap.lambda$null$2(AbstractMapBasedMultimap.java:1279)
[02:19:07] [Server thread/WARN] [FML]: *  at java.lang.Iterable.forEach(Iterable.java:75)
[02:19:07] [Server thread/WARN] [FML]: *  at com.google.common.collect.AbstractMapBasedMultimap.lambda$forEach$3(AbstractMapBasedMultimap.java:1279)...
[02:19:07] [Server thread/WARN] [FML]: ****************************************
[02:19:07] [Server thread/WARN] [FML]: ****************************************
[02:19:07] [Server thread/WARN] [FML]: *  at net.minecraftforge.oredict.OreDictionary.registerOreImpl(OreDictionary.java:665)
[02:19:07] [Server thread/WARN] [FML]: *  at net.minecraftforge.oredict.OreDictionary.registerOre(OreDictionary.java:651)
[02:19:07] [Server thread/WARN] [FML]: *  at net.dries007.tfc.util.OreDictionaryHelper.lambda$init$0(OreDictionaryHelper.java:77)
[02:19:07] [Server thread/WARN] [FML]: *  at com.google.common.collect.AbstractMapBasedMultimap.lambda$null$2(AbstractMapBasedMultimap.java:1279)
[02:19:07] [Server thread/WARN] [FML]: *  at java.lang.Iterable.forEach(Iterable.java:75)
[02:19:07] [Server thread/WARN] [FML]: *  at com.google.common.collect.AbstractMapBasedMultimap.lambda$forEach$3(AbstractMapBasedMultimap.java:1279)...
[02:19:07] [Server thread/WARN] [FML]: ****************************************
[02:19:07] [Server thread/WARN] [FML]: ****************************************
[02:19:07] [Server thread/WARN] [FML]: *  at net.minecraftforge.oredict.OreDictionary.registerOreImpl(OreDictionary.java:665)
[02:19:07] [Server thread/WARN] [FML]: *  at net.minecraftforge.oredict.OreDictionary.registerOre(OreDictionary.java:651)
[02:19:07] [Server thread/WARN] [FML]: *  at net.dries007.tfc.util.OreDictionaryHelper.lambda$init$0(OreDictionaryHelper.java:77)
[02:19:07] [Server thread/WARN] [FML]: *  at com.google.common.collect.AbstractMapBasedMultimap.lambda$null$2(AbstractMapBasedMultimap.java:1279)
[02:19:07] [Server thread/WARN] [FML]: *  at java.lang.Iterable.forEach(Iterable.java:75)
[02:19:07] [Server thread/WARN] [FML]: *  at com.google.common.collect.AbstractMapBasedMultimap.lambda$forEach$3(AbstractMapBasedMultimap.java:1279)...
[02:19:07] [Server thread/WARN] [FML]: ****************************************
[02:19:07] [Server thread/WARN] [FML]: ****************************************
[02:19:07] [Server thread/WARN] [FML]: *  at net.minecraftforge.oredict.OreDictionary.registerOreImpl(OreDictionary.java:665)
[02:19:07] [Server thread/WARN] [FML]: *  at net.minecraftforge.oredict.OreDictionary.registerOre(OreDictionary.java:651)
[02:19:07] [Server thread/WARN] [FML]: *  at net.dries007.tfc.util.OreDictionaryHelper.lambda$init$0(OreDictionaryHelper.java:77)
[02:19:07] [Server thread/WARN] [FML]: *  at com.google.common.collect.AbstractMapBasedMultimap.lambda$null$2(AbstractMapBasedMultimap.java:1279)
[02:19:07] [Server thread/WARN] [FML]: *  at java.lang.Iterable.forEach(Iterable.java:75)
[02:19:07] [Server thread/WARN] [FML]: *  at com.google.common.collect.AbstractMapBasedMultimap.lambda$forEach$3(AbstractMapBasedMultimap.java:1279)...
[02:19:07] [Server thread/WARN] [FML]: ****************************************
[02:19:07] [Server thread/WARN] [FML]: ****************************************
[02:19:07] [Server thread/WARN] [FML]: *  at net.minecraftforge.oredict.OreDictionary.registerOreImpl(OreDictionary.java:665)
[02:19:07] [Server thread/WARN] [FML]: *  at net.minecraftforge.oredict.OreDictionary.registerOre(OreDictionary.java:651)
[02:19:07] [Server thread/WARN] [FML]: *  at net.dries007.tfc.util.OreDictionaryHelper.lambda$init$0(OreDictionaryHelper.java:77)
[02:19:07] [Server thread/WARN] [FML]: *  at com.google.common.collect.AbstractMapBasedMultimap.lambda$null$2(AbstractMapBasedMultimap.java:1279)
[02:19:07] [Server thread/WARN] [FML]: *  at java.lang.Iterable.forEach(Iterable.java:75)
[02:19:07] [Server thread/WARN] [FML]: *  at com.google.common.collect.AbstractMapBasedMultimap.lambda$forEach$3(AbstractMapBasedMultimap.java:1279)...
[02:19:07] [Server thread/WARN] [FML]: ****************************************
[02:19:07] [Server thread/WARN] [FML]: ****************************************
[02:19:07] [Server thread/WARN] [FML]: *  at net.minecraftforge.oredict.OreDictionary.registerOreImpl(OreDictionary.java:665)
[02:19:07] [Server thread/WARN] [FML]: *  at net.minecraftforge.oredict.OreDictionary.registerOre(OreDictionary.java:651)
[02:19:07] [Server thread/WARN] [FML]: *  at net.dries007.tfc.util.OreDictionaryHelper.lambda$init$0(OreDictionaryHelper.java:77)
[02:19:07] [Server thread/WARN] [FML]: *  at com.google.common.collect.AbstractMapBasedMultimap.lambda$null$2(AbstractMapBasedMultimap.java:1279)
[02:19:07] [Server thread/WARN] [FML]: *  at java.lang.Iterable.forEach(Iterable.java:75)
[02:19:07] [Server thread/WARN] [FML]: *  at com.google.common.collect.AbstractMapBasedMultimap.lambda$forEach$3(AbstractMapBasedMultimap.java:1279)...
[02:19:07] [Server thread/WARN] [FML]: ****************************************
[02:19:07] [Server thread/WARN] [FML]: ****************************************
[02:19:07] [Server thread/WARN] [FML]: *  at net.minecraftforge.oredict.OreDictionary.registerOreImpl(OreDictionary.java:665)
[02:19:07] [Server thread/WARN] [FML]: *  at net.minecraftforge.oredict.OreDictionary.registerOre(OreDictionary.java:651)
[02:19:07] [Server thread/WARN] [FML]: *  at net.dries007.tfc.util.OreDictionaryHelper.lambda$init$0(OreDictionaryHelper.java:77)
[02:19:07] [Server thread/WARN] [FML]: *  at com.google.common.collect.AbstractMapBasedMultimap.lambda$null$2(AbstractMapBasedMultimap.java:1279)
[02:19:07] [Server thread/WARN] [FML]: *  at java.lang.Iterable.forEach(Iterable.java:75)
[02:19:07] [Server thread/WARN] [FML]: *  at com.google.common.collect.AbstractMapBasedMultimap.lambda$forEach$3(AbstractMapBasedMultimap.java:1279)...
[02:19:07] [Server thread/WARN] [FML]: ****************************************
[02:19:07] [Server thread/WARN] [FML]: ****************************************
[02:19:07] [Server thread/WARN] [FML]: *  at net.minecraftforge.oredict.OreDictionary.registerOreImpl(OreDictionary.java:665)
[02:19:07] [Server thread/WARN] [FML]: *  at net.minecraftforge.oredict.OreDictionary.registerOre(OreDictionary.java:651)
[02:19:07] [Server thread/WARN] [FML]: *  at net.dries007.tfc.util.OreDictionaryHelper.lambda$init$0(OreDictionaryHelper.java:77)
[02:19:07] [Server thread/WARN] [FML]: *  at com.google.common.collect.AbstractMapBasedMultimap.lambda$null$2(AbstractMapBasedMultimap.java:1279)
[02:19:07] [Server thread/WARN] [FML]: *  at java.lang.Iterable.forEach(Iterable.java:75)
[02:19:07] [Server thread/WARN] [FML]: *  at com.google.common.collect.AbstractMapBasedMultimap.lambda$forEach$3(AbstractMapBasedMultimap.java:1279)...
[02:19:07] [Server thread/WARN] [FML]: ****************************************
[02:19:07] [Server thread/WARN] [FML]: ****************************************
[02:19:07] [Server thread/WARN] [FML]: *  at net.minecraftforge.oredict.OreDictionary.registerOreImpl(OreDictionary.java:665)
[02:19:07] [Server thread/WARN] [FML]: *  at net.minecraftforge.oredict.OreDictionary.registerOre(OreDictionary.java:651)
[02:19:07] [Server thread/WARN] [FML]: *  at net.dries007.tfc.util.OreDictionaryHelper.lambda$init$0(OreDictionaryHelper.java:77)
[02:19:07] [Server thread/WARN] [FML]: *  at com.google.common.collect.AbstractMapBasedMultimap.lambda$null$2(AbstractMapBasedMultimap.java:1279)
[02:19:07] [Server thread/WARN] [FML]: *  at java.lang.Iterable.forEach(Iterable.java:75)
[02:19:07] [Server thread/WARN] [FML]: *  at com.google.common.collect.AbstractMapBasedMultimap.lambda$forEach$3(AbstractMapBasedMultimap.java:1279)...
[02:19:07] [Server thread/WARN] [FML]: ****************************************
[02:19:07] [Server thread/WARN] [FML]: ****************************************
[02:19:07] [Server thread/WARN] [FML]: *  at net.minecraftforge.oredict.OreDictionary.registerOreImpl(OreDictionary.java:665)
[02:19:07] [Server thread/WARN] [FML]: *  at net.minecraftforge.oredict.OreDictionary.registerOre(OreDictionary.java:651)
[02:19:07] [Server thread/WARN] [FML]: *  at net.dries007.tfc.util.OreDictionaryHelper.lambda$init$0(OreDictionaryHelper.java:77)
[02:19:07] [Server thread/WARN] [FML]: *  at com.google.common.collect.AbstractMapBasedMultimap.lambda$null$2(AbstractMapBasedMultimap.java:1279)
[02:19:07] [Server thread/WARN] [FML]: *  at java.lang.Iterable.forEach(Iterable.java:75)
[02:19:07] [Server thread/WARN] [FML]: *  at com.google.common.collect.AbstractMapBasedMultimap.lambda$forEach$3(AbstractMapBasedMultimap.java:1279)...
[02:19:07] [Server thread/WARN] [FML]: ****************************************
[02:19:07] [Server thread/WARN] [FML]: ****************************************
[02:19:07] [Server thread/WARN] [FML]: *  at net.minecraftforge.oredict.OreDictionary.registerOreImpl(OreDictionary.java:665)
[02:19:07] [Server thread/WARN] [FML]: *  at net.minecraftforge.oredict.OreDictionary.registerOre(OreDictionary.java:651)
[02:19:07] [Server thread/WARN] [FML]: *  at net.dries007.tfc.util.OreDictionaryHelper.lambda$init$0(OreDictionaryHelper.java:77)
[02:19:07] [Server thread/WARN] [FML]: *  at com.google.common.collect.AbstractMapBasedMultimap.lambda$null$2(AbstractMapBasedMultimap.java:1279)
[02:19:07] [Server thread/WARN] [FML]: *  at java.lang.Iterable.forEach(Iterable.java:75)
[02:19:07] [Server thread/WARN] [FML]: *  at com.google.common.collect.AbstractMapBasedMultimap.lambda$forEach$3(AbstractMapBasedMultimap.java:1279)...
[02:19:07] [Server thread/WARN] [FML]: ****************************************
[02:19:07] [Server thread/WARN] [FML]: ****************************************
[02:19:07] [Server thread/WARN] [FML]: *  at net.minecraftforge.oredict.OreDictionary.registerOreImpl(OreDictionary.java:665)
[02:19:07] [Server thread/WARN] [FML]: *  at net.minecraftforge.oredict.OreDictionary.registerOre(OreDictionary.java:651)
[02:19:07] [Server thread/WARN] [FML]: *  at net.dries007.tfc.util.OreDictionaryHelper.lambda$init$0(OreDictionaryHelper.java:77)
[02:19:07] [Server thread/WARN] [FML]: *  at com.google.common.collect.AbstractMapBasedMultimap.lambda$null$2(AbstractMapBasedMultimap.java:1279)
[02:19:07] [Server thread/WARN] [FML]: *  at java.lang.Iterable.forEach(Iterable.java:75)
[02:19:07] [Server thread/WARN] [FML]: *  at com.google.common.collect.AbstractMapBasedMultimap.lambda$forEach$3(AbstractMapBasedMultimap.java:1279)...
[02:19:07] [Server thread/WARN] [FML]: ****************************************
[02:19:07] [Server thread/WARN] [FML]: ****************************************
[02:19:07] [Server thread/WARN] [FML]: *  at net.minecraftforge.oredict.OreDictionary.registerOreImpl(OreDictionary.java:665)
[02:19:07] [Server thread/WARN] [FML]: *  at net.minecraftforge.oredict.OreDictionary.registerOre(OreDictionary.java:651)
[02:19:07] [Server thread/WARN] [FML]: *  at net.dries007.tfc.util.OreDictionaryHelper.lambda$init$0(OreDictionaryHelper.java:77)
[02:19:07] [Server thread/WARN] [FML]: *  at com.google.common.collect.AbstractMapBasedMultimap.lambda$null$2(AbstractMapBasedMultimap.java:1279)
[02:19:07] [Server thread/WARN] [FML]: *  at java.lang.Iterable.forEach(Iterable.java:75)
[02:19:07] [Server thread/WARN] [FML]: *  at com.google.common.collect.AbstractMapBasedMultimap.lambda$forEach$3(AbstractMapBasedMultimap.java:1279)...
[02:19:07] [Server thread/WARN] [FML]: ****************************************
[02:19:07] [Server thread/WARN] [FML]: ****************************************
[02:19:07] [Server thread/WARN] [FML]: *  at net.minecraftforge.oredict.OreDictionary.registerOreImpl(OreDictionary.java:665)
[02:19:07] [Server thread/WARN] [FML]: *  at net.minecraftforge.oredict.OreDictionary.registerOre(OreDictionary.java:651)
[02:19:07] [Server thread/WARN] [FML]: *  at net.dries007.tfc.util.OreDictionaryHelper.lambda$init$0(OreDictionaryHelper.java:77)
[02:19:07] [Server thread/WARN] [FML]: *  at com.google.common.collect.AbstractMapBasedMultimap.lambda$null$2(AbstractMapBasedMultimap.java:1279)
[02:19:07] [Server thread/WARN] [FML]: *  at java.lang.Iterable.forEach(Iterable.java:75)
[02:19:07] [Server thread/WARN] [FML]: *  at com.google.common.collect.AbstractMapBasedMultimap.lambda$forEach$3(AbstractMapBasedMultimap.java:1279)...
[02:19:07] [Server thread/WARN] [FML]: ****************************************
[02:19:07] [Server thread/WARN] [FML]: ****************************************
[02:19:07] [Server thread/WARN] [FML]: *  at net.minecraftforge.oredict.OreDictionary.registerOreImpl(OreDictionary.java:665)
[02:19:07] [Server thread/WARN] [FML]: *  at net.minecraftforge.oredict.OreDictionary.registerOre(OreDictionary.java:651)
[02:19:07] [Server thread/WARN] [FML]: *  at net.dries007.tfc.util.OreDictionaryHelper.lambda$init$0(OreDictionaryHelper.java:77)
[02:19:07] [Server thread/WARN] [FML]: *  at com.google.common.collect.AbstractMapBasedMultimap.lambda$null$2(AbstractMapBasedMultimap.java:1279)
[02:19:07] [Server thread/WARN] [FML]: *  at java.lang.Iterable.forEach(Iterable.java:75)
[02:19:07] [Server thread/WARN] [FML]: *  at com.google.common.collect.AbstractMapBasedMultimap.lambda$forEach$3(AbstractMapBasedMultimap.java:1279)...
[02:19:07] [Server thread/WARN] [FML]: ****************************************
[02:19:07] [Server thread/WARN] [FML]: ****************************************
[02:19:07] [Server thread/WARN] [FML]: *  at net.minecraftforge.oredict.OreDictionary.registerOreImpl(OreDictionary.java:665)
[02:19:07] [Server thread/WARN] [FML]: *  at net.minecraftforge.oredict.OreDictionary.registerOre(OreDictionary.java:651)
[02:19:07] [Server thread/WARN] [FML]: *  at net.dries007.tfc.util.OreDictionaryHelper.lambda$init$0(OreDictionaryHelper.java:77)
[02:19:07] [Server thread/WARN] [FML]: *  at com.google.common.collect.AbstractMapBasedMultimap.lambda$null$2(AbstractMapBasedMultimap.java:1279)
[02:19:07] [Server thread/WARN] [FML]: *  at java.lang.Iterable.forEach(Iterable.java:75)
[02:19:07] [Server thread/WARN] [FML]: *  at com.google.common.collect.AbstractMapBasedMultimap.lambda$forEach$3(AbstractMapBasedMultimap.java:1279)...
[02:19:07] [Server thread/WARN] [FML]: ****************************************
[02:19:07] [Server thread/WARN] [FML]: ****************************************
[02:19:07] [Server thread/WARN] [FML]: *  at net.minecraftforge.oredict.OreDictionary.registerOreImpl(OreDictionary.java:665)
[02:19:07] [Server thread/WARN] [FML]: *  at net.minecraftforge.oredict.OreDictionary.registerOre(OreDictionary.java:651)
[02:19:07] [Server thread/WARN] [FML]: *  at net.dries007.tfc.util.OreDictionaryHelper.lambda$init$0(OreDictionaryHelper.java:77)
[02:19:07] [Server thread/WARN] [FML]: *  at com.google.common.collect.AbstractMapBasedMultimap.lambda$null$2(AbstractMapBasedMultimap.java:1279)
[02:19:07] [Server thread/WARN] [FML]: *  at java.lang.Iterable.forEach(Iterable.java:75)
[02:19:07] [Server thread/WARN] [FML]: *  at com.google.common.collect.AbstractMapBasedMultimap.lambda$forEach$3(AbstractMapBasedMultimap.java:1279)...
[02:19:07] [Server thread/WARN] [FML]: ****************************************
[02:19:07] [Server thread/WARN] [FML]: ****************************************
[02:19:07] [Server thread/WARN] [FML]: *  at net.minecraftforge.oredict.OreDictionary.registerOreImpl(OreDictionary.java:665)
[02:19:07] [Server thread/WARN] [FML]: *  at net.minecraftforge.oredict.OreDictionary.registerOre(OreDictionary.java:651)
[02:19:07] [Server thread/WARN] [FML]: *  at net.dries007.tfc.util.OreDictionaryHelper.lambda$init$0(OreDictionaryHelper.java:77)
[02:19:07] [Server thread/WARN] [FML]: *  at com.google.common.collect.AbstractMapBasedMultimap.lambda$null$2(AbstractMapBasedMultimap.java:1279)
[02:19:07] [Server thread/WARN] [FML]: *  at java.lang.Iterable.forEach(Iterable.java:75)
[02:19:07] [Server thread/WARN] [FML]: *  at com.google.common.collect.AbstractMapBasedMultimap.lambda$forEach$3(AbstractMapBasedMultimap.java:1279)...
[02:19:07] [Server thread/WARN] [FML]: ****************************************
[02:19:07] [Server thread/WARN] [FML]: ****************************************
[02:19:07] [Server thread/WARN] [FML]: *  at net.minecraftforge.oredict.OreDictionary.registerOreImpl(OreDictionary.java:665)
[02:19:07] [Server thread/WARN] [FML]: *  at net.minecraftforge.oredict.OreDictionary.registerOre(OreDictionary.java:651)
[02:19:07] [Server thread/WARN] [FML]: *  at net.dries007.tfc.util.OreDictionaryHelper.lambda$init$0(OreDictionaryHelper.java:77)
[02:19:07] [Server thread/WARN] [FML]: *  at com.google.common.collect.AbstractMapBasedMultimap.lambda$null$2(AbstractMapBasedMultimap.java:1279)
[02:19:07] [Server thread/WARN] [FML]: *  at java.lang.Iterable.forEach(Iterable.java:75)
[02:19:07] [Server thread/WARN] [FML]: *  at com.google.common.collect.AbstractMapBasedMultimap.lambda$forEach$3(AbstractMapBasedMultimap.java:1279)...
[02:19:07] [Server thread/WARN] [FML]: ****************************************
[02:19:07] [Server thread/WARN] [FML]: ****************************************
[02:19:07] [Server thread/WARN] [FML]: *  at net.minecraftforge.oredict.OreDictionary.registerOreImpl(OreDictionary.java:665)
[02:19:07] [Server thread/WARN] [FML]: *  at net.minecraftforge.oredict.OreDictionary.registerOre(OreDictionary.java:651)
[02:19:07] [Server thread/WARN] [FML]: *  at net.dries007.tfc.util.OreDictionaryHelper.lambda$init$0(OreDictionaryHelper.java:77)
[02:19:07] [Server thread/WARN] [FML]: *  at com.google.common.collect.AbstractMapBasedMultimap.lambda$null$2(AbstractMapBasedMultimap.java:1279)
[02:19:07] [Server thread/WARN] [FML]: *  at java.lang.Iterable.forEach(Iterable.java:75)
[02:19:07] [Server thread/WARN] [FML]: *  at com.google.common.collect.AbstractMapBasedMultimap.lambda$forEach$3(AbstractMapBasedMultimap.java:1279)...
[02:19:07] [Server thread/WARN] [FML]: ****************************************
[02:19:07] [Server thread/WARN] [FML]: ****************************************
[02:19:07] [Server thread/WARN] [FML]: *  at net.minecraftforge.oredict.OreDictionary.registerOreImpl(OreDictionary.java:665)
[02:19:07] [Server thread/WARN] [FML]: *  at net.minecraftforge.oredict.OreDictionary.registerOre(OreDictionary.java:651)
[02:19:07] [Server thread/WARN] [FML]: *  at net.dries007.tfc.util.OreDictionaryHelper.lambda$init$0(OreDictionaryHelper.java:77)
[02:19:07] [Server thread/WARN] [FML]: *  at com.google.common.collect.AbstractMapBasedMultimap.lambda$null$2(AbstractMapBasedMultimap.java:1279)
[02:19:07] [Server thread/WARN] [FML]: *  at java.lang.Iterable.forEach(Iterable.java:75)
[02:19:07] [Server thread/WARN] [FML]: *  at com.google.common.collect.AbstractMapBasedMultimap.lambda$forEach$3(AbstractMapBasedMultimap.java:1279)...
[02:19:07] [Server thread/WARN] [FML]: ****************************************
[02:19:07] [Server thread/WARN] [FML]: ****************************************
[02:19:07] [Server thread/WARN] [FML]: *  at net.minecraftforge.oredict.OreDictionary.registerOreImpl(OreDictionary.java:665)
[02:19:07] [Server thread/WARN] [FML]: *  at net.minecraftforge.oredict.OreDictionary.registerOre(OreDictionary.java:651)
[02:19:07] [Server thread/WARN] [FML]: *  at net.dries007.tfc.util.OreDictionaryHelper.lambda$init$0(OreDictionaryHelper.java:77)
[02:19:07] [Server thread/WARN] [FML]: *  at com.google.common.collect.AbstractMapBasedMultimap.lambda$null$2(AbstractMapBasedMultimap.java:1279)
[02:19:07] [Server thread/WARN] [FML]: *  at java.lang.Iterable.forEach(Iterable.java:75)
[02:19:07] [Server thread/WARN] [FML]: *  at com.google.common.collect.AbstractMapBasedMultimap.lambda$forEach$3(AbstractMapBasedMultimap.java:1279)...
[02:19:07] [Server thread/WARN] [FML]: ****************************************
[02:19:07] [Server thread/WARN] [FML]: ****************************************
[02:19:07] [Server thread/WARN] [FML]: *  at net.minecraftforge.oredict.OreDictionary.registerOreImpl(OreDictionary.java:665)
[02:19:07] [Server thread/WARN] [FML]: *  at net.minecraftforge.oredict.OreDictionary.registerOre(OreDictionary.java:651)
[02:19:07] [Server thread/WARN] [FML]: *  at net.dries007.tfc.util.OreDictionaryHelper.lambda$init$0(OreDictionaryHelper.java:77)
[02:19:07] [Server thread/WARN] [FML]: *  at com.google.common.collect.AbstractMapBasedMultimap.lambda$null$2(AbstractMapBasedMultimap.java:1279)
[02:19:07] [Server thread/WARN] [FML]: *  at java.lang.Iterable.forEach(Iterable.java:75)
[02:19:07] [Server thread/WARN] [FML]: *  at com.google.common.collect.AbstractMapBasedMultimap.lambda$forEach$3(AbstractMapBasedMultimap.java:1279)...
[02:19:07] [Server thread/WARN] [FML]: ****************************************
[02:19:07] [Server thread/WARN] [FML]: ****************************************
[02:19:07] [Server thread/WARN] [FML]: *  at net.minecraftforge.oredict.OreDictionary.registerOreImpl(OreDictionary.java:665)
[02:19:07] [Server thread/WARN] [FML]: *  at net.minecraftforge.oredict.OreDictionary.registerOre(OreDictionary.java:651)
[02:19:07] [Server thread/WARN] [FML]: *  at net.dries007.tfc.util.OreDictionaryHelper.lambda$init$0(OreDictionaryHelper.java:77)
[02:19:07] [Server thread/WARN] [FML]: *  at com.google.common.collect.AbstractMapBasedMultimap.lambda$null$2(AbstractMapBasedMultimap.java:1279)
[02:19:07] [Server thread/WARN] [FML]: *  at java.lang.Iterable.forEach(Iterable.java:75)
[02:19:07] [Server thread/WARN] [FML]: *  at com.google.common.collect.AbstractMapBasedMultimap.lambda$forEach$3(AbstractMapBasedMultimap.java:1279)...
[02:19:07] [Server thread/WARN] [FML]: ****************************************
[02:19:07] [Server thread/WARN] [FML]: ****************************************
[02:19:07] [Server thread/WARN] [FML]: *  at net.minecraftforge.oredict.OreDictionary.registerOreImpl(OreDictionary.java:665)
[02:19:07] [Server thread/WARN] [FML]: *  at net.minecraftforge.oredict.OreDictionary.registerOre(OreDictionary.java:651)
[02:19:07] [Server thread/WARN] [FML]: *  at net.dries007.tfc.util.OreDictionaryHelper.lambda$init$0(OreDictionaryHelper.java:77)
[02:19:07] [Server thread/WARN] [FML]: *  at com.google.common.collect.AbstractMapBasedMultimap.lambda$null$2(AbstractMapBasedMultimap.java:1279)
[02:19:07] [Server thread/WARN] [FML]: *  at java.lang.Iterable.forEach(Iterable.java:75)
[02:19:07] [Server thread/WARN] [FML]: *  at com.google.common.collect.AbstractMapBasedMultimap.lambda$forEach$3(AbstractMapBasedMultimap.java:1279)...
[02:19:07] [Server thread/WARN] [FML]: ****************************************
[02:19:07] [Server thread/WARN] [FML]: ****************************************
[02:19:07] [Server thread/WARN] [FML]: *  at net.minecraftforge.oredict.OreDictionary.registerOreImpl(OreDictionary.java:665)
[02:19:07] [Server thread/WARN] [FML]: *  at net.minecraftforge.oredict.OreDictionary.registerOre(OreDictionary.java:651)
[02:19:07] [Server thread/WARN] [FML]: *  at net.dries007.tfc.util.OreDictionaryHelper.lambda$init$0(OreDictionaryHelper.java:77)
[02:19:07] [Server thread/WARN] [FML]: *  at com.google.common.collect.AbstractMapBasedMultimap.lambda$null$2(AbstractMapBasedMultimap.java:1279)
[02:19:07] [Server thread/WARN] [FML]: *  at java.lang.Iterable.forEach(Iterable.java:75)
[02:19:07] [Server thread/WARN] [FML]: *  at com.google.common.collect.AbstractMapBasedMultimap.lambda$forEach$3(AbstractMapBasedMultimap.java:1279)...
[02:19:07] [Server thread/WARN] [FML]: ****************************************
[02:19:07] [Server thread/WARN] [FML]: ****************************************
[02:19:07] [Server thread/WARN] [FML]: *  at net.minecraftforge.oredict.OreDictionary.registerOreImpl(OreDictionary.java:665)
[02:19:07] [Server thread/WARN] [FML]: *  at net.minecraftforge.oredict.OreDictionary.registerOre(OreDictionary.java:651)
[02:19:07] [Server thread/WARN] [FML]: *  at net.dries007.tfc.util.OreDictionaryHelper.lambda$init$0(OreDictionaryHelper.java:77)
[02:19:07] [Server thread/WARN] [FML]: *  at com.google.common.collect.AbstractMapBasedMultimap.lambda$null$2(AbstractMapBasedMultimap.java:1279)
[02:19:07] [Server thread/WARN] [FML]: *  at java.lang.Iterable.forEach(Iterable.java:75)
[02:19:07] [Server thread/WARN] [FML]: *  at com.google.common.collect.AbstractMapBasedMultimap.lambda$forEach$3(AbstractMapBasedMultimap.java:1279)...
[02:19:07] [Server thread/WARN] [FML]: ****************************************
[02:19:07] [Server thread/WARN] [FML]: ****************************************
[02:19:07] [Server thread/WARN] [FML]: *  at net.minecraftforge.oredict.OreDictionary.registerOreImpl(OreDictionary.java:665)
[02:19:07] [Server thread/WARN] [FML]: *  at net.minecraftforge.oredict.OreDictionary.registerOre(OreDictionary.java:651)
[02:19:07] [Server thread/WARN] [FML]: *  at net.dries007.tfc.util.OreDictionaryHelper.lambda$init$0(OreDictionaryHelper.java:77)
[02:19:07] [Server thread/WARN] [FML]: *  at com.google.common.collect.AbstractMapBasedMultimap.lambda$null$2(AbstractMapBasedMultimap.java:1279)
[02:19:07] [Server thread/WARN] [FML]: *  at java.lang.Iterable.forEach(Iterable.java:75)
[02:19:07] [Server thread/WARN] [FML]: *  at com.google.common.collect.AbstractMapBasedMultimap.lambda$forEach$3(AbstractMapBasedMultimap.java:1279)...
[02:19:07] [Server thread/WARN] [FML]: ****************************************
[02:19:07] [Server thread/WARN] [FML]: ****************************************
[02:19:07] [Server thread/WARN] [FML]: *  at net.minecraftforge.oredict.OreDictionary.registerOreImpl(OreDictionary.java:665)
[02:19:07] [Server thread/WARN] [FML]: *  at net.minecraftforge.oredict.OreDictionary.registerOre(OreDictionary.java:651)
[02:19:07] [Server thread/WARN] [FML]: *  at net.dries007.tfc.util.OreDictionaryHelper.lambda$init$0(OreDictionaryHelper.java:77)
[02:19:07] [Server thread/WARN] [FML]: *  at com.google.common.collect.AbstractMapBasedMultimap.lambda$null$2(AbstractMapBasedMultimap.java:1279)
[02:19:07] [Server thread/WARN] [FML]: *  at java.lang.Iterable.forEach(Iterable.java:75)
[02:19:07] [Server thread/WARN] [FML]: *  at com.google.common.collect.AbstractMapBasedMultimap.lambda$forEach$3(AbstractMapBasedMultimap.java:1279)...
[02:19:07] [Server thread/WARN] [FML]: ****************************************
[02:19:07] [Server thread/WARN] [FML]: ****************************************
[02:19:07] [Server thread/WARN] [FML]: *  at net.minecraftforge.oredict.OreDictionary.registerOreImpl(OreDictionary.java:665)
[02:19:07] [Server thread/WARN] [FML]: *  at net.minecraftforge.oredict.OreDictionary.registerOre(OreDictionary.java:651)
[02:19:07] [Server thread/WARN] [FML]: *  at net.dries007.tfc.util.OreDictionaryHelper.lambda$init$0(OreDictionaryHelper.java:77)
[02:19:07] [Server thread/WARN] [FML]: *  at com.google.common.collect.AbstractMapBasedMultimap.lambda$null$2(AbstractMapBasedMultimap.java:1279)
[02:19:07] [Server thread/WARN] [FML]: *  at java.lang.Iterable.forEach(Iterable.java:75)
[02:19:07] [Server thread/WARN] [FML]: *  at com.google.common.collect.AbstractMapBasedMultimap.lambda$forEach$3(AbstractMapBasedMultimap.java:1279)...
[02:19:07] [Server thread/WARN] [FML]: ****************************************
[02:19:07] [Server thread/WARN] [FML]: ****************************************
[02:19:07] [Server thread/WARN] [FML]: *  at net.minecraftforge.oredict.OreDictionary.registerOreImpl(OreDictionary.java:665)
[02:19:07] [Server thread/WARN] [FML]: *  at net.minecraftforge.oredict.OreDictionary.registerOre(OreDictionary.java:651)
[02:19:07] [Server thread/WARN] [FML]: *  at net.dries007.tfc.util.OreDictionaryHelper.lambda$init$0(OreDictionaryHelper.java:77)
[02:19:07] [Server thread/WARN] [FML]: *  at com.google.common.collect.AbstractMapBasedMultimap.lambda$null$2(AbstractMapBasedMultimap.java:1279)
[02:19:07] [Server thread/WARN] [FML]: *  at java.lang.Iterable.forEach(Iterable.java:75)
[02:19:07] [Server thread/WARN] [FML]: *  at com.google.common.collect.AbstractMapBasedMultimap.lambda$forEach$3(AbstractMapBasedMultimap.java:1279)...
[02:19:07] [Server thread/WARN] [FML]: ****************************************
[02:19:07] [Server thread/WARN] [FML]: ****************************************
[02:19:07] [Server thread/WARN] [FML]: *  at net.minecraftforge.oredict.OreDictionary.registerOreImpl(OreDictionary.java:665)
[02:19:07] [Server thread/WARN] [FML]: *  at net.minecraftforge.oredict.OreDictionary.registerOre(OreDictionary.java:651)
[02:19:07] [Server thread/WARN] [FML]: *  at net.dries007.tfc.util.OreDictionaryHelper.lambda$init$0(OreDictionaryHelper.java:77)
[02:19:07] [Server thread/WARN] [FML]: *  at com.google.common.collect.AbstractMapBasedMultimap.lambda$null$2(AbstractMapBasedMultimap.java:1279)
[02:19:07] [Server thread/WARN] [FML]: *  at java.lang.Iterable.forEach(Iterable.java:75)
[02:19:07] [Server thread/WARN] [FML]: *  at com.google.common.collect.AbstractMapBasedMultimap.lambda$forEach$3(AbstractMapBasedMultimap.java:1279)...
[02:19:07] [Server thread/WARN] [FML]: ****************************************
[02:19:07] [Server thread/WARN] [FML]: ****************************************
[02:19:07] [Server thread/WARN] [FML]: *  at net.minecraftforge.oredict.OreDictionary.registerOreImpl(OreDictionary.java:665)
[02:19:07] [Server thread/WARN] [FML]: *  at net.minecraftforge.oredict.OreDictionary.registerOre(OreDictionary.java:651)
[02:19:07] [Server thread/WARN] [FML]: *  at net.dries007.tfc.util.OreDictionaryHelper.lambda$init$0(OreDictionaryHelper.java:77)
[02:19:07] [Server thread/WARN] [FML]: *  at com.google.common.collect.AbstractMapBasedMultimap.lambda$null$2(AbstractMapBasedMultimap.java:1279)
[02:19:07] [Server thread/WARN] [FML]: *  at java.lang.Iterable.forEach(Iterable.java:75)
[02:19:07] [Server thread/WARN] [FML]: *  at com.google.common.collect.AbstractMapBasedMultimap.lambda$forEach$3(AbstractMapBasedMultimap.java:1279)...
[02:19:07] [Server thread/WARN] [FML]: ****************************************
[02:19:07] [Server thread/WARN] [FML]: ****************************************
[02:19:07] [Server thread/WARN] [FML]: *  at net.minecraftforge.oredict.OreDictionary.registerOreImpl(OreDictionary.java:665)
[02:19:07] [Server thread/WARN] [FML]: *  at net.minecraftforge.oredict.OreDictionary.registerOre(OreDictionary.java:651)
[02:19:07] [Server thread/WARN] [FML]: *  at net.dries007.tfc.util.OreDictionaryHelper.lambda$init$0(OreDictionaryHelper.java:77)
[02:19:07] [Server thread/WARN] [FML]: *  at com.google.common.collect.AbstractMapBasedMultimap.lambda$null$2(AbstractMapBasedMultimap.java:1279)
[02:19:07] [Server thread/WARN] [FML]: *  at java.lang.Iterable.forEach(Iterable.java:75)
[02:19:07] [Server thread/WARN] [FML]: *  at com.google.common.collect.AbstractMapBasedMultimap.lambda$forEach$3(AbstractMapBasedMultimap.java:1279)...
[02:19:07] [Server thread/WARN] [FML]: ****************************************
[02:19:07] [Server thread/WARN] [FML]: ****************************************
[02:19:07] [Server thread/WARN] [FML]: *  at net.minecraftforge.oredict.OreDictionary.registerOreImpl(OreDictionary.java:665)
[02:19:07] [Server thread/WARN] [FML]: *  at net.minecraftforge.oredict.OreDictionary.registerOre(OreDictionary.java:651)
[02:19:07] [Server thread/WARN] [FML]: *  at net.dries007.tfc.util.OreDictionaryHelper.lambda$init$0(OreDictionaryHelper.java:77)
[02:19:07] [Server thread/WARN] [FML]: *  at com.google.common.collect.AbstractMapBasedMultimap.lambda$null$2(AbstractMapBasedMultimap.java:1279)
[02:19:07] [Server thread/WARN] [FML]: *  at java.lang.Iterable.forEach(Iterable.java:75)
[02:19:07] [Server thread/WARN] [FML]: *  at com.google.common.collect.AbstractMapBasedMultimap.lambda$forEach$3(AbstractMapBasedMultimap.java:1279)...
[02:19:07] [Server thread/WARN] [FML]: ****************************************
[02:19:07] [Server thread/WARN] [FML]: ****************************************
[02:19:07] [Server thread/WARN] [FML]: *  at net.minecraftforge.oredict.OreDictionary.registerOreImpl(OreDictionary.java:665)
[02:19:07] [Server thread/WARN] [FML]: *  at net.minecraftforge.oredict.OreDictionary.registerOre(OreDictionary.java:651)
[02:19:07] [Server thread/WARN] [FML]: *  at net.dries007.tfc.util.OreDictionaryHelper.lambda$init$0(OreDictionaryHelper.java:77)
[02:19:07] [Server thread/WARN] [FML]: *  at com.google.common.collect.AbstractMapBasedMultimap.lambda$null$2(AbstractMapBasedMultimap.java:1279)
[02:19:07] [Server thread/WARN] [FML]: *  at java.lang.Iterable.forEach(Iterable.java:75)
[02:19:07] [Server thread/WARN] [FML]: *  at com.google.common.collect.AbstractMapBasedMultimap.lambda$forEach$3(AbstractMapBasedMultimap.java:1279)...
[02:19:07] [Server thread/WARN] [FML]: ****************************************
[02:19:07] [Server thread/WARN] [FML]: ****************************************
[02:19:07] [Server thread/WARN] [FML]: *  at net.minecraftforge.oredict.OreDictionary.registerOreImpl(OreDictionary.java:665)
[02:19:07] [Server thread/WARN] [FML]: *  at net.minecraftforge.oredict.OreDictionary.registerOre(OreDictionary.java:651)
[02:19:07] [Server thread/WARN] [FML]: *  at net.dries007.tfc.util.OreDictionaryHelper.lambda$init$0(OreDictionaryHelper.java:77)
[02:19:07] [Server thread/WARN] [FML]: *  at com.google.common.collect.AbstractMapBasedMultimap.lambda$null$2(AbstractMapBasedMultimap.java:1279)
[02:19:07] [Server thread/WARN] [FML]: *  at java.lang.Iterable.forEach(Iterable.java:75)
[02:19:07] [Server thread/WARN] [FML]: *  at com.google.common.collect.AbstractMapBasedMultimap.lambda$forEach$3(AbstractMapBasedMultimap.java:1279)...
[02:19:07] [Server thread/WARN] [FML]: ****************************************
[02:19:07] [Server thread/WARN] [FML]: ****************************************
[02:19:07] [Server thread/WARN] [FML]: *  at net.minecraftforge.oredict.OreDictionary.registerOreImpl(OreDictionary.java:665)
[02:19:07] [Server thread/WARN] [FML]: *  at net.minecraftforge.oredict.OreDictionary.registerOre(OreDictionary.java:651)
[02:19:07] [Server thread/WARN] [FML]: *  at net.dries007.tfc.util.OreDictionaryHelper.lambda$init$0(OreDictionaryHelper.java:77)
[02:19:07] [Server thread/WARN] [FML]: *  at com.google.common.collect.AbstractMapBasedMultimap.lambda$null$2(AbstractMapBasedMultimap.java:1279)
[02:19:07] [Server thread/WARN] [FML]: *  at java.lang.Iterable.forEach(Iterable.java:75)
[02:19:07] [Server thread/WARN] [FML]: *  at com.google.common.collect.AbstractMapBasedMultimap.lambda$forEach$3(AbstractMapBasedMultimap.java:1279)...
[02:19:07] [Server thread/WARN] [FML]: ****************************************
[02:19:07] [Server thread/WARN] [FML]: ****************************************
[02:19:07] [Server thread/WARN] [FML]: *  at net.minecraftforge.oredict.OreDictionary.registerOreImpl(OreDictionary.java:665)
[02:19:07] [Server thread/WARN] [FML]: *  at net.minecraftforge.oredict.OreDictionary.registerOre(OreDictionary.java:651)
[02:19:07] [Server thread/WARN] [FML]: *  at net.dries007.tfc.util.OreDictionaryHelper.lambda$init$0(OreDictionaryHelper.java:77)
[02:19:07] [Server thread/WARN] [FML]: *  at com.google.common.collect.AbstractMapBasedMultimap.lambda$null$2(AbstractMapBasedMultimap.java:1279)
[02:19:07] [Server thread/WARN] [FML]: *  at java.lang.Iterable.forEach(Iterable.java:75)
[02:19:07] [Server thread/WARN] [FML]: *  at com.google.common.collect.AbstractMapBasedMultimap.lambda$forEach$3(AbstractMapBasedMultimap.java:1279)...
[02:19:07] [Server thread/WARN] [FML]: ****************************************
[02:19:07] [Server thread/WARN] [FML]: ****************************************
[02:19:07] [Server thread/WARN] [FML]: *  at net.minecraftforge.oredict.OreDictionary.registerOreImpl(OreDictionary.java:665)
[02:19:07] [Server thread/WARN] [FML]: *  at net.minecraftforge.oredict.OreDictionary.registerOre(OreDictionary.java:651)
[02:19:07] [Server thread/WARN] [FML]: *  at net.dries007.tfc.util.OreDictionaryHelper.lambda$init$0(OreDictionaryHelper.java:77)
[02:19:07] [Server thread/WARN] [FML]: *  at com.google.common.collect.AbstractMapBasedMultimap.lambda$null$2(AbstractMapBasedMultimap.java:1279)
[02:19:07] [Server thread/WARN] [FML]: *  at java.lang.Iterable.forEach(Iterable.java:75)
[02:19:07] [Server thread/WARN] [FML]: *  at com.google.common.collect.AbstractMapBasedMultimap.lambda$forEach$3(AbstractMapBasedMultimap.java:1279)...
[02:19:07] [Server thread/WARN] [FML]: ****************************************
[02:19:07] [Server thread/WARN] [FML]: ****************************************
[02:19:07] [Server thread/WARN] [FML]: *  at net.minecraftforge.oredict.OreDictionary.registerOreImpl(OreDictionary.java:665)
[02:19:07] [Server thread/WARN] [FML]: *  at net.minecraftforge.oredict.OreDictionary.registerOre(OreDictionary.java:651)
[02:19:07] [Server thread/WARN] [FML]: *  at net.dries007.tfc.util.OreDictionaryHelper.lambda$init$0(OreDictionaryHelper.java:77)
[02:19:07] [Server thread/WARN] [FML]: *  at com.google.common.collect.AbstractMapBasedMultimap.lambda$null$2(AbstractMapBasedMultimap.java:1279)
[02:19:07] [Server thread/WARN] [FML]: *  at java.lang.Iterable.forEach(Iterable.java:75)
[02:19:07] [Server thread/WARN] [FML]: *  at com.google.common.collect.AbstractMapBasedMultimap.lambda$forEach$3(AbstractMapBasedMultimap.java:1279)...
[02:19:07] [Server thread/WARN] [FML]: ****************************************
[02:19:07] [Server thread/WARN] [FML]: ****************************************
[02:19:07] [Server thread/WARN] [FML]: *  at net.minecraftforge.oredict.OreDictionary.registerOreImpl(OreDictionary.java:665)
[02:19:07] [Server thread/WARN] [FML]: *  at net.minecraftforge.oredict.OreDictionary.registerOre(OreDictionary.java:651)
[02:19:07] [Server thread/WARN] [FML]: *  at net.dries007.tfc.util.OreDictionaryHelper.lambda$init$0(OreDictionaryHelper.java:77)
[02:19:07] [Server thread/WARN] [FML]: *  at com.google.common.collect.AbstractMapBasedMultimap.lambda$null$2(AbstractMapBasedMultimap.java:1279)
[02:19:07] [Server thread/WARN] [FML]: *  at java.lang.Iterable.forEach(Iterable.java:75)
[02:19:07] [Server thread/WARN] [FML]: *  at com.google.common.collect.AbstractMapBasedMultimap.lambda$forEach$3(AbstractMapBasedMultimap.java:1279)...
[02:19:07] [Server thread/WARN] [FML]: ****************************************
[02:19:07] [Server thread/WARN] [FML]: ****************************************
[02:19:07] [Server thread/WARN] [FML]: *  at net.minecraftforge.oredict.OreDictionary.registerOreImpl(OreDictionary.java:665)
[02:19:07] [Server thread/WARN] [FML]: *  at net.minecraftforge.oredict.OreDictionary.registerOre(OreDictionary.java:651)
[02:19:07] [Server thread/WARN] [FML]: *  at net.dries007.tfc.util.OreDictionaryHelper.lambda$init$0(OreDictionaryHelper.java:77)
[02:19:07] [Server thread/WARN] [FML]: *  at com.google.common.collect.AbstractMapBasedMultimap.lambda$null$2(AbstractMapBasedMultimap.java:1279)
[02:19:07] [Server thread/WARN] [FML]: *  at java.lang.Iterable.forEach(Iterable.java:75)
[02:19:07] [Server thread/WARN] [FML]: *  at com.google.common.collect.AbstractMapBasedMultimap.lambda$forEach$3(AbstractMapBasedMultimap.java:1279)...
[02:19:07] [Server thread/WARN] [FML]: ****************************************
[02:19:07] [Server thread/WARN] [FML]: ****************************************
[02:19:07] [Server thread/WARN] [FML]: *  at net.minecraftforge.oredict.OreDictionary.registerOreImpl(OreDictionary.java:665)
[02:19:07] [Server thread/WARN] [FML]: *  at net.minecraftforge.oredict.OreDictionary.registerOre(OreDictionary.java:651)
[02:19:07] [Server thread/WARN] [FML]: *  at net.dries007.tfc.util.OreDictionaryHelper.lambda$init$0(OreDictionaryHelper.java:77)
[02:19:07] [Server thread/WARN] [FML]: *  at com.google.common.collect.AbstractMapBasedMultimap.lambda$null$2(AbstractMapBasedMultimap.java:1279)
[02:19:07] [Server thread/WARN] [FML]: *  at java.lang.Iterable.forEach(Iterable.java:75)
[02:19:07] [Server thread/WARN] [FML]: *  at com.google.common.collect.AbstractMapBasedMultimap.lambda$forEach$3(AbstractMapBasedMultimap.java:1279)...
[02:19:07] [Server thread/WARN] [FML]: ****************************************
[02:19:07] [Server thread/WARN] [FML]: ****************************************
[02:19:07] [Server thread/WARN] [FML]: *  at net.minecraftforge.oredict.OreDictionary.registerOreImpl(OreDictionary.java:665)
[02:19:07] [Server thread/WARN] [FML]: *  at net.minecraftforge.oredict.OreDictionary.registerOre(OreDictionary.java:651)
[02:19:07] [Server thread/WARN] [FML]: *  at net.dries007.tfc.util.OreDictionaryHelper.lambda$init$0(OreDictionaryHelper.java:77)
[02:19:07] [Server thread/WARN] [FML]: *  at com.google.common.collect.AbstractMapBasedMultimap.lambda$null$2(AbstractMapBasedMultimap.java:1279)
[02:19:07] [Server thread/WARN] [FML]: *  at java.lang.Iterable.forEach(Iterable.java:75)
[02:19:07] [Server thread/WARN] [FML]: *  at com.google.common.collect.AbstractMapBasedMultimap.lambda$forEach$3(AbstractMapBasedMultimap.java:1279)...
[02:19:07] [Server thread/WARN] [FML]: ****************************************
[02:19:07] [Server thread/WARN] [FML]: ****************************************
[02:19:07] [Server thread/WARN] [FML]: *  at net.minecraftforge.oredict.OreDictionary.registerOreImpl(OreDictionary.java:665)
[02:19:07] [Server thread/WARN] [FML]: *  at net.minecraftforge.oredict.OreDictionary.registerOre(OreDictionary.java:651)
[02:19:07] [Server thread/WARN] [FML]: *  at net.dries007.tfc.util.OreDictionaryHelper.lambda$init$0(OreDictionaryHelper.java:77)
[02:19:07] [Server thread/WARN] [FML]: *  at com.google.common.collect.AbstractMapBasedMultimap.lambda$null$2(AbstractMapBasedMultimap.java:1279)
[02:19:07] [Server thread/WARN] [FML]: *  at java.lang.Iterable.forEach(Iterable.java:75)
[02:19:07] [Server thread/WARN] [FML]: *  at com.google.common.collect.AbstractMapBasedMultimap.lambda$forEach$3(AbstractMapBasedMultimap.java:1279)...
[02:19:07] [Server thread/WARN] [FML]: ****************************************
[02:19:07] [Server thread/WARN] [FML]: ****************************************
[02:19:07] [Server thread/WARN] [FML]: *  at net.minecraftforge.oredict.OreDictionary.registerOreImpl(OreDictionary.java:665)
[02:19:07] [Server thread/WARN] [FML]: *  at net.minecraftforge.oredict.OreDictionary.registerOre(OreDictionary.java:651)
[02:19:07] [Server thread/WARN] [FML]: *  at net.dries007.tfc.util.OreDictionaryHelper.lambda$init$0(OreDictionaryHelper.java:77)
[02:19:07] [Server thread/WARN] [FML]: *  at com.google.common.collect.AbstractMapBasedMultimap.lambda$null$2(AbstractMapBasedMultimap.java:1279)
[02:19:07] [Server thread/WARN] [FML]: *  at java.lang.Iterable.forEach(Iterable.java:75)
[02:19:07] [Server thread/WARN] [FML]: *  at com.google.common.collect.AbstractMapBasedMultimap.lambda$forEach$3(AbstractMapBasedMultimap.java:1279)...
[02:19:07] [Server thread/WARN] [FML]: ****************************************
[02:19:07] [Server thread/WARN] [FML]: ****************************************
[02:19:07] [Server thread/WARN] [FML]: *  at net.minecraftforge.oredict.OreDictionary.registerOreImpl(OreDictionary.java:665)
[02:19:07] [Server thread/WARN] [FML]: *  at net.minecraftforge.oredict.OreDictionary.registerOre(OreDictionary.java:651)
[02:19:07] [Server thread/WARN] [FML]: *  at net.dries007.tfc.util.OreDictionaryHelper.lambda$init$0(OreDictionaryHelper.java:77)
[02:19:07] [Server thread/WARN] [FML]: *  at com.google.common.collect.AbstractMapBasedMultimap.lambda$null$2(AbstractMapBasedMultimap.java:1279)
[02:19:07] [Server thread/WARN] [FML]: *  at java.lang.Iterable.forEach(Iterable.java:75)
[02:19:07] [Server thread/WARN] [FML]: *  at com.google.common.collect.AbstractMapBasedMultimap.lambda$forEach$3(AbstractMapBasedMultimap.java:1279)...
[02:19:07] [Server thread/WARN] [FML]: ****************************************
[02:19:07] [Server thread/WARN] [FML]: ****************************************
[02:19:07] [Server thread/WARN] [FML]: *  at net.minecraftforge.oredict.OreDictionary.registerOreImpl(OreDictionary.java:665)
[02:19:07] [Server thread/WARN] [FML]: *  at net.minecraftforge.oredict.OreDictionary.registerOre(OreDictionary.java:651)
[02:19:07] [Server thread/WARN] [FML]: *  at net.dries007.tfc.util.OreDictionaryHelper.lambda$init$0(OreDictionaryHelper.java:77)
[02:19:07] [Server thread/WARN] [FML]: *  at com.google.common.collect.AbstractMapBasedMultimap.lambda$null$2(AbstractMapBasedMultimap.java:1279)
[02:19:07] [Server thread/WARN] [FML]: *  at java.lang.Iterable.forEach(Iterable.java:75)
[02:19:07] [Server thread/WARN] [FML]: *  at com.google.common.collect.AbstractMapBasedMultimap.lambda$forEach$3(AbstractMapBasedMultimap.java:1279)...
[02:19:07] [Server thread/WARN] [FML]: ****************************************
[02:19:07] [Server thread/WARN] [FML]: ****************************************
[02:19:07] [Server thread/WARN] [FML]: *  at net.minecraftforge.oredict.OreDictionary.registerOreImpl(OreDictionary.java:665)
[02:19:07] [Server thread/WARN] [FML]: *  at net.minecraftforge.oredict.OreDictionary.registerOre(OreDictionary.java:651)
[02:19:07] [Server thread/WARN] [FML]: *  at net.dries007.tfc.util.OreDictionaryHelper.lambda$init$0(OreDictionaryHelper.java:77)
[02:19:07] [Server thread/WARN] [FML]: *  at com.google.common.collect.AbstractMapBasedMultimap.lambda$null$2(AbstractMapBasedMultimap.java:1279)
[02:19:07] [Server thread/WARN] [FML]: *  at java.lang.Iterable.forEach(Iterable.java:75)
[02:19:07] [Server thread/WARN] [FML]: *  at com.google.common.collect.AbstractMapBasedMultimap.lambda$forEach$3(AbstractMapBasedMultimap.java:1279)...
[02:19:07] [Server thread/WARN] [FML]: ****************************************
[02:19:07] [Server thread/WARN] [FML]: ****************************************
[02:19:07] [Server thread/WARN] [FML]: *  at net.minecraftforge.oredict.OreDictionary.registerOreImpl(OreDictionary.java:665)
[02:19:07] [Server thread/WARN] [FML]: *  at net.minecraftforge.oredict.OreDictionary.registerOre(OreDictionary.java:651)
[02:19:07] [Server thread/WARN] [FML]: *  at net.dries007.tfc.util.OreDictionaryHelper.lambda$init$0(OreDictionaryHelper.java:77)
[02:19:07] [Server thread/WARN] [FML]: *  at com.google.common.collect.AbstractMapBasedMultimap.lambda$null$2(AbstractMapBasedMultimap.java:1279)
[02:19:07] [Server thread/WARN] [FML]: *  at java.lang.Iterable.forEach(Iterable.java:75)
[02:19:07] [Server thread/WARN] [FML]: *  at com.google.common.collect.AbstractMapBasedMultimap.lambda$forEach$3(AbstractMapBasedMultimap.java:1279)...
[02:19:07] [Server thread/WARN] [FML]: ****************************************
[02:19:07] [Server thread/WARN] [FML]: ****************************************
[02:19:07] [Server thread/WARN] [FML]: *  at net.minecraftforge.oredict.OreDictionary.registerOreImpl(OreDictionary.java:665)
[02:19:07] [Server thread/WARN] [FML]: *  at net.minecraftforge.oredict.OreDictionary.registerOre(OreDictionary.java:651)
[02:19:07] [Server thread/WARN] [FML]: *  at net.dries007.tfc.util.OreDictionaryHelper.lambda$init$0(OreDictionaryHelper.java:77)
[02:19:07] [Server thread/WARN] [FML]: *  at com.google.common.collect.AbstractMapBasedMultimap.lambda$null$2(AbstractMapBasedMultimap.java:1279)
[02:19:07] [Server thread/WARN] [FML]: *  at java.lang.Iterable.forEach(Iterable.java:75)
[02:19:07] [Server thread/WARN] [FML]: *  at com.google.common.collect.AbstractMapBasedMultimap.lambda$forEach$3(AbstractMapBasedMultimap.java:1279)...
[02:19:07] [Server thread/WARN] [FML]: ****************************************
[02:19:07] [Server thread/WARN] [FML]: ****************************************
[02:19:07] [Server thread/WARN] [FML]: *  at net.minecraftforge.oredict.OreDictionary.registerOreImpl(OreDictionary.java:665)
[02:19:07] [Server thread/WARN] [FML]: *  at net.minecraftforge.oredict.OreDictionary.registerOre(OreDictionary.java:651)
[02:19:07] [Server thread/WARN] [FML]: *  at net.dries007.tfc.util.OreDictionaryHelper.lambda$init$0(OreDictionaryHelper.java:77)
[02:19:07] [Server thread/WARN] [FML]: *  at com.google.common.collect.AbstractMapBasedMultimap.lambda$null$2(AbstractMapBasedMultimap.java:1279)
[02:19:07] [Server thread/WARN] [FML]: *  at java.lang.Iterable.forEach(Iterable.java:75)
[02:19:07] [Server thread/WARN] [FML]: *  at com.google.common.collect.AbstractMapBasedMultimap.lambda$forEach$3(AbstractMapBasedMultimap.java:1279)...
[02:19:07] [Server thread/WARN] [FML]: ****************************************
[02:19:07] [Server thread/WARN] [FML]: ****************************************
[02:19:07] [Server thread/WARN] [FML]: *  at net.minecraftforge.oredict.OreDictionary.registerOreImpl(OreDictionary.java:665)
[02:19:07] [Server thread/WARN] [FML]: *  at net.minecraftforge.oredict.OreDictionary.registerOre(OreDictionary.java:651)
[02:19:07] [Server thread/WARN] [FML]: *  at net.dries007.tfc.util.OreDictionaryHelper.lambda$init$0(OreDictionaryHelper.java:77)
[02:19:07] [Server thread/WARN] [FML]: *  at com.google.common.collect.AbstractMapBasedMultimap.lambda$null$2(AbstractMapBasedMultimap.java:1279)
[02:19:07] [Server thread/WARN] [FML]: *  at java.lang.Iterable.forEach(Iterable.java:75)
[02:19:07] [Server thread/WARN] [FML]: *  at com.google.common.collect.AbstractMapBasedMultimap.lambda$forEach$3(AbstractMapBasedMultimap.java:1279)...
[02:19:07] [Server thread/WARN] [FML]: ****************************************
[02:19:07] [Server thread/WARN] [FML]: ****************************************
[02:19:07] [Server thread/WARN] [FML]: *  at net.minecraftforge.oredict.OreDictionary.registerOreImpl(OreDictionary.java:665)
[02:19:07] [Server thread/WARN] [FML]: *  at net.minecraftforge.oredict.OreDictionary.registerOre(OreDictionary.java:651)
[02:19:07] [Server thread/WARN] [FML]: *  at net.dries007.tfc.util.OreDictionaryHelper.lambda$init$0(OreDictionaryHelper.java:77)
[02:19:07] [Server thread/WARN] [FML]: *  at com.google.common.collect.AbstractMapBasedMultimap.lambda$null$2(AbstractMapBasedMultimap.java:1279)
[02:19:07] [Server thread/WARN] [FML]: *  at java.lang.Iterable.forEach(Iterable.java:75)
[02:19:07] [Server thread/WARN] [FML]: *  at com.google.common.collect.AbstractMapBasedMultimap.lambda$forEach$3(AbstractMapBasedMultimap.java:1279)...
[02:19:07] [Server thread/WARN] [FML]: ****************************************
[02:19:07] [Server thread/WARN] [FML]: ****************************************
[02:19:07] [Server thread/WARN] [FML]: *  at net.minecraftforge.oredict.OreDictionary.registerOreImpl(OreDictionary.java:665)
[02:19:07] [Server thread/WARN] [FML]: *  at net.minecraftforge.oredict.OreDictionary.registerOre(OreDictionary.java:651)
[02:19:07] [Server thread/WARN] [FML]: *  at net.dries007.tfc.util.OreDictionaryHelper.lambda$init$0(OreDictionaryHelper.java:77)
[02:19:07] [Server thread/WARN] [FML]: *  at com.google.common.collect.AbstractMapBasedMultimap.lambda$null$2(AbstractMapBasedMultimap.java:1279)
[02:19:07] [Server thread/WARN] [FML]: *  at java.lang.Iterable.forEach(Iterable.java:75)
[02:19:07] [Server thread/WARN] [FML]: *  at com.google.common.collect.AbstractMapBasedMultimap.lambda$forEach$3(AbstractMapBasedMultimap.java:1279)...
[02:19:07] [Server thread/WARN] [FML]: ****************************************
[02:19:07] [Server thread/WARN] [FML]: ****************************************
[02:19:07] [Server thread/WARN] [FML]: *  at net.minecraftforge.oredict.OreDictionary.registerOreImpl(OreDictionary.java:665)
[02:19:07] [Server thread/WARN] [FML]: *  at net.minecraftforge.oredict.OreDictionary.registerOre(OreDictionary.java:651)
[02:19:07] [Server thread/WARN] [FML]: *  at net.dries007.tfc.util.OreDictionaryHelper.lambda$init$0(OreDictionaryHelper.java:77)
[02:19:07] [Server thread/WARN] [FML]: *  at com.google.common.collect.AbstractMapBasedMultimap.lambda$null$2(AbstractMapBasedMultimap.java:1279)
[02:19:07] [Server thread/WARN] [FML]: *  at java.lang.Iterable.forEach(Iterable.java:75)
[02:19:07] [Server thread/WARN] [FML]: *  at com.google.common.collect.AbstractMapBasedMultimap.lambda$forEach$3(AbstractMapBasedMultimap.java:1279)...
[02:19:07] [Server thread/WARN] [FML]: ****************************************
[02:19:07] [Server thread/WARN] [FML]: ****************************************
[02:19:07] [Server thread/WARN] [FML]: *  at net.minecraftforge.oredict.OreDictionary.registerOreImpl(OreDictionary.java:665)
[02:19:07] [Server thread/WARN] [FML]: *  at net.minecraftforge.oredict.OreDictionary.registerOre(OreDictionary.java:651)
[02:19:07] [Server thread/WARN] [FML]: *  at net.dries007.tfc.util.OreDictionaryHelper.lambda$init$0(OreDictionaryHelper.java:77)
[02:19:07] [Server thread/WARN] [FML]: *  at com.google.common.collect.AbstractMapBasedMultimap.lambda$null$2(AbstractMapBasedMultimap.java:1279)
[02:19:07] [Server thread/WARN] [FML]: *  at java.lang.Iterable.forEach(Iterable.java:75)
[02:19:07] [Server thread/WARN] [FML]: *  at com.google.common.collect.AbstractMapBasedMultimap.lambda$forEach$3(AbstractMapBasedMultimap.java:1279)...
[02:19:07] [Server thread/WARN] [FML]: ****************************************
[02:19:07] [Server thread/WARN] [FML]: ****************************************
[02:19:07] [Server thread/WARN] [FML]: *  at net.minecraftforge.oredict.OreDictionary.registerOreImpl(OreDictionary.java:665)
[02:19:07] [Server thread/WARN] [FML]: *  at net.minecraftforge.oredict.OreDictionary.registerOre(OreDictionary.java:651)
[02:19:07] [Server thread/WARN] [FML]: *  at net.dries007.tfc.util.OreDictionaryHelper.lambda$init$0(OreDictionaryHelper.java:77)
[02:19:07] [Server thread/WARN] [FML]: *  at com.google.common.collect.AbstractMapBasedMultimap.lambda$null$2(AbstractMapBasedMultimap.java:1279)
[02:19:07] [Server thread/WARN] [FML]: *  at java.lang.Iterable.forEach(Iterable.java:75)
[02:19:07] [Server thread/WARN] [FML]: *  at com.google.common.collect.AbstractMapBasedMultimap.lambda$forEach$3(AbstractMapBasedMultimap.java:1279)...
[02:19:07] [Server thread/WARN] [FML]: ****************************************
[02:19:07] [Server thread/WARN] [FML]: ****************************************
[02:19:07] [Server thread/WARN] [FML]: *  at net.minecraftforge.oredict.OreDictionary.registerOreImpl(OreDictionary.java:665)
[02:19:07] [Server thread/WARN] [FML]: *  at net.minecraftforge.oredict.OreDictionary.registerOre(OreDictionary.java:651)
[02:19:07] [Server thread/WARN] [FML]: *  at net.dries007.tfc.util.OreDictionaryHelper.lambda$init$0(OreDictionaryHelper.java:77)
[02:19:07] [Server thread/WARN] [FML]: *  at com.google.common.collect.AbstractMapBasedMultimap.lambda$null$2(AbstractMapBasedMultimap.java:1279)
[02:19:07] [Server thread/WARN] [FML]: *  at java.lang.Iterable.forEach(Iterable.java:75)
[02:19:07] [Server thread/WARN] [FML]: *  at com.google.common.collect.AbstractMapBasedMultimap.lambda$forEach$3(AbstractMapBasedMultimap.java:1279)...
[02:19:07] [Server thread/WARN] [FML]: ****************************************
[02:19:07] [Server thread/WARN] [FML]: ****************************************
[02:19:07] [Server thread/WARN] [FML]: *  at net.minecraftforge.oredict.OreDictionary.registerOreImpl(OreDictionary.java:665)
[02:19:07] [Server thread/WARN] [FML]: *  at net.minecraftforge.oredict.OreDictionary.registerOre(OreDictionary.java:651)
[02:19:07] [Server thread/WARN] [FML]: *  at net.dries007.tfc.util.OreDictionaryHelper.lambda$init$0(OreDictionaryHelper.java:77)
[02:19:07] [Server thread/WARN] [FML]: *  at com.google.common.collect.AbstractMapBasedMultimap.lambda$null$2(AbstractMapBasedMultimap.java:1279)
[02:19:07] [Server thread/WARN] [FML]: *  at java.lang.Iterable.forEach(Iterable.java:75)
[02:19:07] [Server thread/WARN] [FML]: *  at com.google.common.collect.AbstractMapBasedMultimap.lambda$forEach$3(AbstractMapBasedMultimap.java:1279)...
[02:19:07] [Server thread/WARN] [FML]: ****************************************
[02:19:07] [Server thread/WARN] [FML]: ****************************************
[02:19:07] [Server thread/WARN] [FML]: *  at net.minecraftforge.oredict.OreDictionary.registerOreImpl(OreDictionary.java:665)
[02:19:07] [Server thread/WARN] [FML]: *  at net.minecraftforge.oredict.OreDictionary.registerOre(OreDictionary.java:651)
[02:19:07] [Server thread/WARN] [FML]: *  at net.dries007.tfc.util.OreDictionaryHelper.lambda$init$0(OreDictionaryHelper.java:77)
[02:19:07] [Server thread/WARN] [FML]: *  at com.google.common.collect.AbstractMapBasedMultimap.lambda$null$2(AbstractMapBasedMultimap.java:1279)
[02:19:07] [Server thread/WARN] [FML]: *  at java.lang.Iterable.forEach(Iterable.java:75)
[02:19:07] [Server thread/WARN] [FML]: *  at com.google.common.collect.AbstractMapBasedMultimap.lambda$forEach$3(AbstractMapBasedMultimap.java:1279)...
[02:19:07] [Server thread/WARN] [FML]: ****************************************
[02:19:07] [Server thread/WARN] [FML]: ****************************************
[02:19:07] [Server thread/WARN] [FML]: *  at net.minecraftforge.oredict.OreDictionary.registerOreImpl(OreDictionary.java:665)
[02:19:07] [Server thread/WARN] [FML]: *  at net.minecraftforge.oredict.OreDictionary.registerOre(OreDictionary.java:651)
[02:19:07] [Server thread/WARN] [FML]: *  at net.dries007.tfc.util.OreDictionaryHelper.lambda$init$0(OreDictionaryHelper.java:77)
[02:19:07] [Server thread/WARN] [FML]: *  at com.google.common.collect.AbstractMapBasedMultimap.lambda$null$2(AbstractMapBasedMultimap.java:1279)
[02:19:07] [Server thread/WARN] [FML]: *  at java.lang.Iterable.forEach(Iterable.java:75)
[02:19:07] [Server thread/WARN] [FML]: *  at com.google.common.collect.AbstractMapBasedMultimap.lambda$forEach$3(AbstractMapBasedMultimap.java:1279)...
[02:19:07] [Server thread/WARN] [FML]: ****************************************
[02:19:07] [Server thread/WARN] [FML]: ****************************************
[02:19:07] [Server thread/WARN] [FML]: *  at net.minecraftforge.oredict.OreDictionary.registerOreImpl(OreDictionary.java:665)
[02:19:07] [Server thread/WARN] [FML]: *  at net.minecraftforge.oredict.OreDictionary.registerOre(OreDictionary.java:651)
[02:19:07] [Server thread/WARN] [FML]: *  at net.dries007.tfc.util.OreDictionaryHelper.lambda$init$0(OreDictionaryHelper.java:77)
[02:19:07] [Server thread/WARN] [FML]: *  at com.google.common.collect.AbstractMapBasedMultimap.lambda$null$2(AbstractMapBasedMultimap.java:1279)
[02:19:07] [Server thread/WARN] [FML]: *  at java.lang.Iterable.forEach(Iterable.java:75)
[02:19:07] [Server thread/WARN] [FML]: *  at com.google.common.collect.AbstractMapBasedMultimap.lambda$forEach$3(AbstractMapBasedMultimap.java:1279)...
[02:19:07] [Server thread/WARN] [FML]: ****************************************
[02:19:07] [Server thread/WARN] [FML]: ****************************************
[02:19:07] [Server thread/WARN] [FML]: *  at net.minecraftforge.oredict.OreDictionary.registerOreImpl(OreDictionary.java:665)
[02:19:07] [Server thread/WARN] [FML]: *  at net.minecraftforge.oredict.OreDictionary.registerOre(OreDictionary.java:651)
[02:19:07] [Server thread/WARN] [FML]: *  at net.dries007.tfc.util.OreDictionaryHelper.lambda$init$0(OreDictionaryHelper.java:77)
[02:19:07] [Server thread/WARN] [FML]: *  at com.google.common.collect.AbstractMapBasedMultimap.lambda$null$2(AbstractMapBasedMultimap.java:1279)
[02:19:07] [Server thread/WARN] [FML]: *  at java.lang.Iterable.forEach(Iterable.java:75)
[02:19:07] [Server thread/WARN] [FML]: *  at com.google.common.collect.AbstractMapBasedMultimap.lambda$forEach$3(AbstractMapBasedMultimap.java:1279)...
[02:19:07] [Server thread/WARN] [FML]: ****************************************
[02:19:07] [Server thread/WARN] [FML]: ****************************************
[02:19:07] [Server thread/WARN] [FML]: *  at net.minecraftforge.oredict.OreDictionary.registerOreImpl(OreDictionary.java:665)
[02:19:07] [Server thread/WARN] [FML]: *  at net.minecraftforge.oredict.OreDictionary.registerOre(OreDictionary.java:651)
[02:19:07] [Server thread/WARN] [FML]: *  at net.dries007.tfc.util.OreDictionaryHelper.lambda$init$0(OreDictionaryHelper.java:77)
[02:19:07] [Server thread/WARN] [FML]: *  at com.google.common.collect.AbstractMapBasedMultimap.lambda$null$2(AbstractMapBasedMultimap.java:1279)
[02:19:07] [Server thread/WARN] [FML]: *  at java.lang.Iterable.forEach(Iterable.java:75)
[02:19:07] [Server thread/WARN] [FML]: *  at com.google.common.collect.AbstractMapBasedMultimap.lambda$forEach$3(AbstractMapBasedMultimap.java:1279)...
[02:19:07] [Server thread/WARN] [FML]: ****************************************
[02:19:07] [Server thread/WARN] [FML]: ****************************************
[02:19:07] [Server thread/WARN] [FML]: *  at net.minecraftforge.oredict.OreDictionary.registerOreImpl(OreDictionary.java:665)
[02:19:07] [Server thread/WARN] [FML]: *  at net.minecraftforge.oredict.OreDictionary.registerOre(OreDictionary.java:651)
[02:19:07] [Server thread/WARN] [FML]: *  at net.dries007.tfc.util.OreDictionaryHelper.lambda$init$0(OreDictionaryHelper.java:77)
[02:19:07] [Server thread/WARN] [FML]: *  at com.google.common.collect.AbstractMapBasedMultimap.lambda$null$2(AbstractMapBasedMultimap.java:1279)
[02:19:07] [Server thread/WARN] [FML]: *  at java.lang.Iterable.forEach(Iterable.java:75)
[02:19:07] [Server thread/WARN] [FML]: *  at com.google.common.collect.AbstractMapBasedMultimap.lambda$forEach$3(AbstractMapBasedMultimap.java:1279)...
[02:19:07] [Server thread/WARN] [FML]: ****************************************
[02:19:07] [Server thread/WARN] [FML]: ****************************************
[02:19:07] [Server thread/WARN] [FML]: *  at net.minecraftforge.oredict.OreDictionary.registerOreImpl(OreDictionary.java:665)
[02:19:07] [Server thread/WARN] [FML]: *  at net.minecraftforge.oredict.OreDictionary.registerOre(OreDictionary.java:651)
[02:19:07] [Server thread/WARN] [FML]: *  at net.dries007.tfc.util.OreDictionaryHelper.lambda$init$0(OreDictionaryHelper.java:77)
[02:19:07] [Server thread/WARN] [FML]: *  at com.google.common.collect.AbstractMapBasedMultimap.lambda$null$2(AbstractMapBasedMultimap.java:1279)
[02:19:07] [Server thread/WARN] [FML]: *  at java.lang.Iterable.forEach(Iterable.java:75)
[02:19:07] [Server thread/WARN] [FML]: *  at com.google.common.collect.AbstractMapBasedMultimap.lambda$forEach$3(AbstractMapBasedMultimap.java:1279)...
[02:19:07] [Server thread/WARN] [FML]: ****************************************
[02:19:07] [Server thread/WARN] [FML]: ****************************************
[02:19:07] [Server thread/WARN] [FML]: *  at net.minecraftforge.oredict.OreDictionary.registerOreImpl(OreDictionary.java:665)
[02:19:07] [Server thread/WARN] [FML]: *  at net.minecraftforge.oredict.OreDictionary.registerOre(OreDictionary.java:651)
[02:19:07] [Server thread/WARN] [FML]: *  at net.dries007.tfc.util.OreDictionaryHelper.lambda$init$0(OreDictionaryHelper.java:77)
[02:19:07] [Server thread/WARN] [FML]: *  at com.google.common.collect.AbstractMapBasedMultimap.lambda$null$2(AbstractMapBasedMultimap.java:1279)
[02:19:07] [Server thread/WARN] [FML]: *  at java.lang.Iterable.forEach(Iterable.java:75)
[02:19:07] [Server thread/WARN] [FML]: *  at com.google.common.collect.AbstractMapBasedMultimap.lambda$forEach$3(AbstractMapBasedMultimap.java:1279)...
[02:19:07] [Server thread/WARN] [FML]: ****************************************
[02:19:07] [Server thread/WARN] [FML]: ****************************************
[02:19:07] [Server thread/WARN] [FML]: *  at net.minecraftforge.oredict.OreDictionary.registerOreImpl(OreDictionary.java:665)
[02:19:07] [Server thread/WARN] [FML]: *  at net.minecraftforge.oredict.OreDictionary.registerOre(OreDictionary.java:651)
[02:19:07] [Server thread/WARN] [FML]: *  at net.dries007.tfc.util.OreDictionaryHelper.lambda$init$0(OreDictionaryHelper.java:77)
[02:19:07] [Server thread/WARN] [FML]: *  at com.google.common.collect.AbstractMapBasedMultimap.lambda$null$2(AbstractMapBasedMultimap.java:1279)
[02:19:07] [Server thread/WARN] [FML]: *  at java.lang.Iterable.forEach(Iterable.java:75)
[02:19:07] [Server thread/WARN] [FML]: *  at com.google.common.collect.AbstractMapBasedMultimap.lambda$forEach$3(AbstractMapBasedMultimap.java:1279)...
[02:19:07] [Server thread/WARN] [FML]: ****************************************
[02:19:07] [Server thread/WARN] [FML]: ****************************************
[02:19:07] [Server thread/WARN] [FML]: *  at net.minecraftforge.oredict.OreDictionary.registerOreImpl(OreDictionary.java:665)
[02:19:07] [Server thread/WARN] [FML]: *  at net.minecraftforge.oredict.OreDictionary.registerOre(OreDictionary.java:651)
[02:19:07] [Server thread/WARN] [FML]: *  at net.dries007.tfc.util.OreDictionaryHelper.lambda$init$0(OreDictionaryHelper.java:77)
[02:19:07] [Server thread/WARN] [FML]: *  at com.google.common.collect.AbstractMapBasedMultimap.lambda$null$2(AbstractMapBasedMultimap.java:1279)
[02:19:07] [Server thread/WARN] [FML]: *  at java.lang.Iterable.forEach(Iterable.java:75)
[02:19:07] [Server thread/WARN] [FML]: *  at com.google.common.collect.AbstractMapBasedMultimap.lambda$forEach$3(AbstractMapBasedMultimap.java:1279)...
[02:19:07] [Server thread/WARN] [FML]: ****************************************
[02:19:07] [Server thread/WARN] [FML]: ****************************************
[02:19:07] [Server thread/WARN] [FML]: *  at net.minecraftforge.oredict.OreDictionary.registerOreImpl(OreDictionary.java:665)
[02:19:07] [Server thread/WARN] [FML]: *  at net.minecraftforge.oredict.OreDictionary.registerOre(OreDictionary.java:651)
[02:19:07] [Server thread/WARN] [FML]: *  at net.dries007.tfc.util.OreDictionaryHelper.lambda$init$0(OreDictionaryHelper.java:77)
[02:19:07] [Server thread/WARN] [FML]: *  at com.google.common.collect.AbstractMapBasedMultimap.lambda$null$2(AbstractMapBasedMultimap.java:1279)
[02:19:07] [Server thread/WARN] [FML]: *  at java.lang.Iterable.forEach(Iterable.java:75)
[02:19:07] [Server thread/WARN] [FML]: *  at com.google.common.collect.AbstractMapBasedMultimap.lambda$forEach$3(AbstractMapBasedMultimap.java:1279)...
[02:19:07] [Server thread/WARN] [FML]: ****************************************
[02:19:07] [Server thread/WARN] [FML]: ****************************************
[02:19:07] [Server thread/WARN] [FML]: *  at net.minecraftforge.oredict.OreDictionary.registerOreImpl(OreDictionary.java:665)
[02:19:07] [Server thread/WARN] [FML]: *  at net.minecraftforge.oredict.OreDictionary.registerOre(OreDictionary.java:651)
[02:19:07] [Server thread/WARN] [FML]: *  at net.dries007.tfc.util.OreDictionaryHelper.lambda$init$0(OreDictionaryHelper.java:77)
[02:19:07] [Server thread/WARN] [FML]: *  at com.google.common.collect.AbstractMapBasedMultimap.lambda$null$2(AbstractMapBasedMultimap.java:1279)
[02:19:07] [Server thread/WARN] [FML]: *  at java.lang.Iterable.forEach(Iterable.java:75)
[02:19:07] [Server thread/WARN] [FML]: *  at com.google.common.collect.AbstractMapBasedMultimap.lambda$forEach$3(AbstractMapBasedMultimap.java:1279)...
[02:19:07] [Server thread/WARN] [FML]: ****************************************
[02:19:07] [Server thread/WARN] [FML]: ****************************************
[02:19:07] [Server thread/WARN] [FML]: *  at net.minecraftforge.oredict.OreDictionary.registerOreImpl(OreDictionary.java:665)
[02:19:07] [Server thread/WARN] [FML]: *  at net.minecraftforge.oredict.OreDictionary.registerOre(OreDictionary.java:651)
[02:19:07] [Server thread/WARN] [FML]: *  at net.dries007.tfc.util.OreDictionaryHelper.lambda$init$0(OreDictionaryHelper.java:77)
[02:19:07] [Server thread/WARN] [FML]: *  at com.google.common.collect.AbstractMapBasedMultimap.lambda$null$2(AbstractMapBasedMultimap.java:1279)
[02:19:07] [Server thread/WARN] [FML]: *  at java.lang.Iterable.forEach(Iterable.java:75)
[02:19:07] [Server thread/WARN] [FML]: *  at com.google.common.collect.AbstractMapBasedMultimap.lambda$forEach$3(AbstractMapBasedMultimap.java:1279)...
[02:19:07] [Server thread/WARN] [FML]: ****************************************
[02:19:07] [Server thread/WARN] [FML]: ****************************************
[02:19:07] [Server thread/WARN] [FML]: *  at net.minecraftforge.oredict.OreDictionary.registerOreImpl(OreDictionary.java:665)
[02:19:07] [Server thread/WARN] [FML]: *  at net.minecraftforge.oredict.OreDictionary.registerOre(OreDictionary.java:651)
[02:19:07] [Server thread/WARN] [FML]: *  at net.dries007.tfc.util.OreDictionaryHelper.lambda$init$0(OreDictionaryHelper.java:77)
[02:19:07] [Server thread/WARN] [FML]: *  at com.google.common.collect.AbstractMapBasedMultimap.lambda$null$2(AbstractMapBasedMultimap.java:1279)
[02:19:07] [Server thread/WARN] [FML]: *  at java.lang.Iterable.forEach(Iterable.java:75)
[02:19:07] [Server thread/WARN] [FML]: *  at com.google.common.collect.AbstractMapBasedMultimap.lambda$forEach$3(AbstractMapBasedMultimap.java:1279)...
[02:19:07] [Server thread/WARN] [FML]: ****************************************
[02:19:07] [Server thread/WARN] [FML]: ****************************************
[02:19:07] [Server thread/WARN] [FML]: *  at net.minecraftforge.oredict.OreDictionary.registerOreImpl(OreDictionary.java:665)
[02:19:07] [Server thread/WARN] [FML]: *  at net.minecraftforge.oredict.OreDictionary.registerOre(OreDictionary.java:651)
[02:19:07] [Server thread/WARN] [FML]: *  at net.dries007.tfc.util.OreDictionaryHelper.lambda$init$0(OreDictionaryHelper.java:77)
[02:19:07] [Server thread/WARN] [FML]: *  at com.google.common.collect.AbstractMapBasedMultimap.lambda$null$2(AbstractMapBasedMultimap.java:1279)
[02:19:07] [Server thread/WARN] [FML]: *  at java.lang.Iterable.forEach(Iterable.java:75)
[02:19:07] [Server thread/WARN] [FML]: *  at com.google.common.collect.AbstractMapBasedMultimap.lambda$forEach$3(AbstractMapBasedMultimap.java:1279)...
[02:19:07] [Server thread/WARN] [FML]: ****************************************
[02:19:07] [Server thread/WARN] [FML]: ****************************************
[02:19:07] [Server thread/WARN] [FML]: *  at net.minecraftforge.oredict.OreDictionary.registerOreImpl(OreDictionary.java:665)
[02:19:07] [Server thread/WARN] [FML]: *  at net.minecraftforge.oredict.OreDictionary.registerOre(OreDictionary.java:651)
[02:19:07] [Server thread/WARN] [FML]: *  at net.dries007.tfc.util.OreDictionaryHelper.lambda$init$0(OreDictionaryHelper.java:77)
[02:19:07] [Server thread/WARN] [FML]: *  at com.google.common.collect.AbstractMapBasedMultimap.lambda$null$2(AbstractMapBasedMultimap.java:1279)
[02:19:07] [Server thread/WARN] [FML]: *  at java.lang.Iterable.forEach(Iterable.java:75)
[02:19:07] [Server thread/WARN] [FML]: *  at com.google.common.collect.AbstractMapBasedMultimap.lambda$forEach$3(AbstractMapBasedMultimap.java:1279)...
[02:19:07] [Server thread/WARN] [FML]: ****************************************
[02:19:07] [Server thread/WARN] [FML]: ****************************************
[02:19:07] [Server thread/WARN] [FML]: *  at net.minecraftforge.oredict.OreDictionary.registerOreImpl(OreDictionary.java:665)
[02:19:07] [Server thread/WARN] [FML]: *  at net.minecraftforge.oredict.OreDictionary.registerOre(OreDictionary.java:651)
[02:19:07] [Server thread/WARN] [FML]: *  at net.dries007.tfc.util.OreDictionaryHelper.lambda$init$0(OreDictionaryHelper.java:77)
[02:19:07] [Server thread/WARN] [FML]: *  at com.google.common.collect.AbstractMapBasedMultimap.lambda$null$2(AbstractMapBasedMultimap.java:1279)
[02:19:07] [Server thread/WARN] [FML]: *  at java.lang.Iterable.forEach(Iterable.java:75)
[02:19:07] [Server thread/WARN] [FML]: *  at com.google.common.collect.AbstractMapBasedMultimap.lambda$forEach$3(AbstractMapBasedMultimap.java:1279)...
[02:19:07] [Server thread/WARN] [FML]: ****************************************
[02:19:07] [Server thread/WARN] [FML]: ****************************************
[02:19:07] [Server thread/WARN] [FML]: *  at net.minecraftforge.oredict.OreDictionary.registerOreImpl(OreDictionary.java:665)
[02:19:07] [Server thread/WARN] [FML]: *  at net.minecraftforge.oredict.OreDictionary.registerOre(OreDictionary.java:651)
[02:19:07] [Server thread/WARN] [FML]: *  at net.dries007.tfc.util.OreDictionaryHelper.lambda$init$0(OreDictionaryHelper.java:77)
[02:19:07] [Server thread/WARN] [FML]: *  at com.google.common.collect.AbstractMapBasedMultimap.lambda$null$2(AbstractMapBasedMultimap.java:1279)
[02:19:07] [Server thread/WARN] [FML]: *  at java.lang.Iterable.forEach(Iterable.java:75)
[02:19:07] [Server thread/WARN] [FML]: *  at com.google.common.collect.AbstractMapBasedMultimap.lambda$forEach$3(AbstractMapBasedMultimap.java:1279)...
[02:19:07] [Server thread/WARN] [FML]: ****************************************
[02:19:07] [Server thread/WARN] [FML]: ****************************************
[02:19:07] [Server thread/WARN] [FML]: *  at net.minecraftforge.oredict.OreDictionary.registerOreImpl(OreDictionary.java:665)
[02:19:07] [Server thread/WARN] [FML]: *  at net.minecraftforge.oredict.OreDictionary.registerOre(OreDictionary.java:651)
[02:19:07] [Server thread/WARN] [FML]: *  at net.dries007.tfc.util.OreDictionaryHelper.lambda$init$0(OreDictionaryHelper.java:77)
[02:19:07] [Server thread/WARN] [FML]: *  at com.google.common.collect.AbstractMapBasedMultimap.lambda$null$2(AbstractMapBasedMultimap.java:1279)
[02:19:07] [Server thread/WARN] [FML]: *  at java.lang.Iterable.forEach(Iterable.java:75)
[02:19:07] [Server thread/WARN] [FML]: *  at com.google.common.collect.AbstractMapBasedMultimap.lambda$forEach$3(AbstractMapBasedMultimap.java:1279)...
[02:19:07] [Server thread/WARN] [FML]: ****************************************
[02:19:07] [Server thread/WARN] [FML]: ****************************************
[02:19:07] [Server thread/WARN] [FML]: *  at net.minecraftforge.oredict.OreDictionary.registerOreImpl(OreDictionary.java:665)
[02:19:07] [Server thread/WARN] [FML]: *  at net.minecraftforge.oredict.OreDictionary.registerOre(OreDictionary.java:651)
[02:19:07] [Server thread/WARN] [FML]: *  at net.dries007.tfc.util.OreDictionaryHelper.lambda$init$0(OreDictionaryHelper.java:77)
[02:19:07] [Server thread/WARN] [FML]: *  at com.google.common.collect.AbstractMapBasedMultimap.lambda$null$2(AbstractMapBasedMultimap.java:1279)
[02:19:07] [Server thread/WARN] [FML]: *  at java.lang.Iterable.forEach(Iterable.java:75)
[02:19:07] [Server thread/WARN] [FML]: *  at com.google.common.collect.AbstractMapBasedMultimap.lambda$forEach$3(AbstractMapBasedMultimap.java:1279)...
[02:19:07] [Server thread/WARN] [FML]: ****************************************
[02:19:07] [Server thread/WARN] [FML]: ****************************************
[02:19:07] [Server thread/WARN] [FML]: *  at net.minecraftforge.oredict.OreDictionary.registerOreImpl(OreDictionary.java:665)
[02:19:07] [Server thread/WARN] [FML]: *  at net.minecraftforge.oredict.OreDictionary.registerOre(OreDictionary.java:651)
[02:19:07] [Server thread/WARN] [FML]: *  at net.dries007.tfc.util.OreDictionaryHelper.lambda$init$0(OreDictionaryHelper.java:77)
[02:19:07] [Server thread/WARN] [FML]: *  at com.google.common.collect.AbstractMapBasedMultimap.lambda$null$2(AbstractMapBasedMultimap.java:1279)
[02:19:07] [Server thread/WARN] [FML]: *  at java.lang.Iterable.forEach(Iterable.java:75)
[02:19:07] [Server thread/WARN] [FML]: *  at com.google.common.collect.AbstractMapBasedMultimap.lambda$forEach$3(AbstractMapBasedMultimap.java:1279)...
[02:19:07] [Server thread/WARN] [FML]: ****************************************
[02:19:07] [Server thread/WARN] [FML]: ****************************************
[02:19:07] [Server thread/WARN] [FML]: *  at net.minecraftforge.oredict.OreDictionary.registerOreImpl(OreDictionary.java:665)
[02:19:07] [Server thread/WARN] [FML]: *  at net.minecraftforge.oredict.OreDictionary.registerOre(OreDictionary.java:651)
[02:19:07] [Server thread/WARN] [FML]: *  at net.dries007.tfc.util.OreDictionaryHelper.lambda$init$0(OreDictionaryHelper.java:77)
[02:19:07] [Server thread/WARN] [FML]: *  at com.google.common.collect.AbstractMapBasedMultimap.lambda$null$2(AbstractMapBasedMultimap.java:1279)
[02:19:07] [Server thread/WARN] [FML]: *  at java.lang.Iterable.forEach(Iterable.java:75)
[02:19:07] [Server thread/WARN] [FML]: *  at com.google.common.collect.AbstractMapBasedMultimap.lambda$forEach$3(AbstractMapBasedMultimap.java:1279)...
[02:19:07] [Server thread/WARN] [FML]: ****************************************
[02:19:07] [Server thread/WARN] [FML]: ****************************************
[02:19:07] [Server thread/WARN] [FML]: *  at net.minecraftforge.oredict.OreDictionary.registerOreImpl(OreDictionary.java:665)
[02:19:07] [Server thread/WARN] [FML]: *  at net.minecraftforge.oredict.OreDictionary.registerOre(OreDictionary.java:651)
[02:19:07] [Server thread/WARN] [FML]: *  at net.dries007.tfc.util.OreDictionaryHelper.lambda$init$0(OreDictionaryHelper.java:77)
[02:19:07] [Server thread/WARN] [FML]: *  at com.google.common.collect.AbstractMapBasedMultimap.lambda$null$2(AbstractMapBasedMultimap.java:1279)
[02:19:07] [Server thread/WARN] [FML]: *  at java.lang.Iterable.forEach(Iterable.java:75)
[02:19:07] [Server thread/WARN] [FML]: *  at com.google.common.collect.AbstractMapBasedMultimap.lambda$forEach$3(AbstractMapBasedMultimap.java:1279)...
[02:19:07] [Server thread/WARN] [FML]: ****************************************
[02:19:07] [Server thread/WARN] [FML]: ****************************************
[02:19:07] [Server thread/WARN] [FML]: *  at net.minecraftforge.oredict.OreDictionary.registerOreImpl(OreDictionary.java:665)
[02:19:07] [Server thread/WARN] [FML]: *  at net.minecraftforge.oredict.OreDictionary.registerOre(OreDictionary.java:651)
[02:19:07] [Server thread/WARN] [FML]: *  at net.dries007.tfc.util.OreDictionaryHelper.lambda$init$0(OreDictionaryHelper.java:77)
[02:19:07] [Server thread/WARN] [FML]: *  at com.google.common.collect.AbstractMapBasedMultimap.lambda$null$2(AbstractMapBasedMultimap.java:1279)
[02:19:07] [Server thread/WARN] [FML]: *  at java.lang.Iterable.forEach(Iterable.java:75)
[02:19:07] [Server thread/WARN] [FML]: *  at com.google.common.collect.AbstractMapBasedMultimap.lambda$forEach$3(AbstractMapBasedMultimap.java:1279)...
[02:19:07] [Server thread/WARN] [FML]: ****************************************
[02:19:07] [Server thread/WARN] [FML]: ****************************************
[02:19:07] [Server thread/WARN] [FML]: *  at net.minecraftforge.oredict.OreDictionary.registerOreImpl(OreDictionary.java:665)
[02:19:07] [Server thread/WARN] [FML]: *  at net.minecraftforge.oredict.OreDictionary.registerOre(OreDictionary.java:651)
[02:19:07] [Server thread/WARN] [FML]: *  at net.dries007.tfc.util.OreDictionaryHelper.lambda$init$0(OreDictionaryHelper.java:77)
[02:19:07] [Server thread/WARN] [FML]: *  at com.google.common.collect.AbstractMapBasedMultimap.lambda$null$2(AbstractMapBasedMultimap.java:1279)
[02:19:07] [Server thread/WARN] [FML]: *  at java.lang.Iterable.forEach(Iterable.java:75)
[02:19:07] [Server thread/WARN] [FML]: *  at com.google.common.collect.AbstractMapBasedMultimap.lambda$forEach$3(AbstractMapBasedMultimap.java:1279)...
[02:19:07] [Server thread/WARN] [FML]: ****************************************
[02:19:07] [Server thread/WARN] [FML]: ****************************************
[02:19:07] [Server thread/WARN] [FML]: *  at net.minecraftforge.oredict.OreDictionary.registerOreImpl(OreDictionary.java:665)
[02:19:07] [Server thread/WARN] [FML]: *  at net.minecraftforge.oredict.OreDictionary.registerOre(OreDictionary.java:651)
[02:19:07] [Server thread/WARN] [FML]: *  at net.dries007.tfc.util.OreDictionaryHelper.lambda$init$0(OreDictionaryHelper.java:77)
[02:19:07] [Server thread/WARN] [FML]: *  at com.google.common.collect.AbstractMapBasedMultimap.lambda$null$2(AbstractMapBasedMultimap.java:1279)
[02:19:07] [Server thread/WARN] [FML]: *  at java.lang.Iterable.forEach(Iterable.java:75)
[02:19:07] [Server thread/WARN] [FML]: *  at com.google.common.collect.AbstractMapBasedMultimap.lambda$forEach$3(AbstractMapBasedMultimap.java:1279)...
[02:19:07] [Server thread/WARN] [FML]: ****************************************
[02:19:07] [Server thread/WARN] [FML]: ****************************************
[02:19:07] [Server thread/WARN] [FML]: *  at net.minecraftforge.oredict.OreDictionary.registerOreImpl(OreDictionary.java:665)
[02:19:07] [Server thread/WARN] [FML]: *  at net.minecraftforge.oredict.OreDictionary.registerOre(OreDictionary.java:651)
[02:19:07] [Server thread/WARN] [FML]: *  at net.dries007.tfc.util.OreDictionaryHelper.lambda$init$0(OreDictionaryHelper.java:77)
[02:19:07] [Server thread/WARN] [FML]: *  at com.google.common.collect.AbstractMapBasedMultimap.lambda$null$2(AbstractMapBasedMultimap.java:1279)
[02:19:07] [Server thread/WARN] [FML]: *  at java.lang.Iterable.forEach(Iterable.java:75)
[02:19:07] [Server thread/WARN] [FML]: *  at com.google.common.collect.AbstractMapBasedMultimap.lambda$forEach$3(AbstractMapBasedMultimap.java:1279)...
[02:19:07] [Server thread/WARN] [FML]: ****************************************
[02:19:07] [Server thread/WARN] [FML]: ****************************************
[02:19:07] [Server thread/WARN] [FML]: *  at net.minecraftforge.oredict.OreDictionary.registerOreImpl(OreDictionary.java:665)
[02:19:07] [Server thread/WARN] [FML]: *  at net.minecraftforge.oredict.OreDictionary.registerOre(OreDictionary.java:651)
[02:19:07] [Server thread/WARN] [FML]: *  at net.dries007.tfc.util.OreDictionaryHelper.lambda$init$0(OreDictionaryHelper.java:77)
[02:19:07] [Server thread/WARN] [FML]: *  at com.google.common.collect.AbstractMapBasedMultimap.lambda$null$2(AbstractMapBasedMultimap.java:1279)
[02:19:07] [Server thread/WARN] [FML]: *  at java.lang.Iterable.forEach(Iterable.java:75)
[02:19:07] [Server thread/WARN] [FML]: *  at com.google.common.collect.AbstractMapBasedMultimap.lambda$forEach$3(AbstractMapBasedMultimap.java:1279)...
[02:19:07] [Server thread/WARN] [FML]: ****************************************
[02:19:07] [Server thread/WARN] [FML]: ****************************************
[02:19:07] [Server thread/WARN] [FML]: *  at net.minecraftforge.oredict.OreDictionary.registerOreImpl(OreDictionary.java:665)
[02:19:07] [Server thread/WARN] [FML]: *  at net.minecraftforge.oredict.OreDictionary.registerOre(OreDictionary.java:651)
[02:19:07] [Server thread/WARN] [FML]: *  at net.dries007.tfc.util.OreDictionaryHelper.lambda$init$0(OreDictionaryHelper.java:77)
[02:19:07] [Server thread/WARN] [FML]: *  at com.google.common.collect.AbstractMapBasedMultimap.lambda$null$2(AbstractMapBasedMultimap.java:1279)
[02:19:07] [Server thread/WARN] [FML]: *  at java.lang.Iterable.forEach(Iterable.java:75)
[02:19:07] [Server thread/WARN] [FML]: *  at com.google.common.collect.AbstractMapBasedMultimap.lambda$forEach$3(AbstractMapBasedMultimap.java:1279)...
[02:19:07] [Server thread/WARN] [FML]: ****************************************
[02:19:07] [Server thread/WARN] [FML]: ****************************************
[02:19:07] [Server thread/WARN] [FML]: *  at net.minecraftforge.oredict.OreDictionary.registerOreImpl(OreDictionary.java:665)
[02:19:07] [Server thread/WARN] [FML]: *  at net.minecraftforge.oredict.OreDictionary.registerOre(OreDictionary.java:651)
[02:19:07] [Server thread/WARN] [FML]: *  at net.dries007.tfc.util.OreDictionaryHelper.lambda$init$0(OreDictionaryHelper.java:77)
[02:19:07] [Server thread/WARN] [FML]: *  at com.google.common.collect.AbstractMapBasedMultimap.lambda$null$2(AbstractMapBasedMultimap.java:1279)
[02:19:07] [Server thread/WARN] [FML]: *  at java.lang.Iterable.forEach(Iterable.java:75)
[02:19:07] [Server thread/WARN] [FML]: *  at com.google.common.collect.AbstractMapBasedMultimap.lambda$forEach$3(AbstractMapBasedMultimap.java:1279)...
[02:19:07] [Server thread/WARN] [FML]: ****************************************
[02:19:07] [Server thread/WARN] [FML]: ****************************************
[02:19:07] [Server thread/WARN] [FML]: *  at net.minecraftforge.oredict.OreDictionary.registerOreImpl(OreDictionary.java:665)
[02:19:07] [Server thread/WARN] [FML]: *  at net.minecraftforge.oredict.OreDictionary.registerOre(OreDictionary.java:651)
[02:19:07] [Server thread/WARN] [FML]: *  at net.dries007.tfc.util.OreDictionaryHelper.lambda$init$0(OreDictionaryHelper.java:77)
[02:19:07] [Server thread/WARN] [FML]: *  at com.google.common.collect.AbstractMapBasedMultimap.lambda$null$2(AbstractMapBasedMultimap.java:1279)
[02:19:07] [Server thread/WARN] [FML]: *  at java.lang.Iterable.forEach(Iterable.java:75)
[02:19:07] [Server thread/WARN] [FML]: *  at com.google.common.collect.AbstractMapBasedMultimap.lambda$forEach$3(AbstractMapBasedMultimap.java:1279)...
[02:19:07] [Server thread/WARN] [FML]: ****************************************
[02:19:07] [Server thread/WARN] [FML]: ****************************************
[02:19:07] [Server thread/WARN] [FML]: *  at net.minecraftforge.oredict.OreDictionary.registerOreImpl(OreDictionary.java:665)
[02:19:07] [Server thread/WARN] [FML]: *  at net.minecraftforge.oredict.OreDictionary.registerOre(OreDictionary.java:651)
[02:19:07] [Server thread/WARN] [FML]: *  at net.dries007.tfc.util.OreDictionaryHelper.lambda$init$0(OreDictionaryHelper.java:77)
[02:19:07] [Server thread/WARN] [FML]: *  at com.google.common.collect.AbstractMapBasedMultimap.lambda$null$2(AbstractMapBasedMultimap.java:1279)
[02:19:07] [Server thread/WARN] [FML]: *  at java.lang.Iterable.forEach(Iterable.java:75)
[02:19:07] [Server thread/WARN] [FML]: *  at com.google.common.collect.AbstractMapBasedMultimap.lambda$forEach$3(AbstractMapBasedMultimap.java:1279)...
[02:19:07] [Server thread/WARN] [FML]: ****************************************
[02:19:07] [Server thread/WARN] [FML]: ****************************************
[02:19:07] [Server thread/WARN] [FML]: *  at net.minecraftforge.oredict.OreDictionary.registerOreImpl(OreDictionary.java:665)
[02:19:07] [Server thread/WARN] [FML]: *  at net.minecraftforge.oredict.OreDictionary.registerOre(OreDictionary.java:651)
[02:19:07] [Server thread/WARN] [FML]: *  at net.dries007.tfc.util.OreDictionaryHelper.lambda$init$0(OreDictionaryHelper.java:77)
[02:19:07] [Server thread/WARN] [FML]: *  at com.google.common.collect.AbstractMapBasedMultimap.lambda$null$2(AbstractMapBasedMultimap.java:1279)
[02:19:07] [Server thread/WARN] [FML]: *  at java.lang.Iterable.forEach(Iterable.java:75)
[02:19:07] [Server thread/WARN] [FML]: *  at com.google.common.collect.AbstractMapBasedMultimap.lambda$forEach$3(AbstractMapBasedMultimap.java:1279)...
[02:19:07] [Server thread/WARN] [FML]: ****************************************
[02:19:07] [Server thread/WARN] [FML]: ****************************************
[02:19:07] [Server thread/WARN] [FML]: *  at net.minecraftforge.oredict.OreDictionary.registerOreImpl(OreDictionary.java:665)
[02:19:07] [Server thread/WARN] [FML]: *  at net.minecraftforge.oredict.OreDictionary.registerOre(OreDictionary.java:651)
[02:19:07] [Server thread/WARN] [FML]: *  at net.dries007.tfc.util.OreDictionaryHelper.lambda$init$0(OreDictionaryHelper.java:77)
[02:19:07] [Server thread/WARN] [FML]: *  at com.google.common.collect.AbstractMapBasedMultimap.lambda$null$2(AbstractMapBasedMultimap.java:1279)
[02:19:07] [Server thread/WARN] [FML]: *  at java.lang.Iterable.forEach(Iterable.java:75)
[02:19:07] [Server thread/WARN] [FML]: *  at com.google.common.collect.AbstractMapBasedMultimap.lambda$forEach$3(AbstractMapBasedMultimap.java:1279)...
[02:19:07] [Server thread/WARN] [FML]: ****************************************
[02:19:07] [Server thread/WARN] [FML]: ****************************************
[02:19:07] [Server thread/WARN] [FML]: *  at net.minecraftforge.oredict.OreDictionary.registerOreImpl(OreDictionary.java:665)
[02:19:07] [Server thread/WARN] [FML]: *  at net.minecraftforge.oredict.OreDictionary.registerOre(OreDictionary.java:651)
[02:19:07] [Server thread/WARN] [FML]: *  at net.dries007.tfc.util.OreDictionaryHelper.lambda$init$0(OreDictionaryHelper.java:77)
[02:19:07] [Server thread/WARN] [FML]: *  at com.google.common.collect.AbstractMapBasedMultimap.lambda$null$2(AbstractMapBasedMultimap.java:1279)
[02:19:07] [Server thread/WARN] [FML]: *  at java.lang.Iterable.forEach(Iterable.java:75)
[02:19:07] [Server thread/WARN] [FML]: *  at com.google.common.collect.AbstractMapBasedMultimap.lambda$forEach$3(AbstractMapBasedMultimap.java:1279)...
[02:19:07] [Server thread/WARN] [FML]: ****************************************
[02:19:07] [Server thread/WARN] [FML]: ****************************************
[02:19:07] [Server thread/WARN] [FML]: *  at net.minecraftforge.oredict.OreDictionary.registerOreImpl(OreDictionary.java:665)
[02:19:07] [Server thread/WARN] [FML]: *  at net.minecraftforge.oredict.OreDictionary.registerOre(OreDictionary.java:651)
[02:19:07] [Server thread/WARN] [FML]: *  at net.dries007.tfc.util.OreDictionaryHelper.lambda$init$0(OreDictionaryHelper.java:77)
[02:19:07] [Server thread/WARN] [FML]: *  at com.google.common.collect.AbstractMapBasedMultimap.lambda$null$2(AbstractMapBasedMultimap.java:1279)
[02:19:07] [Server thread/WARN] [FML]: *  at java.lang.Iterable.forEach(Iterable.java:75)
[02:19:07] [Server thread/WARN] [FML]: *  at com.google.common.collect.AbstractMapBasedMultimap.lambda$forEach$3(AbstractMapBasedMultimap.java:1279)...
[02:19:07] [Server thread/WARN] [FML]: ****************************************
[02:19:07] [Server thread/WARN] [FML]: ****************************************
[02:19:07] [Server thread/WARN] [FML]: *  at net.minecraftforge.oredict.OreDictionary.registerOreImpl(OreDictionary.java:665)
[02:19:07] [Server thread/WARN] [FML]: *  at net.minecraftforge.oredict.OreDictionary.registerOre(OreDictionary.java:651)
[02:19:07] [Server thread/WARN] [FML]: *  at net.dries007.tfc.util.OreDictionaryHelper.lambda$init$0(OreDictionaryHelper.java:77)
[02:19:07] [Server thread/WARN] [FML]: *  at com.google.common.collect.AbstractMapBasedMultimap.lambda$null$2(AbstractMapBasedMultimap.java:1279)
[02:19:07] [Server thread/WARN] [FML]: *  at java.lang.Iterable.forEach(Iterable.java:75)
[02:19:07] [Server thread/WARN] [FML]: *  at com.google.common.collect.AbstractMapBasedMultimap.lambda$forEach$3(AbstractMapBasedMultimap.java:1279)...
[02:19:07] [Server thread/WARN] [FML]: ****************************************
[02:19:07] [Server thread/WARN] [FML]: ****************************************
[02:19:07] [Server thread/WARN] [FML]: *  at net.minecraftforge.oredict.OreDictionary.registerOreImpl(OreDictionary.java:665)
[02:19:07] [Server thread/WARN] [FML]: *  at net.minecraftforge.oredict.OreDictionary.registerOre(OreDictionary.java:651)
[02:19:07] [Server thread/WARN] [FML]: *  at net.dries007.tfc.util.OreDictionaryHelper.lambda$init$0(OreDictionaryHelper.java:77)
[02:19:07] [Server thread/WARN] [FML]: *  at com.google.common.collect.AbstractMapBasedMultimap.lambda$null$2(AbstractMapBasedMultimap.java:1279)
[02:19:07] [Server thread/WARN] [FML]: *  at java.lang.Iterable.forEach(Iterable.java:75)
[02:19:07] [Server thread/WARN] [FML]: *  at com.google.common.collect.AbstractMapBasedMultimap.lambda$forEach$3(AbstractMapBasedMultimap.java:1279)...
[02:19:07] [Server thread/WARN] [FML]: ****************************************
[02:19:07] [Server thread/WARN] [FML]: ****************************************
[02:19:07] [Server thread/WARN] [FML]: *  at net.minecraftforge.oredict.OreDictionary.registerOreImpl(OreDictionary.java:665)
[02:19:07] [Server thread/WARN] [FML]: *  at net.minecraftforge.oredict.OreDictionary.registerOre(OreDictionary.java:651)
[02:19:07] [Server thread/WARN] [FML]: *  at net.dries007.tfc.util.OreDictionaryHelper.lambda$init$0(OreDictionaryHelper.java:77)
[02:19:07] [Server thread/WARN] [FML]: *  at com.google.common.collect.AbstractMapBasedMultimap.lambda$null$2(AbstractMapBasedMultimap.java:1279)
[02:19:07] [Server thread/WARN] [FML]: *  at java.lang.Iterable.forEach(Iterable.java:75)
[02:19:07] [Server thread/WARN] [FML]: *  at com.google.common.collect.AbstractMapBasedMultimap.lambda$forEach$3(AbstractMapBasedMultimap.java:1279)...
[02:19:07] [Server thread/WARN] [FML]: ****************************************
[02:19:07] [Server thread/WARN] [FML]: ****************************************
[02:19:07] [Server thread/WARN] [FML]: *  at net.minecraftforge.oredict.OreDictionary.registerOreImpl(OreDictionary.java:665)
[02:19:07] [Server thread/WARN] [FML]: *  at net.minecraftforge.oredict.OreDictionary.registerOre(OreDictionary.java:651)
[02:19:07] [Server thread/WARN] [FML]: *  at net.dries007.tfc.util.OreDictionaryHelper.lambda$init$0(OreDictionaryHelper.java:77)
[02:19:07] [Server thread/WARN] [FML]: *  at com.google.common.collect.AbstractMapBasedMultimap.lambda$null$2(AbstractMapBasedMultimap.java:1279)
[02:19:07] [Server thread/WARN] [FML]: *  at java.lang.Iterable.forEach(Iterable.java:75)
[02:19:07] [Server thread/WARN] [FML]: *  at com.google.common.collect.AbstractMapBasedMultimap.lambda$forEach$3(AbstractMapBasedMultimap.java:1279)...
[02:19:07] [Server thread/WARN] [FML]: ****************************************
[02:19:07] [Server thread/WARN] [FML]: ****************************************
[02:19:07] [Server thread/WARN] [FML]: *  at net.minecraftforge.oredict.OreDictionary.registerOreImpl(OreDictionary.java:665)
[02:19:07] [Server thread/WARN] [FML]: *  at net.minecraftforge.oredict.OreDictionary.registerOre(OreDictionary.java:651)
[02:19:07] [Server thread/WARN] [FML]: *  at net.dries007.tfc.util.OreDictionaryHelper.lambda$init$0(OreDictionaryHelper.java:77)
[02:19:07] [Server thread/WARN] [FML]: *  at com.google.common.collect.AbstractMapBasedMultimap.lambda$null$2(AbstractMapBasedMultimap.java:1279)
[02:19:07] [Server thread/WARN] [FML]: *  at java.lang.Iterable.forEach(Iterable.java:75)
[02:19:07] [Server thread/WARN] [FML]: *  at com.google.common.collect.AbstractMapBasedMultimap.lambda$forEach$3(AbstractMapBasedMultimap.java:1279)...
[02:19:07] [Server thread/WARN] [FML]: ****************************************
[02:19:07] [Server thread/WARN] [FML]: ****************************************
[02:19:07] [Server thread/WARN] [FML]: *  at net.minecraftforge.oredict.OreDictionary.registerOreImpl(OreDictionary.java:665)
[02:19:07] [Server thread/WARN] [FML]: *  at net.minecraftforge.oredict.OreDictionary.registerOre(OreDictionary.java:651)
[02:19:07] [Server thread/WARN] [FML]: *  at net.dries007.tfc.util.OreDictionaryHelper.lambda$init$0(OreDictionaryHelper.java:77)
[02:19:07] [Server thread/WARN] [FML]: *  at com.google.common.collect.AbstractMapBasedMultimap.lambda$null$2(AbstractMapBasedMultimap.java:1279)
[02:19:07] [Server thread/WARN] [FML]: *  at java.lang.Iterable.forEach(Iterable.java:75)
[02:19:07] [Server thread/WARN] [FML]: *  at com.google.common.collect.AbstractMapBasedMultimap.lambda$forEach$3(AbstractMapBasedMultimap.java:1279)...
[02:19:07] [Server thread/WARN] [FML]: ****************************************
[02:19:07] [Server thread/WARN] [FML]: ****************************************
[02:19:07] [Server thread/WARN] [FML]: *  at net.minecraftforge.oredict.OreDictionary.registerOreImpl(OreDictionary.java:665)
[02:19:07] [Server thread/WARN] [FML]: *  at net.minecraftforge.oredict.OreDictionary.registerOre(OreDictionary.java:651)
[02:19:07] [Server thread/WARN] [FML]: *  at net.dries007.tfc.util.OreDictionaryHelper.lambda$init$0(OreDictionaryHelper.java:77)
[02:19:07] [Server thread/WARN] [FML]: *  at com.google.common.collect.AbstractMapBasedMultimap.lambda$null$2(AbstractMapBasedMultimap.java:1279)
[02:19:07] [Server thread/WARN] [FML]: *  at java.lang.Iterable.forEach(Iterable.java:75)
[02:19:07] [Server thread/WARN] [FML]: *  at com.google.common.collect.AbstractMapBasedMultimap.lambda$forEach$3(AbstractMapBasedMultimap.java:1279)...
[02:19:07] [Server thread/WARN] [FML]: ****************************************
[02:19:07] [Server thread/WARN] [FML]: ****************************************
[02:19:07] [Server thread/WARN] [FML]: *  at net.minecraftforge.oredict.OreDictionary.registerOreImpl(OreDictionary.java:665)
[02:19:07] [Server thread/WARN] [FML]: *  at net.minecraftforge.oredict.OreDictionary.registerOre(OreDictionary.java:651)
[02:19:07] [Server thread/WARN] [FML]: *  at net.dries007.tfc.util.OreDictionaryHelper.lambda$init$0(OreDictionaryHelper.java:77)
[02:19:07] [Server thread/WARN] [FML]: *  at com.google.common.collect.AbstractMapBasedMultimap.lambda$null$2(AbstractMapBasedMultimap.java:1279)
[02:19:07] [Server thread/WARN] [FML]: *  at java.lang.Iterable.forEach(Iterable.java:75)
[02:19:07] [Server thread/WARN] [FML]: *  at com.google.common.collect.AbstractMapBasedMultimap.lambda$forEach$3(AbstractMapBasedMultimap.java:1279)...
[02:19:07] [Server thread/WARN] [FML]: ****************************************
[02:19:07] [Server thread/WARN] [FML]: ****************************************
[02:19:07] [Server thread/WARN] [FML]: *  at net.minecraftforge.oredict.OreDictionary.registerOreImpl(OreDictionary.java:665)
[02:19:07] [Server thread/WARN] [FML]: *  at net.minecraftforge.oredict.OreDictionary.registerOre(OreDictionary.java:651)
[02:19:07] [Server thread/WARN] [FML]: *  at net.dries007.tfc.util.OreDictionaryHelper.lambda$init$0(OreDictionaryHelper.java:77)
[02:19:07] [Server thread/WARN] [FML]: *  at com.google.common.collect.AbstractMapBasedMultimap.lambda$null$2(AbstractMapBasedMultimap.java:1279)
[02:19:07] [Server thread/WARN] [FML]: *  at java.lang.Iterable.forEach(Iterable.java:75)
[02:19:07] [Server thread/WARN] [FML]: *  at com.google.common.collect.AbstractMapBasedMultimap.lambda$forEach$3(AbstractMapBasedMultimap.java:1279)...
[02:19:07] [Server thread/WARN] [FML]: ****************************************
[02:19:07] [Server thread/WARN] [FML]: ****************************************
[02:19:07] [Server thread/WARN] [FML]: *  at net.minecraftforge.oredict.OreDictionary.registerOreImpl(OreDictionary.java:665)
[02:19:07] [Server thread/WARN] [FML]: *  at net.minecraftforge.oredict.OreDictionary.registerOre(OreDictionary.java:651)
[02:19:07] [Server thread/WARN] [FML]: *  at net.dries007.tfc.util.OreDictionaryHelper.lambda$init$0(OreDictionaryHelper.java:77)
[02:19:07] [Server thread/WARN] [FML]: *  at com.google.common.collect.AbstractMapBasedMultimap.lambda$null$2(AbstractMapBasedMultimap.java:1279)
[02:19:07] [Server thread/WARN] [FML]: *  at java.lang.Iterable.forEach(Iterable.java:75)
[02:19:07] [Server thread/WARN] [FML]: *  at com.google.common.collect.AbstractMapBasedMultimap.lambda$forEach$3(AbstractMapBasedMultimap.java:1279)...
[02:19:07] [Server thread/WARN] [FML]: ****************************************
[02:19:07] [Server thread/WARN] [FML]: ****************************************
[02:19:07] [Server thread/WARN] [FML]: *  at net.minecraftforge.oredict.OreDictionary.registerOreImpl(OreDictionary.java:665)
[02:19:07] [Server thread/WARN] [FML]: *  at net.minecraftforge.oredict.OreDictionary.registerOre(OreDictionary.java:651)
[02:19:07] [Server thread/WARN] [FML]: *  at net.dries007.tfc.util.OreDictionaryHelper.lambda$init$0(OreDictionaryHelper.java:77)
[02:19:07] [Server thread/WARN] [FML]: *  at com.google.common.collect.AbstractMapBasedMultimap.lambda$null$2(AbstractMapBasedMultimap.java:1279)
[02:19:07] [Server thread/WARN] [FML]: *  at java.lang.Iterable.forEach(Iterable.java:75)
[02:19:07] [Server thread/WARN] [FML]: *  at com.google.common.collect.AbstractMapBasedMultimap.lambda$forEach$3(AbstractMapBasedMultimap.java:1279)...
[02:19:07] [Server thread/WARN] [FML]: ****************************************
[02:19:07] [Server thread/WARN] [FML]: ****************************************
[02:19:07] [Server thread/WARN] [FML]: *  at net.minecraftforge.oredict.OreDictionary.registerOreImpl(OreDictionary.java:665)
[02:19:07] [Server thread/WARN] [FML]: *  at net.minecraftforge.oredict.OreDictionary.registerOre(OreDictionary.java:651)
[02:19:07] [Server thread/WARN] [FML]: *  at net.dries007.tfc.util.OreDictionaryHelper.lambda$init$0(OreDictionaryHelper.java:77)
[02:19:07] [Server thread/WARN] [FML]: *  at com.google.common.collect.AbstractMapBasedMultimap.lambda$null$2(AbstractMapBasedMultimap.java:1279)
[02:19:07] [Server thread/WARN] [FML]: *  at java.lang.Iterable.forEach(Iterable.java:75)
[02:19:07] [Server thread/WARN] [FML]: *  at com.google.common.collect.AbstractMapBasedMultimap.lambda$forEach$3(AbstractMapBasedMultimap.java:1279)...
[02:19:07] [Server thread/WARN] [FML]: ****************************************
[02:19:07] [Server thread/WARN] [FML]: ****************************************
[02:19:07] [Server thread/WARN] [FML]: *  at net.minecraftforge.oredict.OreDictionary.registerOreImpl(OreDictionary.java:665)
[02:19:07] [Server thread/WARN] [FML]: *  at net.minecraftforge.oredict.OreDictionary.registerOre(OreDictionary.java:651)
[02:19:07] [Server thread/WARN] [FML]: *  at net.dries007.tfc.util.OreDictionaryHelper.lambda$init$0(OreDictionaryHelper.java:77)
[02:19:07] [Server thread/WARN] [FML]: *  at com.google.common.collect.AbstractMapBasedMultimap.lambda$null$2(AbstractMapBasedMultimap.java:1279)
[02:19:07] [Server thread/WARN] [FML]: *  at java.lang.Iterable.forEach(Iterable.java:75)
[02:19:07] [Server thread/WARN] [FML]: *  at com.google.common.collect.AbstractMapBasedMultimap.lambda$forEach$3(AbstractMapBasedMultimap.java:1279)...
[02:19:07] [Server thread/WARN] [FML]: ****************************************
[02:19:07] [Server thread/WARN] [FML]: ****************************************
[02:19:07] [Server thread/WARN] [FML]: *  at net.minecraftforge.oredict.OreDictionary.registerOreImpl(OreDictionary.java:665)
[02:19:07] [Server thread/WARN] [FML]: *  at net.minecraftforge.oredict.OreDictionary.registerOre(OreDictionary.java:651)
[02:19:07] [Server thread/WARN] [FML]: *  at net.dries007.tfc.util.OreDictionaryHelper.lambda$init$0(OreDictionaryHelper.java:77)
[02:19:07] [Server thread/WARN] [FML]: *  at com.google.common.collect.AbstractMapBasedMultimap.lambda$null$2(AbstractMapBasedMultimap.java:1279)
[02:19:07] [Server thread/WARN] [FML]: *  at java.lang.Iterable.forEach(Iterable.java:75)
[02:19:07] [Server thread/WARN] [FML]: *  at com.google.common.collect.AbstractMapBasedMultimap.lambda$forEach$3(AbstractMapBasedMultimap.java:1279)...
[02:19:07] [Server thread/WARN] [FML]: ****************************************
[02:19:07] [Server thread/WARN] [FML]: ****************************************
[02:19:07] [Server thread/WARN] [FML]: *  at net.minecraftforge.oredict.OreDictionary.registerOreImpl(OreDictionary.java:665)
[02:19:07] [Server thread/WARN] [FML]: *  at net.minecraftforge.oredict.OreDictionary.registerOre(OreDictionary.java:651)
[02:19:07] [Server thread/WARN] [FML]: *  at net.dries007.tfc.util.OreDictionaryHelper.lambda$init$0(OreDictionaryHelper.java:77)
[02:19:07] [Server thread/WARN] [FML]: *  at com.google.common.collect.AbstractMapBasedMultimap.lambda$null$2(AbstractMapBasedMultimap.java:1279)
[02:19:07] [Server thread/WARN] [FML]: *  at java.lang.Iterable.forEach(Iterable.java:75)
[02:19:07] [Server thread/WARN] [FML]: *  at com.google.common.collect.AbstractMapBasedMultimap.lambda$forEach$3(AbstractMapBasedMultimap.java:1279)...
[02:19:07] [Server thread/WARN] [FML]: ****************************************
[02:19:07] [Server thread/WARN] [FML]: ****************************************
[02:19:07] [Server thread/WARN] [FML]: *  at net.minecraftforge.oredict.OreDictionary.registerOreImpl(OreDictionary.java:665)
[02:19:07] [Server thread/WARN] [FML]: *  at net.minecraftforge.oredict.OreDictionary.registerOre(OreDictionary.java:651)
[02:19:07] [Server thread/WARN] [FML]: *  at net.dries007.tfc.util.OreDictionaryHelper.lambda$init$0(OreDictionaryHelper.java:77)
[02:19:07] [Server thread/WARN] [FML]: *  at com.google.common.collect.AbstractMapBasedMultimap.lambda$null$2(AbstractMapBasedMultimap.java:1279)
[02:19:07] [Server thread/WARN] [FML]: *  at java.lang.Iterable.forEach(Iterable.java:75)
[02:19:07] [Server thread/WARN] [FML]: *  at com.google.common.collect.AbstractMapBasedMultimap.lambda$forEach$3(AbstractMapBasedMultimap.java:1279)...
[02:19:07] [Server thread/WARN] [FML]: ****************************************
[02:19:07] [Server thread/WARN] [FML]: ****************************************
[02:19:07] [Server thread/WARN] [FML]: *  at net.minecraftforge.oredict.OreDictionary.registerOreImpl(OreDictionary.java:665)
[02:19:07] [Server thread/WARN] [FML]: *  at net.minecraftforge.oredict.OreDictionary.registerOre(OreDictionary.java:651)
[02:19:07] [Server thread/WARN] [FML]: *  at net.dries007.tfc.util.OreDictionaryHelper.lambda$init$0(OreDictionaryHelper.java:77)
[02:19:07] [Server thread/WARN] [FML]: *  at com.google.common.collect.AbstractMapBasedMultimap.lambda$null$2(AbstractMapBasedMultimap.java:1279)
[02:19:07] [Server thread/WARN] [FML]: *  at java.lang.Iterable.forEach(Iterable.java:75)
[02:19:07] [Server thread/WARN] [FML]: *  at com.google.common.collect.AbstractMapBasedMultimap.lambda$forEach$3(AbstractMapBasedMultimap.java:1279)...
[02:19:07] [Server thread/WARN] [FML]: ****************************************
[02:19:07] [Server thread/WARN] [FML]: ****************************************
[02:19:07] [Server thread/WARN] [FML]: *  at net.minecraftforge.oredict.OreDictionary.registerOreImpl(OreDictionary.java:665)
[02:19:07] [Server thread/WARN] [FML]: *  at net.minecraftforge.oredict.OreDictionary.registerOre(OreDictionary.java:651)
[02:19:07] [Server thread/WARN] [FML]: *  at net.dries007.tfc.util.OreDictionaryHelper.lambda$init$0(OreDictionaryHelper.java:77)
[02:19:07] [Server thread/WARN] [FML]: *  at com.google.common.collect.AbstractMapBasedMultimap.lambda$null$2(AbstractMapBasedMultimap.java:1279)
[02:19:07] [Server thread/WARN] [FML]: *  at java.lang.Iterable.forEach(Iterable.java:75)
[02:19:07] [Server thread/WARN] [FML]: *  at com.google.common.collect.AbstractMapBasedMultimap.lambda$forEach$3(AbstractMapBasedMultimap.java:1279)...
[02:19:07] [Server thread/WARN] [FML]: ****************************************
[02:19:07] [Server thread/WARN] [FML]: ****************************************
[02:19:07] [Server thread/WARN] [FML]: *  at net.minecraftforge.oredict.OreDictionary.registerOreImpl(OreDictionary.java:665)
[02:19:07] [Server thread/WARN] [FML]: *  at net.minecraftforge.oredict.OreDictionary.registerOre(OreDictionary.java:651)
[02:19:07] [Server thread/WARN] [FML]: *  at net.dries007.tfc.util.OreDictionaryHelper.lambda$init$0(OreDictionaryHelper.java:77)
[02:19:07] [Server thread/WARN] [FML]: *  at com.google.common.collect.AbstractMapBasedMultimap.lambda$null$2(AbstractMapBasedMultimap.java:1279)
[02:19:07] [Server thread/WARN] [FML]: *  at java.lang.Iterable.forEach(Iterable.java:75)
[02:19:07] [Server thread/WARN] [FML]: *  at com.google.common.collect.AbstractMapBasedMultimap.lambda$forEach$3(AbstractMapBasedMultimap.java:1279)...
[02:19:07] [Server thread/WARN] [FML]: ****************************************
[02:19:07] [Server thread/WARN] [FML]: ****************************************
[02:19:07] [Server thread/WARN] [FML]: *  at net.minecraftforge.oredict.OreDictionary.registerOreImpl(OreDictionary.java:665)
[02:19:07] [Server thread/WARN] [FML]: *  at net.minecraftforge.oredict.OreDictionary.registerOre(OreDictionary.java:651)
[02:19:07] [Server thread/WARN] [FML]: *  at net.dries007.tfc.util.OreDictionaryHelper.lambda$init$0(OreDictionaryHelper.java:77)
[02:19:07] [Server thread/WARN] [FML]: *  at com.google.common.collect.AbstractMapBasedMultimap.lambda$null$2(AbstractMapBasedMultimap.java:1279)
[02:19:07] [Server thread/WARN] [FML]: *  at java.lang.Iterable.forEach(Iterable.java:75)
[02:19:07] [Server thread/WARN] [FML]: *  at com.google.common.collect.AbstractMapBasedMultimap.lambda$forEach$3(AbstractMapBasedMultimap.java:1279)...
[02:19:07] [Server thread/WARN] [FML]: ****************************************
[02:19:07] [Server thread/WARN] [FML]: ****************************************
[02:19:07] [Server thread/WARN] [FML]: *  at net.minecraftforge.oredict.OreDictionary.registerOreImpl(OreDictionary.java:665)
[02:19:07] [Server thread/WARN] [FML]: *  at net.minecraftforge.oredict.OreDictionary.registerOre(OreDictionary.java:651)
[02:19:07] [Server thread/WARN] [FML]: *  at net.dries007.tfc.util.OreDictionaryHelper.lambda$init$0(OreDictionaryHelper.java:77)
[02:19:07] [Server thread/WARN] [FML]: *  at com.google.common.collect.AbstractMapBasedMultimap.lambda$null$2(AbstractMapBasedMultimap.java:1279)
[02:19:07] [Server thread/WARN] [FML]: *  at java.lang.Iterable.forEach(Iterable.java:75)
[02:19:07] [Server thread/WARN] [FML]: *  at com.google.common.collect.AbstractMapBasedMultimap.lambda$forEach$3(AbstractMapBasedMultimap.java:1279)...
[02:19:07] [Server thread/WARN] [FML]: ****************************************
[02:19:07] [Server thread/WARN] [FML]: ****************************************
[02:19:07] [Server thread/WARN] [FML]: *  at net.minecraftforge.oredict.OreDictionary.registerOreImpl(OreDictionary.java:665)
[02:19:07] [Server thread/WARN] [FML]: *  at net.minecraftforge.oredict.OreDictionary.registerOre(OreDictionary.java:651)
[02:19:07] [Server thread/WARN] [FML]: *  at net.dries007.tfc.util.OreDictionaryHelper.lambda$init$0(OreDictionaryHelper.java:77)
[02:19:07] [Server thread/WARN] [FML]: *  at com.google.common.collect.AbstractMapBasedMultimap.lambda$null$2(AbstractMapBasedMultimap.java:1279)
[02:19:07] [Server thread/WARN] [FML]: *  at java.lang.Iterable.forEach(Iterable.java:75)
[02:19:07] [Server thread/WARN] [FML]: *  at com.google.common.collect.AbstractMapBasedMultimap.lambda$forEach$3(AbstractMapBasedMultimap.java:1279)...
[02:19:07] [Server thread/WARN] [FML]: ****************************************
[02:19:07] [Server thread/WARN] [FML]: ****************************************
[02:19:07] [Server thread/WARN] [FML]: *  at net.minecraftforge.oredict.OreDictionary.registerOreImpl(OreDictionary.java:665)
[02:19:07] [Server thread/WARN] [FML]: *  at net.minecraftforge.oredict.OreDictionary.registerOre(OreDictionary.java:651)
[02:19:07] [Server thread/WARN] [FML]: *  at net.dries007.tfc.util.OreDictionaryHelper.lambda$init$0(OreDictionaryHelper.java:77)
[02:19:07] [Server thread/WARN] [FML]: *  at com.google.common.collect.AbstractMapBasedMultimap.lambda$null$2(AbstractMapBasedMultimap.java:1279)
[02:19:07] [Server thread/WARN] [FML]: *  at java.lang.Iterable.forEach(Iterable.java:75)
[02:19:07] [Server thread/WARN] [FML]: *  at com.google.common.collect.AbstractMapBasedMultimap.lambda$forEach$3(AbstractMapBasedMultimap.java:1279)...
[02:19:07] [Server thread/WARN] [FML]: ****************************************
[02:19:07] [Server thread/WARN] [FML]: ****************************************
[02:19:07] [Server thread/WARN] [FML]: *  at net.minecraftforge.oredict.OreDictionary.registerOreImpl(OreDictionary.java:665)
[02:19:07] [Server thread/WARN] [FML]: *  at net.minecraftforge.oredict.OreDictionary.registerOre(OreDictionary.java:651)
[02:19:07] [Server thread/WARN] [FML]: *  at net.dries007.tfc.util.OreDictionaryHelper.lambda$init$0(OreDictionaryHelper.java:77)
[02:19:07] [Server thread/WARN] [FML]: *  at com.google.common.collect.AbstractMapBasedMultimap.lambda$null$2(AbstractMapBasedMultimap.java:1279)
[02:19:07] [Server thread/WARN] [FML]: *  at java.lang.Iterable.forEach(Iterable.java:75)
[02:19:07] [Server thread/WARN] [FML]: *  at com.google.common.collect.AbstractMapBasedMultimap.lambda$forEach$3(AbstractMapBasedMultimap.java:1279)...
[02:19:07] [Server thread/WARN] [FML]: ****************************************
[02:19:07] [Server thread/WARN] [FML]: ****************************************
[02:19:07] [Server thread/WARN] [FML]: *  at net.minecraftforge.oredict.OreDictionary.registerOreImpl(OreDictionary.java:665)
[02:19:07] [Server thread/WARN] [FML]: *  at net.minecraftforge.oredict.OreDictionary.registerOre(OreDictionary.java:651)
[02:19:07] [Server thread/WARN] [FML]: *  at net.dries007.tfc.util.OreDictionaryHelper.lambda$init$0(OreDictionaryHelper.java:77)
[02:19:07] [Server thread/WARN] [FML]: *  at com.google.common.collect.AbstractMapBasedMultimap.lambda$null$2(AbstractMapBasedMultimap.java:1279)
[02:19:07] [Server thread/WARN] [FML]: *  at java.lang.Iterable.forEach(Iterable.java:75)
[02:19:07] [Server thread/WARN] [FML]: *  at com.google.common.collect.AbstractMapBasedMultimap.lambda$forEach$3(AbstractMapBasedMultimap.java:1279)...
[02:19:07] [Server thread/WARN] [FML]: ****************************************
[02:19:07] [Server thread/WARN] [FML]: ****************************************
[02:19:07] [Server thread/WARN] [FML]: *  at net.minecraftforge.oredict.OreDictionary.registerOreImpl(OreDictionary.java:665)
[02:19:07] [Server thread/WARN] [FML]: *  at net.minecraftforge.oredict.OreDictionary.registerOre(OreDictionary.java:651)
[02:19:07] [Server thread/WARN] [FML]: *  at net.dries007.tfc.util.OreDictionaryHelper.lambda$init$0(OreDictionaryHelper.java:77)
[02:19:07] [Server thread/WARN] [FML]: *  at com.google.common.collect.AbstractMapBasedMultimap.lambda$null$2(AbstractMapBasedMultimap.java:1279)
[02:19:07] [Server thread/WARN] [FML]: *  at java.lang.Iterable.forEach(Iterable.java:75)
[02:19:07] [Server thread/WARN] [FML]: *  at com.google.common.collect.AbstractMapBasedMultimap.lambda$forEach$3(AbstractMapBasedMultimap.java:1279)...
[02:19:07] [Server thread/WARN] [FML]: ****************************************
[02:19:07] [Server thread/WARN] [FML]: ****************************************
[02:19:07] [Server thread/WARN] [FML]: *  at net.minecraftforge.oredict.OreDictionary.registerOreImpl(OreDictionary.java:665)
[02:19:07] [Server thread/WARN] [FML]: *  at net.minecraftforge.oredict.OreDictionary.registerOre(OreDictionary.java:651)
[02:19:07] [Server thread/WARN] [FML]: *  at net.dries007.tfc.util.OreDictionaryHelper.lambda$init$0(OreDictionaryHelper.java:77)
[02:19:07] [Server thread/WARN] [FML]: *  at com.google.common.collect.AbstractMapBasedMultimap.lambda$null$2(AbstractMapBasedMultimap.java:1279)
[02:19:07] [Server thread/WARN] [FML]: *  at java.lang.Iterable.forEach(Iterable.java:75)
[02:19:07] [Server thread/WARN] [FML]: *  at com.google.common.collect.AbstractMapBasedMultimap.lambda$forEach$3(AbstractMapBasedMultimap.java:1279)...
[02:19:07] [Server thread/WARN] [FML]: ****************************************
[02:19:07] [Server thread/WARN] [FML]: ****************************************
[02:19:07] [Server thread/WARN] [FML]: *  at net.minecraftforge.oredict.OreDictionary.registerOreImpl(OreDictionary.java:665)
[02:19:07] [Server thread/WARN] [FML]: *  at net.minecraftforge.oredict.OreDictionary.registerOre(OreDictionary.java:651)
[02:19:07] [Server thread/WARN] [FML]: *  at net.dries007.tfc.util.OreDictionaryHelper.lambda$init$0(OreDictionaryHelper.java:77)
[02:19:07] [Server thread/WARN] [FML]: *  at com.google.common.collect.AbstractMapBasedMultimap.lambda$null$2(AbstractMapBasedMultimap.java:1279)
[02:19:07] [Server thread/WARN] [FML]: *  at java.lang.Iterable.forEach(Iterable.java:75)
[02:19:07] [Server thread/WARN] [FML]: *  at com.google.common.collect.AbstractMapBasedMultimap.lambda$forEach$3(AbstractMapBasedMultimap.java:1279)...
[02:19:07] [Server thread/WARN] [FML]: ****************************************
[02:19:07] [Server thread/WARN] [FML]: ****************************************
[02:19:07] [Server thread/WARN] [FML]: *  at net.minecraftforge.oredict.OreDictionary.registerOreImpl(OreDictionary.java:665)
[02:19:07] [Server thread/WARN] [FML]: *  at net.minecraftforge.oredict.OreDictionary.registerOre(OreDictionary.java:651)
[02:19:07] [Server thread/WARN] [FML]: *  at net.dries007.tfc.util.OreDictionaryHelper.lambda$init$0(OreDictionaryHelper.java:77)
[02:19:07] [Server thread/WARN] [FML]: *  at com.google.common.collect.AbstractMapBasedMultimap.lambda$null$2(AbstractMapBasedMultimap.java:1279)
[02:19:07] [Server thread/WARN] [FML]: *  at java.lang.Iterable.forEach(Iterable.java:75)
[02:19:07] [Server thread/WARN] [FML]: *  at com.google.common.collect.AbstractMapBasedMultimap.lambda$forEach$3(AbstractMapBasedMultimap.java:1279)...
[02:19:07] [Server thread/WARN] [FML]: ****************************************
[02:19:07] [Server thread/WARN] [FML]: ****************************************
[02:19:07] [Server thread/WARN] [FML]: *  at net.minecraftforge.oredict.OreDictionary.registerOreImpl(OreDictionary.java:665)
[02:19:07] [Server thread/WARN] [FML]: *  at net.minecraftforge.oredict.OreDictionary.registerOre(OreDictionary.java:651)
[02:19:07] [Server thread/WARN] [FML]: *  at net.dries007.tfc.util.OreDictionaryHelper.lambda$init$0(OreDictionaryHelper.java:77)
[02:19:07] [Server thread/WARN] [FML]: *  at com.google.common.collect.AbstractMapBasedMultimap.lambda$null$2(AbstractMapBasedMultimap.java:1279)
[02:19:07] [Server thread/WARN] [FML]: *  at java.lang.Iterable.forEach(Iterable.java:75)
[02:19:07] [Server thread/WARN] [FML]: *  at com.google.common.collect.AbstractMapBasedMultimap.lambda$forEach$3(AbstractMapBasedMultimap.java:1279)...
[02:19:07] [Server thread/WARN] [FML]: ****************************************
[02:19:07] [Server thread/WARN] [FML]: ****************************************
[02:19:07] [Server thread/WARN] [FML]: *  at net.minecraftforge.oredict.OreDictionary.registerOreImpl(OreDictionary.java:665)
[02:19:07] [Server thread/WARN] [FML]: *  at net.minecraftforge.oredict.OreDictionary.registerOre(OreDictionary.java:651)
[02:19:07] [Server thread/WARN] [FML]: *  at net.dries007.tfc.util.OreDictionaryHelper.lambda$init$0(OreDictionaryHelper.java:77)
[02:19:07] [Server thread/WARN] [FML]: *  at com.google.common.collect.AbstractMapBasedMultimap.lambda$null$2(AbstractMapBasedMultimap.java:1279)
[02:19:07] [Server thread/WARN] [FML]: *  at java.lang.Iterable.forEach(Iterable.java:75)
[02:19:07] [Server thread/WARN] [FML]: *  at com.google.common.collect.AbstractMapBasedMultimap.lambda$forEach$3(AbstractMapBasedMultimap.java:1279)...
[02:19:07] [Server thread/WARN] [FML]: ****************************************
[02:19:07] [Server thread/WARN] [FML]: ****************************************
[02:19:07] [Server thread/WARN] [FML]: *  at net.minecraftforge.oredict.OreDictionary.registerOreImpl(OreDictionary.java:665)
[02:19:07] [Server thread/WARN] [FML]: *  at net.minecraftforge.oredict.OreDictionary.registerOre(OreDictionary.java:651)
[02:19:07] [Server thread/WARN] [FML]: *  at net.dries007.tfc.util.OreDictionaryHelper.lambda$init$0(OreDictionaryHelper.java:77)
[02:19:07] [Server thread/WARN] [FML]: *  at com.google.common.collect.AbstractMapBasedMultimap.lambda$null$2(AbstractMapBasedMultimap.java:1279)
[02:19:07] [Server thread/WARN] [FML]: *  at java.lang.Iterable.forEach(Iterable.java:75)
[02:19:07] [Server thread/WARN] [FML]: *  at com.google.common.collect.AbstractMapBasedMultimap.lambda$forEach$3(AbstractMapBasedMultimap.java:1279)...
[02:19:07] [Server thread/WARN] [FML]: ****************************************
[02:19:07] [Server thread/WARN] [FML]: ****************************************
[02:19:07] [Server thread/WARN] [FML]: *  at net.minecraftforge.oredict.OreDictionary.registerOreImpl(OreDictionary.java:665)
[02:19:07] [Server thread/WARN] [FML]: *  at net.minecraftforge.oredict.OreDictionary.registerOre(OreDictionary.java:651)
[02:19:07] [Server thread/WARN] [FML]: *  at net.dries007.tfc.util.OreDictionaryHelper.lambda$init$0(OreDictionaryHelper.java:77)
[02:19:07] [Server thread/WARN] [FML]: *  at com.google.common.collect.AbstractMapBasedMultimap.lambda$null$2(AbstractMapBasedMultimap.java:1279)
[02:19:07] [Server thread/WARN] [FML]: *  at java.lang.Iterable.forEach(Iterable.java:75)
[02:19:07] [Server thread/WARN] [FML]: *  at com.google.common.collect.AbstractMapBasedMultimap.lambda$forEach$3(AbstractMapBasedMultimap.java:1279)...
[02:19:07] [Server thread/WARN] [FML]: ****************************************
[02:19:07] [Server thread/WARN] [FML]: ****************************************
[02:19:07] [Server thread/WARN] [FML]: *  at net.minecraftforge.oredict.OreDictionary.registerOreImpl(OreDictionary.java:665)
[02:19:07] [Server thread/WARN] [FML]: *  at net.minecraftforge.oredict.OreDictionary.registerOre(OreDictionary.java:651)
[02:19:07] [Server thread/WARN] [FML]: *  at net.dries007.tfc.util.OreDictionaryHelper.lambda$init$0(OreDictionaryHelper.java:77)
[02:19:07] [Server thread/WARN] [FML]: *  at com.google.common.collect.AbstractMapBasedMultimap.lambda$null$2(AbstractMapBasedMultimap.java:1279)
[02:19:07] [Server thread/WARN] [FML]: *  at java.lang.Iterable.forEach(Iterable.java:75)
[02:19:07] [Server thread/WARN] [FML]: *  at com.google.common.collect.AbstractMapBasedMultimap.lambda$forEach$3(AbstractMapBasedMultimap.java:1279)...
[02:19:07] [Server thread/WARN] [FML]: ****************************************
[02:19:07] [Server thread/WARN] [FML]: ****************************************
[02:19:07] [Server thread/WARN] [FML]: *  at net.minecraftforge.oredict.OreDictionary.registerOreImpl(OreDictionary.java:665)
[02:19:07] [Server thread/WARN] [FML]: *  at net.minecraftforge.oredict.OreDictionary.registerOre(OreDictionary.java:651)
[02:19:07] [Server thread/WARN] [FML]: *  at net.dries007.tfc.util.OreDictionaryHelper.lambda$init$0(OreDictionaryHelper.java:77)
[02:19:07] [Server thread/WARN] [FML]: *  at com.google.common.collect.AbstractMapBasedMultimap.lambda$null$2(AbstractMapBasedMultimap.java:1279)
[02:19:07] [Server thread/WARN] [FML]: *  at java.lang.Iterable.forEach(Iterable.java:75)
[02:19:07] [Server thread/WARN] [FML]: *  at com.google.common.collect.AbstractMapBasedMultimap.lambda$forEach$3(AbstractMapBasedMultimap.java:1279)...
[02:19:07] [Server thread/WARN] [FML]: ****************************************
[02:19:07] [Server thread/WARN] [FML]: ****************************************
[02:19:07] [Server thread/WARN] [FML]: *  at net.minecraftforge.oredict.OreDictionary.registerOreImpl(OreDictionary.java:665)
[02:19:07] [Server thread/WARN] [FML]: *  at net.minecraftforge.oredict.OreDictionary.registerOre(OreDictionary.java:651)
[02:19:07] [Server thread/WARN] [FML]: *  at net.dries007.tfc.util.OreDictionaryHelper.lambda$init$0(OreDictionaryHelper.java:77)
[02:19:07] [Server thread/WARN] [FML]: *  at com.google.common.collect.AbstractMapBasedMultimap.lambda$null$2(AbstractMapBasedMultimap.java:1279)
[02:19:07] [Server thread/WARN] [FML]: *  at java.lang.Iterable.forEach(Iterable.java:75)
[02:19:07] [Server thread/WARN] [FML]: *  at com.google.common.collect.AbstractMapBasedMultimap.lambda$forEach$3(AbstractMapBasedMultimap.java:1279)...
[02:19:07] [Server thread/WARN] [FML]: ****************************************
[02:19:07] [Server thread/WARN] [FML]: ****************************************
[02:19:07] [Server thread/WARN] [FML]: *  at net.minecraftforge.oredict.OreDictionary.registerOreImpl(OreDictionary.java:665)
[02:19:07] [Server thread/WARN] [FML]: *  at net.minecraftforge.oredict.OreDictionary.registerOre(OreDictionary.java:651)
[02:19:07] [Server thread/WARN] [FML]: *  at net.dries007.tfc.util.OreDictionaryHelper.lambda$init$0(OreDictionaryHelper.java:77)
[02:19:07] [Server thread/WARN] [FML]: *  at com.google.common.collect.AbstractMapBasedMultimap.lambda$null$2(AbstractMapBasedMultimap.java:1279)
[02:19:07] [Server thread/WARN] [FML]: *  at java.lang.Iterable.forEach(Iterable.java:75)
[02:19:07] [Server thread/WARN] [FML]: *  at com.google.common.collect.AbstractMapBasedMultimap.lambda$forEach$3(AbstractMapBasedMultimap.java:1279)...
[02:19:07] [Server thread/WARN] [FML]: ****************************************
[02:19:07] [Server thread/WARN] [FML]: ****************************************
[02:19:07] [Server thread/WARN] [FML]: *  at net.minecraftforge.oredict.OreDictionary.registerOreImpl(OreDictionary.java:665)
[02:19:07] [Server thread/WARN] [FML]: *  at net.minecraftforge.oredict.OreDictionary.registerOre(OreDictionary.java:651)
[02:19:07] [Server thread/WARN] [FML]: *  at net.dries007.tfc.util.OreDictionaryHelper.lambda$init$0(OreDictionaryHelper.java:77)
[02:19:07] [Server thread/WARN] [FML]: *  at com.google.common.collect.AbstractMapBasedMultimap.lambda$null$2(AbstractMapBasedMultimap.java:1279)
[02:19:07] [Server thread/WARN] [FML]: *  at java.lang.Iterable.forEach(Iterable.java:75)
[02:19:07] [Server thread/WARN] [FML]: *  at com.google.common.collect.AbstractMapBasedMultimap.lambda$forEach$3(AbstractMapBasedMultimap.java:1279)...
[02:19:07] [Server thread/WARN] [FML]: ****************************************
[02:19:07] [Server thread/WARN] [FML]: ****************************************
[02:19:07] [Server thread/WARN] [FML]: *  at net.minecraftforge.oredict.OreDictionary.registerOreImpl(OreDictionary.java:665)
[02:19:07] [Server thread/WARN] [FML]: *  at net.minecraftforge.oredict.OreDictionary.registerOre(OreDictionary.java:651)
[02:19:07] [Server thread/WARN] [FML]: *  at net.dries007.tfc.util.OreDictionaryHelper.lambda$init$0(OreDictionaryHelper.java:77)
[02:19:07] [Server thread/WARN] [FML]: *  at com.google.common.collect.AbstractMapBasedMultimap.lambda$null$2(AbstractMapBasedMultimap.java:1279)
[02:19:07] [Server thread/WARN] [FML]: *  at java.lang.Iterable.forEach(Iterable.java:75)
[02:19:07] [Server thread/WARN] [FML]: *  at com.google.common.collect.AbstractMapBasedMultimap.lambda$forEach$3(AbstractMapBasedMultimap.java:1279)...
[02:19:07] [Server thread/WARN] [FML]: ****************************************
[02:19:07] [Server thread/WARN] [FML]: ****************************************
[02:19:07] [Server thread/WARN] [FML]: *  at net.minecraftforge.oredict.OreDictionary.registerOreImpl(OreDictionary.java:665)
[02:19:07] [Server thread/WARN] [FML]: *  at net.minecraftforge.oredict.OreDictionary.registerOre(OreDictionary.java:651)
[02:19:07] [Server thread/WARN] [FML]: *  at net.dries007.tfc.util.OreDictionaryHelper.lambda$init$0(OreDictionaryHelper.java:77)
[02:19:07] [Server thread/WARN] [FML]: *  at com.google.common.collect.AbstractMapBasedMultimap.lambda$null$2(AbstractMapBasedMultimap.java:1279)
[02:19:07] [Server thread/WARN] [FML]: *  at java.lang.Iterable.forEach(Iterable.java:75)
[02:19:07] [Server thread/WARN] [FML]: *  at com.google.common.collect.AbstractMapBasedMultimap.lambda$forEach$3(AbstractMapBasedMultimap.java:1279)...
[02:19:07] [Server thread/WARN] [FML]: ****************************************
[02:19:07] [Server thread/WARN] [FML]: ****************************************
[02:19:07] [Server thread/WARN] [FML]: *  at net.minecraftforge.oredict.OreDictionary.registerOreImpl(OreDictionary.java:665)
[02:19:07] [Server thread/WARN] [FML]: *  at net.minecraftforge.oredict.OreDictionary.registerOre(OreDictionary.java:651)
[02:19:07] [Server thread/WARN] [FML]: *  at net.dries007.tfc.util.OreDictionaryHelper.lambda$init$0(OreDictionaryHelper.java:77)
[02:19:07] [Server thread/WARN] [FML]: *  at com.google.common.collect.AbstractMapBasedMultimap.lambda$null$2(AbstractMapBasedMultimap.java:1279)
[02:19:07] [Server thread/WARN] [FML]: *  at java.lang.Iterable.forEach(Iterable.java:75)
[02:19:07] [Server thread/WARN] [FML]: *  at com.google.common.collect.AbstractMapBasedMultimap.lambda$forEach$3(AbstractMapBasedMultimap.java:1279)...
[02:19:07] [Server thread/WARN] [FML]: ****************************************
[02:19:07] [Server thread/WARN] [FML]: ****************************************
[02:19:07] [Server thread/WARN] [FML]: *  at net.minecraftforge.oredict.OreDictionary.registerOreImpl(OreDictionary.java:665)
[02:19:07] [Server thread/WARN] [FML]: *  at net.minecraftforge.oredict.OreDictionary.registerOre(OreDictionary.java:651)
[02:19:07] [Server thread/WARN] [FML]: *  at net.dries007.tfc.util.OreDictionaryHelper.lambda$init$0(OreDictionaryHelper.java:77)
[02:19:07] [Server thread/WARN] [FML]: *  at com.google.common.collect.AbstractMapBasedMultimap.lambda$null$2(AbstractMapBasedMultimap.java:1279)
[02:19:07] [Server thread/WARN] [FML]: *  at java.lang.Iterable.forEach(Iterable.java:75)
[02:19:07] [Server thread/WARN] [FML]: *  at com.google.common.collect.AbstractMapBasedMultimap.lambda$forEach$3(AbstractMapBasedMultimap.java:1279)...
[02:19:07] [Server thread/WARN] [FML]: ****************************************
[02:19:07] [Server thread/WARN] [FML]: ****************************************
[02:19:07] [Server thread/WARN] [FML]: *  at net.minecraftforge.oredict.OreDictionary.registerOreImpl(OreDictionary.java:665)
[02:19:07] [Server thread/WARN] [FML]: *  at net.minecraftforge.oredict.OreDictionary.registerOre(OreDictionary.java:651)
[02:19:07] [Server thread/WARN] [FML]: *  at net.dries007.tfc.util.OreDictionaryHelper.lambda$init$0(OreDictionaryHelper.java:77)
[02:19:07] [Server thread/WARN] [FML]: *  at com.google.common.collect.AbstractMapBasedMultimap.lambda$null$2(AbstractMapBasedMultimap.java:1279)
[02:19:07] [Server thread/WARN] [FML]: *  at java.lang.Iterable.forEach(Iterable.java:75)
[02:19:07] [Server thread/WARN] [FML]: *  at com.google.common.collect.AbstractMapBasedMultimap.lambda$forEach$3(AbstractMapBasedMultimap.java:1279)...
[02:19:07] [Server thread/WARN] [FML]: ****************************************
[02:19:07] [Server thread/WARN] [FML]: ****************************************
[02:19:07] [Server thread/WARN] [FML]: *  at net.minecraftforge.oredict.OreDictionary.registerOreImpl(OreDictionary.java:665)
[02:19:07] [Server thread/WARN] [FML]: *  at net.minecraftforge.oredict.OreDictionary.registerOre(OreDictionary.java:651)
[02:19:07] [Server thread/WARN] [FML]: *  at net.dries007.tfc.util.OreDictionaryHelper.lambda$init$0(OreDictionaryHelper.java:77)
[02:19:07] [Server thread/WARN] [FML]: *  at com.google.common.collect.AbstractMapBasedMultimap.lambda$null$2(AbstractMapBasedMultimap.java:1279)
[02:19:07] [Server thread/WARN] [FML]: *  at java.lang.Iterable.forEach(Iterable.java:75)
[02:19:07] [Server thread/WARN] [FML]: *  at com.google.common.collect.AbstractMapBasedMultimap.lambda$forEach$3(AbstractMapBasedMultimap.java:1279)...
[02:19:07] [Server thread/WARN] [FML]: ****************************************
[02:19:07] [Server thread/WARN] [FML]: ****************************************
[02:19:07] [Server thread/WARN] [FML]: *  at net.minecraftforge.oredict.OreDictionary.registerOreImpl(OreDictionary.java:665)
[02:19:07] [Server thread/WARN] [FML]: *  at net.minecraftforge.oredict.OreDictionary.registerOre(OreDictionary.java:651)
[02:19:07] [Server thread/WARN] [FML]: *  at net.dries007.tfc.util.OreDictionaryHelper.lambda$init$0(OreDictionaryHelper.java:77)
[02:19:07] [Server thread/WARN] [FML]: *  at com.google.common.collect.AbstractMapBasedMultimap.lambda$null$2(AbstractMapBasedMultimap.java:1279)
[02:19:07] [Server thread/WARN] [FML]: *  at java.lang.Iterable.forEach(Iterable.java:75)
[02:19:07] [Server thread/WARN] [FML]: *  at com.google.common.collect.AbstractMapBasedMultimap.lambda$forEach$3(AbstractMapBasedMultimap.java:1279)...
[02:19:07] [Server thread/WARN] [FML]: ****************************************
[02:19:07] [Server thread/WARN] [FML]: ****************************************
[02:19:07] [Server thread/WARN] [FML]: *  at net.minecraftforge.oredict.OreDictionary.registerOreImpl(OreDictionary.java:665)
[02:19:07] [Server thread/WARN] [FML]: *  at net.minecraftforge.oredict.OreDictionary.registerOre(OreDictionary.java:651)
[02:19:07] [Server thread/WARN] [FML]: *  at net.dries007.tfc.util.OreDictionaryHelper.lambda$init$0(OreDictionaryHelper.java:77)
[02:19:07] [Server thread/WARN] [FML]: *  at com.google.common.collect.AbstractMapBasedMultimap.lambda$null$2(AbstractMapBasedMultimap.java:1279)
[02:19:07] [Server thread/WARN] [FML]: *  at java.lang.Iterable.forEach(Iterable.java:75)
[02:19:07] [Server thread/WARN] [FML]: *  at com.google.common.collect.AbstractMapBasedMultimap.lambda$forEach$3(AbstractMapBasedMultimap.java:1279)...
[02:19:07] [Server thread/WARN] [FML]: ****************************************
[02:19:07] [Server thread/WARN] [FML]: ****************************************
[02:19:07] [Server thread/WARN] [FML]: *  at net.minecraftforge.oredict.OreDictionary.registerOreImpl(OreDictionary.java:665)
[02:19:07] [Server thread/WARN] [FML]: *  at net.minecraftforge.oredict.OreDictionary.registerOre(OreDictionary.java:651)
[02:19:07] [Server thread/WARN] [FML]: *  at net.dries007.tfc.util.OreDictionaryHelper.lambda$init$0(OreDictionaryHelper.java:77)
[02:19:07] [Server thread/WARN] [FML]: *  at com.google.common.collect.AbstractMapBasedMultimap.lambda$null$2(AbstractMapBasedMultimap.java:1279)
[02:19:07] [Server thread/WARN] [FML]: *  at java.lang.Iterable.forEach(Iterable.java:75)
[02:19:07] [Server thread/WARN] [FML]: *  at com.google.common.collect.AbstractMapBasedMultimap.lambda$forEach$3(AbstractMapBasedMultimap.java:1279)...
[02:19:07] [Server thread/WARN] [FML]: ****************************************
[02:19:07] [Server thread/WARN] [FML]: ****************************************
[02:19:07] [Server thread/WARN] [FML]: *  at net.minecraftforge.oredict.OreDictionary.registerOreImpl(OreDictionary.java:665)
[02:19:07] [Server thread/WARN] [FML]: *  at net.minecraftforge.oredict.OreDictionary.registerOre(OreDictionary.java:651)
[02:19:07] [Server thread/WARN] [FML]: *  at net.dries007.tfc.util.OreDictionaryHelper.lambda$init$0(OreDictionaryHelper.java:77)
[02:19:07] [Server thread/WARN] [FML]: *  at com.google.common.collect.AbstractMapBasedMultimap.lambda$null$2(AbstractMapBasedMultimap.java:1279)
[02:19:07] [Server thread/WARN] [FML]: *  at java.lang.Iterable.forEach(Iterable.java:75)
[02:19:07] [Server thread/WARN] [FML]: *  at com.google.common.collect.AbstractMapBasedMultimap.lambda$forEach$3(AbstractMapBasedMultimap.java:1279)...
[02:19:07] [Server thread/WARN] [FML]: ****************************************
[02:19:07] [Server thread/WARN] [FML]: ****************************************
[02:19:07] [Server thread/WARN] [FML]: *  at net.minecraftforge.oredict.OreDictionary.registerOreImpl(OreDictionary.java:665)
[02:19:07] [Server thread/WARN] [FML]: *  at net.minecraftforge.oredict.OreDictionary.registerOre(OreDictionary.java:651)
[02:19:07] [Server thread/WARN] [FML]: *  at net.dries007.tfc.util.OreDictionaryHelper.lambda$init$0(OreDictionaryHelper.java:77)
[02:19:07] [Server thread/WARN] [FML]: *  at com.google.common.collect.AbstractMapBasedMultimap.lambda$null$2(AbstractMapBasedMultimap.java:1279)
[02:19:07] [Server thread/WARN] [FML]: *  at java.lang.Iterable.forEach(Iterable.java:75)
[02:19:07] [Server thread/WARN] [FML]: *  at com.google.common.collect.AbstractMapBasedMultimap.lambda$forEach$3(AbstractMapBasedMultimap.java:1279)...
[02:19:07] [Server thread/WARN] [FML]: ****************************************
[02:19:07] [Server thread/WARN] [FML]: ****************************************
[02:19:07] [Server thread/WARN] [FML]: *  at net.minecraftforge.oredict.OreDictionary.registerOreImpl(OreDictionary.java:665)
[02:19:07] [Server thread/WARN] [FML]: *  at net.minecraftforge.oredict.OreDictionary.registerOre(OreDictionary.java:651)
[02:19:07] [Server thread/WARN] [FML]: *  at net.dries007.tfc.util.OreDictionaryHelper.lambda$init$0(OreDictionaryHelper.java:77)
[02:19:07] [Server thread/WARN] [FML]: *  at com.google.common.collect.AbstractMapBasedMultimap.lambda$null$2(AbstractMapBasedMultimap.java:1279)
[02:19:07] [Server thread/WARN] [FML]: *  at java.lang.Iterable.forEach(Iterable.java:75)
[02:19:07] [Server thread/WARN] [FML]: *  at com.google.common.collect.AbstractMapBasedMultimap.lambda$forEach$3(AbstractMapBasedMultimap.java:1279)...
[02:19:07] [Server thread/WARN] [FML]: ****************************************
[02:19:07] [Server thread/WARN] [FML]: ****************************************
[02:19:07] [Server thread/WARN] [FML]: *  at net.minecraftforge.oredict.OreDictionary.registerOreImpl(OreDictionary.java:665)
[02:19:07] [Server thread/WARN] [FML]: *  at net.minecraftforge.oredict.OreDictionary.registerOre(OreDictionary.java:651)
[02:19:07] [Server thread/WARN] [FML]: *  at net.dries007.tfc.util.OreDictionaryHelper.lambda$init$0(OreDictionaryHelper.java:77)
[02:19:07] [Server thread/WARN] [FML]: *  at com.google.common.collect.AbstractMapBasedMultimap.lambda$null$2(AbstractMapBasedMultimap.java:1279)
[02:19:07] [Server thread/WARN] [FML]: *  at java.lang.Iterable.forEach(Iterable.java:75)
[02:19:07] [Server thread/WARN] [FML]: *  at com.google.common.collect.AbstractMapBasedMultimap.lambda$forEach$3(AbstractMapBasedMultimap.java:1279)...
[02:19:07] [Server thread/WARN] [FML]: ****************************************
[02:19:07] [Server thread/WARN] [FML]: ****************************************
[02:19:07] [Server thread/WARN] [FML]: *  at net.minecraftforge.oredict.OreDictionary.registerOreImpl(OreDictionary.java:665)
[02:19:07] [Server thread/WARN] [FML]: *  at net.minecraftforge.oredict.OreDictionary.registerOre(OreDictionary.java:651)
[02:19:07] [Server thread/WARN] [FML]: *  at net.dries007.tfc.util.OreDictionaryHelper.lambda$init$0(OreDictionaryHelper.java:77)
[02:19:07] [Server thread/WARN] [FML]: *  at com.google.common.collect.AbstractMapBasedMultimap.lambda$null$2(AbstractMapBasedMultimap.java:1279)
[02:19:07] [Server thread/WARN] [FML]: *  at java.lang.Iterable.forEach(Iterable.java:75)
[02:19:07] [Server thread/WARN] [FML]: *  at com.google.common.collect.AbstractMapBasedMultimap.lambda$forEach$3(AbstractMapBasedMultimap.java:1279)...
[02:19:07] [Server thread/WARN] [FML]: ****************************************
[02:19:07] [Server thread/WARN] [FML]: ****************************************
[02:19:07] [Server thread/WARN] [FML]: *  at net.minecraftforge.oredict.OreDictionary.registerOreImpl(OreDictionary.java:665)
[02:19:07] [Server thread/WARN] [FML]: *  at net.minecraftforge.oredict.OreDictionary.registerOre(OreDictionary.java:651)
[02:19:07] [Server thread/WARN] [FML]: *  at net.dries007.tfc.util.OreDictionaryHelper.lambda$init$0(OreDictionaryHelper.java:77)
[02:19:07] [Server thread/WARN] [FML]: *  at com.google.common.collect.AbstractMapBasedMultimap.lambda$null$2(AbstractMapBasedMultimap.java:1279)
[02:19:07] [Server thread/WARN] [FML]: *  at java.lang.Iterable.forEach(Iterable.java:75)
[02:19:07] [Server thread/WARN] [FML]: *  at com.google.common.collect.AbstractMapBasedMultimap.lambda$forEach$3(AbstractMapBasedMultimap.java:1279)...
[02:19:07] [Server thread/WARN] [FML]: ****************************************
[02:19:07] [Server thread/WARN] [FML]: ****************************************
[02:19:07] [Server thread/WARN] [FML]: *  at net.minecraftforge.oredict.OreDictionary.registerOreImpl(OreDictionary.java:665)
[02:19:07] [Server thread/WARN] [FML]: *  at net.minecraftforge.oredict.OreDictionary.registerOre(OreDictionary.java:651)
[02:19:07] [Server thread/WARN] [FML]: *  at net.dries007.tfc.util.OreDictionaryHelper.lambda$init$0(OreDictionaryHelper.java:77)
[02:19:07] [Server thread/WARN] [FML]: *  at com.google.common.collect.AbstractMapBasedMultimap.lambda$null$2(AbstractMapBasedMultimap.java:1279)
[02:19:07] [Server thread/WARN] [FML]: *  at java.lang.Iterable.forEach(Iterable.java:75)
[02:19:07] [Server thread/WARN] [FML]: *  at com.google.common.collect.AbstractMapBasedMultimap.lambda$forEach$3(AbstractMapBasedMultimap.java:1279)...
[02:19:07] [Server thread/WARN] [FML]: ****************************************
[02:19:07] [Server thread/WARN] [FML]: ****************************************
[02:19:07] [Server thread/WARN] [FML]: *  at net.minecraftforge.oredict.OreDictionary.registerOreImpl(OreDictionary.java:665)
[02:19:07] [Server thread/WARN] [FML]: *  at net.minecraftforge.oredict.OreDictionary.registerOre(OreDictionary.java:651)
[02:19:07] [Server thread/WARN] [FML]: *  at net.dries007.tfc.util.OreDictionaryHelper.lambda$init$0(OreDictionaryHelper.java:77)
[02:19:07] [Server thread/WARN] [FML]: *  at com.google.common.collect.AbstractMapBasedMultimap.lambda$null$2(AbstractMapBasedMultimap.java:1279)
[02:19:07] [Server thread/WARN] [FML]: *  at java.lang.Iterable.forEach(Iterable.java:75)
[02:19:07] [Server thread/WARN] [FML]: *  at com.google.common.collect.AbstractMapBasedMultimap.lambda$forEach$3(AbstractMapBasedMultimap.java:1279)...
[02:19:07] [Server thread/WARN] [FML]: ****************************************
[02:19:07] [Server thread/WARN] [FML]: ****************************************
[02:19:07] [Server thread/WARN] [FML]: *  at net.minecraftforge.oredict.OreDictionary.registerOreImpl(OreDictionary.java:665)
[02:19:07] [Server thread/WARN] [FML]: *  at net.minecraftforge.oredict.OreDictionary.registerOre(OreDictionary.java:651)
[02:19:07] [Server thread/WARN] [FML]: *  at net.dries007.tfc.util.OreDictionaryHelper.lambda$init$0(OreDictionaryHelper.java:77)
[02:19:07] [Server thread/WARN] [FML]: *  at com.google.common.collect.AbstractMapBasedMultimap.lambda$null$2(AbstractMapBasedMultimap.java:1279)
[02:19:07] [Server thread/WARN] [FML]: *  at java.lang.Iterable.forEach(Iterable.java:75)
[02:19:07] [Server thread/WARN] [FML]: *  at com.google.common.collect.AbstractMapBasedMultimap.lambda$forEach$3(AbstractMapBasedMultimap.java:1279)...
[02:19:07] [Server thread/WARN] [FML]: ****************************************
[02:19:07] [Server thread/WARN] [FML]: ****************************************
[02:19:07] [Server thread/WARN] [FML]: *  at net.minecraftforge.oredict.OreDictionary.registerOreImpl(OreDictionary.java:665)
[02:19:07] [Server thread/WARN] [FML]: *  at net.minecraftforge.oredict.OreDictionary.registerOre(OreDictionary.java:651)
[02:19:07] [Server thread/WARN] [FML]: *  at net.dries007.tfc.util.OreDictionaryHelper.lambda$init$0(OreDictionaryHelper.java:77)
[02:19:07] [Server thread/WARN] [FML]: *  at com.google.common.collect.AbstractMapBasedMultimap.lambda$null$2(AbstractMapBasedMultimap.java:1279)
[02:19:07] [Server thread/WARN] [FML]: *  at java.lang.Iterable.forEach(Iterable.java:75)
[02:19:07] [Server thread/WARN] [FML]: *  at com.google.common.collect.AbstractMapBasedMultimap.lambda$forEach$3(AbstractMapBasedMultimap.java:1279)...
[02:19:07] [Server thread/WARN] [FML]: ****************************************
[02:19:07] [Server thread/WARN] [FML]: ****************************************
[02:19:07] [Server thread/WARN] [FML]: *  at net.minecraftforge.oredict.OreDictionary.registerOreImpl(OreDictionary.java:665)
[02:19:07] [Server thread/WARN] [FML]: *  at net.minecraftforge.oredict.OreDictionary.registerOre(OreDictionary.java:651)
[02:19:07] [Server thread/WARN] [FML]: *  at net.dries007.tfc.util.OreDictionaryHelper.lambda$init$0(OreDictionaryHelper.java:77)
[02:19:07] [Server thread/WARN] [FML]: *  at com.google.common.collect.AbstractMapBasedMultimap.lambda$null$2(AbstractMapBasedMultimap.java:1279)
[02:19:07] [Server thread/WARN] [FML]: *  at java.lang.Iterable.forEach(Iterable.java:75)
[02:19:07] [Server thread/WARN] [FML]: *  at com.google.common.collect.AbstractMapBasedMultimap.lambda$forEach$3(AbstractMapBasedMultimap.java:1279)...
[02:19:07] [Server thread/WARN] [FML]: ****************************************
[02:19:07] [Server thread/WARN] [FML]: ****************************************
[02:19:07] [Server thread/WARN] [FML]: *  at net.minecraftforge.oredict.OreDictionary.registerOreImpl(OreDictionary.java:665)
[02:19:07] [Server thread/WARN] [FML]: *  at net.minecraftforge.oredict.OreDictionary.registerOre(OreDictionary.java:651)
[02:19:07] [Server thread/WARN] [FML]: *  at net.dries007.tfc.util.OreDictionaryHelper.lambda$init$0(OreDictionaryHelper.java:77)
[02:19:07] [Server thread/WARN] [FML]: *  at com.google.common.collect.AbstractMapBasedMultimap.lambda$null$2(AbstractMapBasedMultimap.java:1279)
[02:19:07] [Server thread/WARN] [FML]: *  at java.lang.Iterable.forEach(Iterable.java:75)
[02:19:07] [Server thread/WARN] [FML]: *  at com.google.common.collect.AbstractMapBasedMultimap.lambda$forEach$3(AbstractMapBasedMultimap.java:1279)...
[02:19:07] [Server thread/WARN] [FML]: ****************************************
[02:19:07] [Server thread/WARN] [FML]: ****************************************
[02:19:07] [Server thread/WARN] [FML]: *  at net.minecraftforge.oredict.OreDictionary.registerOreImpl(OreDictionary.java:665)
[02:19:07] [Server thread/WARN] [FML]: *  at net.minecraftforge.oredict.OreDictionary.registerOre(OreDictionary.java:651)
[02:19:07] [Server thread/WARN] [FML]: *  at net.dries007.tfc.util.OreDictionaryHelper.lambda$init$0(OreDictionaryHelper.java:77)
[02:19:07] [Server thread/WARN] [FML]: *  at com.google.common.collect.AbstractMapBasedMultimap.lambda$null$2(AbstractMapBasedMultimap.java:1279)
[02:19:07] [Server thread/WARN] [FML]: *  at java.lang.Iterable.forEach(Iterable.java:75)
[02:19:07] [Server thread/WARN] [FML]: *  at com.google.common.collect.AbstractMapBasedMultimap.lambda$forEach$3(AbstractMapBasedMultimap.java:1279)...
[02:19:07] [Server thread/WARN] [FML]: ****************************************
[02:19:07] [Server thread/WARN] [FML]: ****************************************
[02:19:07] [Server thread/WARN] [FML]: *  at net.minecraftforge.oredict.OreDictionary.registerOreImpl(OreDictionary.java:665)
[02:19:07] [Server thread/WARN] [FML]: *  at net.minecraftforge.oredict.OreDictionary.registerOre(OreDictionary.java:651)
[02:19:07] [Server thread/WARN] [FML]: *  at net.dries007.tfc.util.OreDictionaryHelper.lambda$init$0(OreDictionaryHelper.java:77)
[02:19:07] [Server thread/WARN] [FML]: *  at com.google.common.collect.AbstractMapBasedMultimap.lambda$null$2(AbstractMapBasedMultimap.java:1279)
[02:19:07] [Server thread/WARN] [FML]: *  at java.lang.Iterable.forEach(Iterable.java:75)
[02:19:07] [Server thread/WARN] [FML]: *  at com.google.common.collect.AbstractMapBasedMultimap.lambda$forEach$3(AbstractMapBasedMultimap.java:1279)...
[02:19:07] [Server thread/WARN] [FML]: ****************************************
[02:19:07] [Server thread/WARN] [FML]: ****************************************
[02:19:07] [Server thread/WARN] [FML]: *  at net.minecraftforge.oredict.OreDictionary.registerOreImpl(OreDictionary.java:665)
[02:19:07] [Server thread/WARN] [FML]: *  at net.minecraftforge.oredict.OreDictionary.registerOre(OreDictionary.java:651)
[02:19:07] [Server thread/WARN] [FML]: *  at net.dries007.tfc.util.OreDictionaryHelper.lambda$init$0(OreDictionaryHelper.java:77)
[02:19:07] [Server thread/WARN] [FML]: *  at com.google.common.collect.AbstractMapBasedMultimap.lambda$null$2(AbstractMapBasedMultimap.java:1279)
[02:19:07] [Server thread/WARN] [FML]: *  at java.lang.Iterable.forEach(Iterable.java:75)
[02:19:07] [Server thread/WARN] [FML]: *  at com.google.common.collect.AbstractMapBasedMultimap.lambda$forEach$3(AbstractMapBasedMultimap.java:1279)...
[02:19:07] [Server thread/WARN] [FML]: ****************************************
[02:19:07] [Server thread/WARN] [FML]: ****************************************
[02:19:07] [Server thread/WARN] [FML]: *  at net.minecraftforge.oredict.OreDictionary.registerOreImpl(OreDictionary.java:665)
[02:19:07] [Server thread/WARN] [FML]: *  at net.minecraftforge.oredict.OreDictionary.registerOre(OreDictionary.java:651)
[02:19:07] [Server thread/WARN] [FML]: *  at net.dries007.tfc.util.OreDictionaryHelper.lambda$init$0(OreDictionaryHelper.java:77)
[02:19:07] [Server thread/WARN] [FML]: *  at com.google.common.collect.AbstractMapBasedMultimap.lambda$null$2(AbstractMapBasedMultimap.java:1279)
[02:19:07] [Server thread/WARN] [FML]: *  at java.lang.Iterable.forEach(Iterable.java:75)
[02:19:07] [Server thread/WARN] [FML]: *  at com.google.common.collect.AbstractMapBasedMultimap.lambda$forEach$3(AbstractMapBasedMultimap.java:1279)...
[02:19:07] [Server thread/WARN] [FML]: ****************************************
[02:19:07] [Server thread/WARN] [FML]: ****************************************
[02:19:07] [Server thread/WARN] [FML]: *  at net.minecraftforge.oredict.OreDictionary.registerOreImpl(OreDictionary.java:665)
[02:19:07] [Server thread/WARN] [FML]: *  at net.minecraftforge.oredict.OreDictionary.registerOre(OreDictionary.java:651)
[02:19:07] [Server thread/WARN] [FML]: *  at net.dries007.tfc.util.OreDictionaryHelper.lambda$init$0(OreDictionaryHelper.java:77)
[02:19:07] [Server thread/WARN] [FML]: *  at com.google.common.collect.AbstractMapBasedMultimap.lambda$null$2(AbstractMapBasedMultimap.java:1279)
[02:19:07] [Server thread/WARN] [FML]: *  at java.lang.Iterable.forEach(Iterable.java:75)
[02:19:07] [Server thread/WARN] [FML]: *  at com.google.common.collect.AbstractMapBasedMultimap.lambda$forEach$3(AbstractMapBasedMultimap.java:1279)...
[02:19:07] [Server thread/WARN] [FML]: ****************************************
[02:19:07] [Server thread/WARN] [FML]: ****************************************
[02:19:07] [Server thread/WARN] [FML]: *  at net.minecraftforge.oredict.OreDictionary.registerOreImpl(OreDictionary.java:665)
[02:19:07] [Server thread/WARN] [FML]: *  at net.minecraftforge.oredict.OreDictionary.registerOre(OreDictionary.java:651)
[02:19:07] [Server thread/WARN] [FML]: *  at net.dries007.tfc.util.OreDictionaryHelper.lambda$init$0(OreDictionaryHelper.java:77)
[02:19:07] [Server thread/WARN] [FML]: *  at com.google.common.collect.AbstractMapBasedMultimap.lambda$null$2(AbstractMapBasedMultimap.java:1279)
[02:19:07] [Server thread/WARN] [FML]: *  at java.lang.Iterable.forEach(Iterable.java:75)
[02:19:07] [Server thread/WARN] [FML]: *  at com.google.common.collect.AbstractMapBasedMultimap.lambda$forEach$3(AbstractMapBasedMultimap.java:1279)...
[02:19:07] [Server thread/WARN] [FML]: ****************************************
[02:19:07] [Server thread/WARN] [FML]: ****************************************
[02:19:07] [Server thread/WARN] [FML]: *  at net.minecraftforge.oredict.OreDictionary.registerOreImpl(OreDictionary.java:665)
[02:19:07] [Server thread/WARN] [FML]: *  at net.minecraftforge.oredict.OreDictionary.registerOre(OreDictionary.java:651)
[02:19:07] [Server thread/WARN] [FML]: *  at net.dries007.tfc.util.OreDictionaryHelper.lambda$init$0(OreDictionaryHelper.java:77)
[02:19:07] [Server thread/WARN] [FML]: *  at com.google.common.collect.AbstractMapBasedMultimap.lambda$null$2(AbstractMapBasedMultimap.java:1279)
[02:19:07] [Server thread/WARN] [FML]: *  at java.lang.Iterable.forEach(Iterable.java:75)
[02:19:07] [Server thread/WARN] [FML]: *  at com.google.common.collect.AbstractMapBasedMultimap.lambda$forEach$3(AbstractMapBasedMultimap.java:1279)...
[02:19:07] [Server thread/WARN] [FML]: ****************************************
[02:19:07] [Server thread/WARN] [FML]: ****************************************
[02:19:07] [Server thread/WARN] [FML]: *  at net.minecraftforge.oredict.OreDictionary.registerOreImpl(OreDictionary.java:665)
[02:19:07] [Server thread/WARN] [FML]: *  at net.minecraftforge.oredict.OreDictionary.registerOre(OreDictionary.java:651)
[02:19:07] [Server thread/WARN] [FML]: *  at net.dries007.tfc.util.OreDictionaryHelper.lambda$init$0(OreDictionaryHelper.java:77)
[02:19:07] [Server thread/WARN] [FML]: *  at com.google.common.collect.AbstractMapBasedMultimap.lambda$null$2(AbstractMapBasedMultimap.java:1279)
[02:19:07] [Server thread/WARN] [FML]: *  at java.lang.Iterable.forEach(Iterable.java:75)
[02:19:07] [Server thread/WARN] [FML]: *  at com.google.common.collect.AbstractMapBasedMultimap.lambda$forEach$3(AbstractMapBasedMultimap.java:1279)...
[02:19:07] [Server thread/WARN] [FML]: ****************************************
[02:19:07] [Server thread/WARN] [FML]: ****************************************
[02:19:07] [Server thread/WARN] [FML]: *  at net.minecraftforge.oredict.OreDictionary.registerOreImpl(OreDictionary.java:665)
[02:19:07] [Server thread/WARN] [FML]: *  at net.minecraftforge.oredict.OreDictionary.registerOre(OreDictionary.java:651)
[02:19:07] [Server thread/WARN] [FML]: *  at net.dries007.tfc.util.OreDictionaryHelper.lambda$init$0(OreDictionaryHelper.java:77)
[02:19:07] [Server thread/WARN] [FML]: *  at com.google.common.collect.AbstractMapBasedMultimap.lambda$null$2(AbstractMapBasedMultimap.java:1279)
[02:19:07] [Server thread/WARN] [FML]: *  at java.lang.Iterable.forEach(Iterable.java:75)
[02:19:07] [Server thread/WARN] [FML]: *  at com.google.common.collect.AbstractMapBasedMultimap.lambda$forEach$3(AbstractMapBasedMultimap.java:1279)...
[02:19:07] [Server thread/WARN] [FML]: ****************************************
[02:19:07] [Server thread/WARN] [FML]: ****************************************
[02:19:07] [Server thread/WARN] [FML]: *  at net.minecraftforge.oredict.OreDictionary.registerOreImpl(OreDictionary.java:665)
[02:19:07] [Server thread/WARN] [FML]: *  at net.minecraftforge.oredict.OreDictionary.registerOre(OreDictionary.java:651)
[02:19:07] [Server thread/WARN] [FML]: *  at net.dries007.tfc.util.OreDictionaryHelper.lambda$init$0(OreDictionaryHelper.java:77)
[02:19:07] [Server thread/WARN] [FML]: *  at com.google.common.collect.AbstractMapBasedMultimap.lambda$null$2(AbstractMapBasedMultimap.java:1279)
[02:19:07] [Server thread/WARN] [FML]: *  at java.lang.Iterable.forEach(Iterable.java:75)
[02:19:07] [Server thread/WARN] [FML]: *  at com.google.common.collect.AbstractMapBasedMultimap.lambda$forEach$3(AbstractMapBasedMultimap.java:1279)...
[02:19:07] [Server thread/WARN] [FML]: ****************************************
[02:19:07] [Server thread/WARN] [FML]: ****************************************
[02:19:07] [Server thread/WARN] [FML]: *  at net.minecraftforge.oredict.OreDictionary.registerOreImpl(OreDictionary.java:665)
[02:19:07] [Server thread/WARN] [FML]: *  at net.minecraftforge.oredict.OreDictionary.registerOre(OreDictionary.java:651)
[02:19:07] [Server thread/WARN] [FML]: *  at net.dries007.tfc.util.OreDictionaryHelper.lambda$init$0(OreDictionaryHelper.java:77)
[02:19:07] [Server thread/WARN] [FML]: *  at com.google.common.collect.AbstractMapBasedMultimap.lambda$null$2(AbstractMapBasedMultimap.java:1279)
[02:19:07] [Server thread/WARN] [FML]: *  at java.lang.Iterable.forEach(Iterable.java:75)
[02:19:07] [Server thread/WARN] [FML]: *  at com.google.common.collect.AbstractMapBasedMultimap.lambda$forEach$3(AbstractMapBasedMultimap.java:1279)...
[02:19:07] [Server thread/WARN] [FML]: ****************************************
[02:19:07] [Server thread/WARN] [FML]: ****************************************
[02:19:07] [Server thread/WARN] [FML]: *  at net.minecraftforge.oredict.OreDictionary.registerOreImpl(OreDictionary.java:665)
[02:19:07] [Server thread/WARN] [FML]: *  at net.minecraftforge.oredict.OreDictionary.registerOre(OreDictionary.java:651)
[02:19:07] [Server thread/WARN] [FML]: *  at net.dries007.tfc.util.OreDictionaryHelper.lambda$init$0(OreDictionaryHelper.java:77)
[02:19:07] [Server thread/WARN] [FML]: *  at com.google.common.collect.AbstractMapBasedMultimap.lambda$null$2(AbstractMapBasedMultimap.java:1279)
[02:19:07] [Server thread/WARN] [FML]: *  at java.lang.Iterable.forEach(Iterable.java:75)
[02:19:07] [Server thread/WARN] [FML]: *  at com.google.common.collect.AbstractMapBasedMultimap.lambda$forEach$3(AbstractMapBasedMultimap.java:1279)...
[02:19:07] [Server thread/WARN] [FML]: ****************************************
[02:19:07] [Server thread/WARN] [FML]: ****************************************
[02:19:07] [Server thread/WARN] [FML]: *  at net.minecraftforge.oredict.OreDictionary.registerOreImpl(OreDictionary.java:665)
[02:19:07] [Server thread/WARN] [FML]: *  at net.minecraftforge.oredict.OreDictionary.registerOre(OreDictionary.java:651)
[02:19:07] [Server thread/WARN] [FML]: *  at net.dries007.tfc.util.OreDictionaryHelper.lambda$init$0(OreDictionaryHelper.java:77)
[02:19:07] [Server thread/WARN] [FML]: *  at com.google.common.collect.AbstractMapBasedMultimap.lambda$null$2(AbstractMapBasedMultimap.java:1279)
[02:19:07] [Server thread/WARN] [FML]: *  at java.lang.Iterable.forEach(Iterable.java:75)
[02:19:07] [Server thread/WARN] [FML]: *  at com.google.common.collect.AbstractMapBasedMultimap.lambda$forEach$3(AbstractMapBasedMultimap.java:1279)...
[02:19:07] [Server thread/WARN] [FML]: ****************************************
[02:19:07] [Server thread/WARN] [FML]: ****************************************
[02:19:07] [Server thread/WARN] [FML]: *  at net.minecraftforge.oredict.OreDictionary.registerOreImpl(OreDictionary.java:665)
[02:19:07] [Server thread/WARN] [FML]: *  at net.minecraftforge.oredict.OreDictionary.registerOre(OreDictionary.java:651)
[02:19:07] [Server thread/WARN] [FML]: *  at net.dries007.tfc.util.OreDictionaryHelper.lambda$init$0(OreDictionaryHelper.java:77)
[02:19:07] [Server thread/WARN] [FML]: *  at com.google.common.collect.AbstractMapBasedMultimap.lambda$null$2(AbstractMapBasedMultimap.java:1279)
[02:19:07] [Server thread/WARN] [FML]: *  at java.lang.Iterable.forEach(Iterable.java:75)
[02:19:07] [Server thread/WARN] [FML]: *  at com.google.common.collect.AbstractMapBasedMultimap.lambda$forEach$3(AbstractMapBasedMultimap.java:1279)...
[02:19:07] [Server thread/WARN] [FML]: ****************************************
[02:19:07] [Server thread/WARN] [FML]: ****************************************
[02:19:07] [Server thread/WARN] [FML]: *  at net.minecraftforge.oredict.OreDictionary.registerOreImpl(OreDictionary.java:665)
[02:19:07] [Server thread/WARN] [FML]: *  at net.minecraftforge.oredict.OreDictionary.registerOre(OreDictionary.java:651)
[02:19:07] [Server thread/WARN] [FML]: *  at net.dries007.tfc.util.OreDictionaryHelper.lambda$init$0(OreDictionaryHelper.java:77)
[02:19:07] [Server thread/WARN] [FML]: *  at com.google.common.collect.AbstractMapBasedMultimap.lambda$null$2(AbstractMapBasedMultimap.java:1279)
[02:19:07] [Server thread/WARN] [FML]: *  at java.lang.Iterable.forEach(Iterable.java:75)
[02:19:07] [Server thread/WARN] [FML]: *  at com.google.common.collect.AbstractMapBasedMultimap.lambda$forEach$3(AbstractMapBasedMultimap.java:1279)...
[02:19:07] [Server thread/WARN] [FML]: ****************************************
[02:19:07] [Server thread/WARN] [FML]: ****************************************
[02:19:07] [Server thread/WARN] [FML]: *  at net.minecraftforge.oredict.OreDictionary.registerOreImpl(OreDictionary.java:665)
[02:19:07] [Server thread/WARN] [FML]: *  at net.minecraftforge.oredict.OreDictionary.registerOre(OreDictionary.java:651)
[02:19:07] [Server thread/WARN] [FML]: *  at net.dries007.tfc.util.OreDictionaryHelper.lambda$init$0(OreDictionaryHelper.java:77)
[02:19:07] [Server thread/WARN] [FML]: *  at com.google.common.collect.AbstractMapBasedMultimap.lambda$null$2(AbstractMapBasedMultimap.java:1279)
[02:19:07] [Server thread/WARN] [FML]: *  at java.lang.Iterable.forEach(Iterable.java:75)
[02:19:07] [Server thread/WARN] [FML]: *  at com.google.common.collect.AbstractMapBasedMultimap.lambda$forEach$3(AbstractMapBasedMultimap.java:1279)...
[02:19:07] [Server thread/WARN] [FML]: ****************************************
[02:19:07] [Server thread/WARN] [FML]: ****************************************
[02:19:07] [Server thread/WARN] [FML]: *  at net.minecraftforge.oredict.OreDictionary.registerOreImpl(OreDictionary.java:665)
[02:19:07] [Server thread/WARN] [FML]: *  at net.minecraftforge.oredict.OreDictionary.registerOre(OreDictionary.java:651)
[02:19:07] [Server thread/WARN] [FML]: *  at net.dries007.tfc.util.OreDictionaryHelper.lambda$init$0(OreDictionaryHelper.java:77)
[02:19:07] [Server thread/WARN] [FML]: *  at com.google.common.collect.AbstractMapBasedMultimap.lambda$null$2(AbstractMapBasedMultimap.java:1279)
[02:19:07] [Server thread/WARN] [FML]: *  at java.lang.Iterable.forEach(Iterable.java:75)
[02:19:07] [Server thread/WARN] [FML]: *  at com.google.common.collect.AbstractMapBasedMultimap.lambda$forEach$3(AbstractMapBasedMultimap.java:1279)...
[02:19:07] [Server thread/WARN] [FML]: ****************************************
[02:19:07] [Server thread/INFO] [TerraFirmaGreg-Core [ device ]]: Register ItemEvent start
[02:19:07] [Server thread/INFO] [TerraFirmaGreg-Core [ device ]]: Register ItemEvent complete
[02:19:07] [Server thread/INFO] [TerraFirmaGreg-Core [ metal ]]: Register ItemEvent start
[02:19:07] [Server thread/WARN] [FML]: ****************************************
[02:19:07] [Server thread/WARN] [FML]: * Registry Item: The object su.terrafirmagreg.api.base.object.itemblock.spi.BaseItemBlock@b75ed8f has been registered twice for the same name tfg:core/debug.
[02:19:07] [Server thread/WARN] [FML]: *  at net.minecraftforge.registries.ForgeRegistry.add(ForgeRegistry.java:300)
[02:19:07] [Server thread/WARN] [FML]: *  at net.minecraftforge.registries.ForgeRegistry.add(ForgeRegistry.java:281)
[02:19:07] [Server thread/WARN] [FML]: *  at net.minecraftforge.registries.ForgeRegistry.register(ForgeRegistry.java:113)
[02:19:07] [Server thread/WARN] [FML]: *  at su.terrafirmagreg.api.library.collection.RegistrySupplierMap.lambda$register$0(RegistrySupplierMap.java:25)
[02:19:07] [Server thread/WARN] [FML]: *  at java.util.Map.forEach(Map.java:630)
[02:19:07] [Server thread/WARN] [FML]: *  at su.terrafirmagreg.api.library.collection.RegistrySupplierMap.register(RegistrySupplierMap.java:19)...
[02:19:07] [Server thread/WARN] [FML]: ****************************************
[02:19:07] [Server thread/WARN] [FML]: ****************************************
[02:19:07] [Server thread/WARN] [FML]: * Registry Item: The object su.terrafirmagreg.modules.core.object.item.ItemDebug@23efc5e9 has been registered twice for the same name tfg:core/wand.
[02:19:07] [Server thread/WARN] [FML]: *  at net.minecraftforge.registries.ForgeRegistry.add(ForgeRegistry.java:300)
[02:19:07] [Server thread/WARN] [FML]: *  at net.minecraftforge.registries.ForgeRegistry.add(ForgeRegistry.java:281)
[02:19:07] [Server thread/WARN] [FML]: *  at net.minecraftforge.registries.ForgeRegistry.register(ForgeRegistry.java:113)
[02:19:07] [Server thread/WARN] [FML]: *  at su.terrafirmagreg.api.library.collection.RegistrySupplierMap.lambda$register$0(RegistrySupplierMap.java:25)
[02:19:07] [Server thread/WARN] [FML]: *  at java.util.Map.forEach(Map.java:630)
[02:19:07] [Server thread/WARN] [FML]: *  at su.terrafirmagreg.api.library.collection.RegistrySupplierMap.register(RegistrySupplierMap.java:19)...
[02:19:07] [Server thread/WARN] [FML]: ****************************************
[02:19:07] [Server thread/INFO] [TerraFirmaGreg-Core [ metal ]]: Register ItemEvent complete
[02:19:07] [Server thread/INFO] [TerraFirmaGreg-Core [ rock ]]: Register ItemEvent start
[02:19:07] [Server thread/WARN] [FML]: ****************************************
[02:19:07] [Server thread/WARN] [FML]: * Registry Item: The object su.terrafirmagreg.api.base.object.itemblock.spi.BaseItemBlock@b75ed8f has been registered twice for the same name tfg:core/debug.
[02:19:07] [Server thread/WARN] [FML]: *  at net.minecraftforge.registries.ForgeRegistry.add(ForgeRegistry.java:300)
[02:19:07] [Server thread/WARN] [FML]: *  at net.minecraftforge.registries.ForgeRegistry.add(ForgeRegistry.java:281)
[02:19:07] [Server thread/WARN] [FML]: *  at net.minecraftforge.registries.ForgeRegistry.register(ForgeRegistry.java:113)
[02:19:07] [Server thread/WARN] [FML]: *  at su.terrafirmagreg.api.library.collection.RegistrySupplierMap.lambda$register$0(RegistrySupplierMap.java:25)
[02:19:07] [Server thread/WARN] [FML]: *  at java.util.Map.forEach(Map.java:630)
[02:19:07] [Server thread/WARN] [FML]: *  at su.terrafirmagreg.api.library.collection.RegistrySupplierMap.register(RegistrySupplierMap.java:19)...
[02:19:07] [Server thread/WARN] [FML]: ****************************************
[02:19:07] [Server thread/WARN] [FML]: ****************************************
[02:19:07] [Server thread/WARN] [FML]: * Registry Item: The object su.terrafirmagreg.modules.core.object.item.ItemDebug@23efc5e9 has been registered twice for the same name tfg:core/wand.
[02:19:07] [Server thread/WARN] [FML]: *  at net.minecraftforge.registries.ForgeRegistry.add(ForgeRegistry.java:300)
[02:19:07] [Server thread/WARN] [FML]: *  at net.minecraftforge.registries.ForgeRegistry.add(ForgeRegistry.java:281)
[02:19:07] [Server thread/WARN] [FML]: *  at net.minecraftforge.registries.ForgeRegistry.register(ForgeRegistry.java:113)
[02:19:07] [Server thread/WARN] [FML]: *  at su.terrafirmagreg.api.library.collection.RegistrySupplierMap.lambda$register$0(RegistrySupplierMap.java:25)
[02:19:07] [Server thread/WARN] [FML]: *  at java.util.Map.forEach(Map.java:630)
[02:19:07] [Server thread/WARN] [FML]: *  at su.terrafirmagreg.api.library.collection.RegistrySupplierMap.register(RegistrySupplierMap.java:19)...
[02:19:07] [Server thread/WARN] [FML]: ****************************************
[02:19:07] [Server thread/INFO] [TerraFirmaGreg-Core [ rock ]]: Register ItemEvent complete
[02:19:07] [Server thread/INFO] [TerraFirmaGreg-Core [ integration ]]: Register ItemEvent start
[02:19:07] [Server thread/WARN] [FML]: ****************************************
[02:19:07] [Server thread/WARN] [FML]: * Registry Item: The object su.terrafirmagreg.api.base.object.itemblock.spi.BaseItemBlock@b75ed8f has been registered twice for the same name tfg:core/debug.
[02:19:07] [Server thread/WARN] [FML]: *  at net.minecraftforge.registries.ForgeRegistry.add(ForgeRegistry.java:300)
[02:19:07] [Server thread/WARN] [FML]: *  at net.minecraftforge.registries.ForgeRegistry.add(ForgeRegistry.java:281)
[02:19:07] [Server thread/WARN] [FML]: *  at net.minecraftforge.registries.ForgeRegistry.register(ForgeRegistry.java:113)
[02:19:07] [Server thread/WARN] [FML]: *  at su.terrafirmagreg.api.library.collection.RegistrySupplierMap.lambda$register$0(RegistrySupplierMap.java:25)
[02:19:07] [Server thread/WARN] [FML]: *  at java.util.Map.forEach(Map.java:630)
[02:19:07] [Server thread/WARN] [FML]: *  at su.terrafirmagreg.api.library.collection.RegistrySupplierMap.register(RegistrySupplierMap.java:19)...
[02:19:07] [Server thread/WARN] [FML]: ****************************************
[02:19:07] [Server thread/WARN] [FML]: ****************************************
[02:19:07] [Server thread/WARN] [FML]: * Registry Item: The object su.terrafirmagreg.modules.core.object.item.ItemDebug@23efc5e9 has been registered twice for the same name tfg:core/wand.
[02:19:07] [Server thread/WARN] [FML]: *  at net.minecraftforge.registries.ForgeRegistry.add(ForgeRegistry.java:300)
[02:19:07] [Server thread/WARN] [FML]: *  at net.minecraftforge.registries.ForgeRegistry.add(ForgeRegistry.java:281)
[02:19:07] [Server thread/WARN] [FML]: *  at net.minecraftforge.registries.ForgeRegistry.register(ForgeRegistry.java:113)
[02:19:07] [Server thread/WARN] [FML]: *  at su.terrafirmagreg.api.library.collection.RegistrySupplierMap.lambda$register$0(RegistrySupplierMap.java:25)
[02:19:07] [Server thread/WARN] [FML]: *  at java.util.Map.forEach(Map.java:630)
[02:19:07] [Server thread/WARN] [FML]: *  at su.terrafirmagreg.api.library.collection.RegistrySupplierMap.register(RegistrySupplierMap.java:19)...
[02:19:07] [Server thread/WARN] [FML]: ****************************************
[02:19:07] [Server thread/INFO] [TerraFirmaGreg-Core [ integration ]]: Register ItemEvent complete
[02:19:07] [Server thread/INFO] [TerraFirmaGreg-Core [ integration ]]: Register ItemEvent start
[02:19:07] [Server thread/WARN] [FML]: ****************************************
[02:19:07] [Server thread/WARN] [FML]: * Registry Item: The object su.terrafirmagreg.api.base.object.itemblock.spi.BaseItemBlock@b75ed8f has been registered twice for the same name tfg:core/debug.
[02:19:07] [Server thread/WARN] [FML]: *  at net.minecraftforge.registries.ForgeRegistry.add(ForgeRegistry.java:300)
[02:19:07] [Server thread/WARN] [FML]: *  at net.minecraftforge.registries.ForgeRegistry.add(ForgeRegistry.java:281)
[02:19:07] [Server thread/WARN] [FML]: *  at net.minecraftforge.registries.ForgeRegistry.register(ForgeRegistry.java:113)
[02:19:07] [Server thread/WARN] [FML]: *  at su.terrafirmagreg.api.library.collection.RegistrySupplierMap.lambda$register$0(RegistrySupplierMap.java:25)
[02:19:07] [Server thread/WARN] [FML]: *  at java.util.Map.forEach(Map.java:630)
[02:19:07] [Server thread/WARN] [FML]: *  at su.terrafirmagreg.api.library.collection.RegistrySupplierMap.register(RegistrySupplierMap.java:19)...
[02:19:07] [Server thread/WARN] [FML]: ****************************************
[02:19:07] [Server thread/WARN] [FML]: ****************************************
[02:19:07] [Server thread/WARN] [FML]: * Registry Item: The object su.terrafirmagreg.modules.core.object.item.ItemDebug@23efc5e9 has been registered twice for the same name tfg:core/wand.
[02:19:07] [Server thread/WARN] [FML]: *  at net.minecraftforge.registries.ForgeRegistry.add(ForgeRegistry.java:300)
[02:19:07] [Server thread/WARN] [FML]: *  at net.minecraftforge.registries.ForgeRegistry.add(ForgeRegistry.java:281)
[02:19:07] [Server thread/WARN] [FML]: *  at net.minecraftforge.registries.ForgeRegistry.register(ForgeRegistry.java:113)
[02:19:07] [Server thread/WARN] [FML]: *  at su.terrafirmagreg.api.library.collection.RegistrySupplierMap.lambda$register$0(RegistrySupplierMap.java:25)
[02:19:07] [Server thread/WARN] [FML]: *  at java.util.Map.forEach(Map.java:630)
[02:19:07] [Server thread/WARN] [FML]: *  at su.terrafirmagreg.api.library.collection.RegistrySupplierMap.register(RegistrySupplierMap.java:19)...
[02:19:07] [Server thread/WARN] [FML]: ****************************************
[02:19:07] [Server thread/INFO] [TerraFirmaGreg-Core [ integration ]]: Register ItemEvent complete
[02:19:07] [Server thread/INFO] [TerraFirmaGreg-Core [ core ]]: Register ItemEvent start
[02:19:07] [Server thread/WARN] [FML]: ****************************************
[02:19:07] [Server thread/WARN] [FML]: * Registry Item: The object su.terrafirmagreg.api.base.object.itemblock.spi.BaseItemBlock@b75ed8f has been registered twice for the same name tfg:core/debug.
[02:19:07] [Server thread/WARN] [FML]: *  at net.minecraftforge.registries.ForgeRegistry.add(ForgeRegistry.java:300)
[02:19:07] [Server thread/WARN] [FML]: *  at net.minecraftforge.registries.ForgeRegistry.add(ForgeRegistry.java:281)
[02:19:07] [Server thread/WARN] [FML]: *  at net.minecraftforge.registries.ForgeRegistry.register(ForgeRegistry.java:113)
[02:19:07] [Server thread/WARN] [FML]: *  at su.terrafirmagreg.api.library.collection.RegistrySupplierMap.lambda$register$0(RegistrySupplierMap.java:25)
[02:19:07] [Server thread/WARN] [FML]: *  at java.util.Map.forEach(Map.java:630)
[02:19:07] [Server thread/WARN] [FML]: *  at su.terrafirmagreg.api.library.collection.RegistrySupplierMap.register(RegistrySupplierMap.java:19)...
[02:19:07] [Server thread/WARN] [FML]: ****************************************
[02:19:07] [Server thread/WARN] [FML]: ****************************************
[02:19:07] [Server thread/WARN] [FML]: * Registry Item: The object su.terrafirmagreg.modules.core.object.item.ItemDebug@23efc5e9 has been registered twice for the same name tfg:core/wand.
[02:19:07] [Server thread/WARN] [FML]: *  at net.minecraftforge.registries.ForgeRegistry.add(ForgeRegistry.java:300)
[02:19:07] [Server thread/WARN] [FML]: *  at net.minecraftforge.registries.ForgeRegistry.add(ForgeRegistry.java:281)
[02:19:07] [Server thread/WARN] [FML]: *  at net.minecraftforge.registries.ForgeRegistry.register(ForgeRegistry.java:113)
[02:19:07] [Server thread/WARN] [FML]: *  at su.terrafirmagreg.api.library.collection.RegistrySupplierMap.lambda$register$0(RegistrySupplierMap.java:25)
[02:19:07] [Server thread/WARN] [FML]: *  at java.util.Map.forEach(Map.java:630)
[02:19:07] [Server thread/WARN] [FML]: *  at su.terrafirmagreg.api.library.collection.RegistrySupplierMap.register(RegistrySupplierMap.java:19)...
[02:19:07] [Server thread/WARN] [FML]: ****************************************
[02:19:07] [Server thread/INFO] [TerraFirmaGreg-Core [ core ]]: Register ItemEvent complete
[02:19:08] [Server thread/INFO] [tfc]: The below warnings about unintended overrides are normal. The override is intended. ;)
[02:19:08] [Server thread/INFO] [tfcflorae]: The below warnings about unintended overrides are normal. The override is intended - deal with it. ;)
[02:19:08] [Server thread/INFO] [FML]: Applying holder lookups
[02:19:08] [Server thread/INFO] [FML]: Holder lookups applied
[02:19:08] [Server thread/INFO] [TerraFirmaGreg-Core [ device ]]: Register BiomeEvent start
[02:19:08] [Server thread/INFO] [TerraFirmaGreg-Core [ device ]]: Register BiomeEvent complete
[02:19:08] [Server thread/INFO] [TerraFirmaGreg-Core [ metal ]]: Register BiomeEvent start
[02:19:08] [Server thread/INFO] [TerraFirmaGreg-Core [ metal ]]: Register BiomeEvent complete
[02:19:08] [Server thread/INFO] [TerraFirmaGreg-Core [ rock ]]: Register BiomeEvent start
[02:19:08] [Server thread/INFO] [TerraFirmaGreg-Core [ rock ]]: Register BiomeEvent complete
[02:19:08] [Server thread/INFO] [TerraFirmaGreg-Core [ integration ]]: Register BiomeEvent start
[02:19:08] [Server thread/INFO] [TerraFirmaGreg-Core [ integration ]]: Register BiomeEvent complete
[02:19:08] [Server thread/INFO] [TerraFirmaGreg-Core [ integration ]]: Register BiomeEvent start
[02:19:08] [Server thread/INFO] [TerraFirmaGreg-Core [ integration ]]: Register BiomeEvent complete
[02:19:08] [Server thread/INFO] [TerraFirmaGreg-Core [ core ]]: Register BiomeEvent start
[02:19:08] [Server thread/INFO] [TerraFirmaGreg-Core [ core ]]: Register BiomeEvent complete
[02:19:08] [Server thread/INFO] [TerraFirmaGreg-Core [ device ]]: Register RecipeEvent start
[02:19:08] [Server thread/INFO] [TerraFirmaGreg-Core [ device ]]: Register RecipeEvent complete
[02:19:08] [Server thread/INFO] [TerraFirmaGreg-Core [ metal ]]: Register RecipeEvent start
[02:19:08] [Server thread/INFO] [TerraFirmaGreg-Core [ metal ]]: Register RecipeEvent complete
[02:19:08] [Server thread/INFO] [TerraFirmaGreg-Core [ rock ]]: Register RecipeEvent start
[02:19:08] [Server thread/INFO] [TerraFirmaGreg-Core [ rock ]]: Register RecipeEvent complete
[02:19:08] [Server thread/INFO] [TerraFirmaGreg-Core [ integration ]]: Register RecipeEvent start
[02:19:08] [Server thread/INFO] [TerraFirmaGreg-Core [ integration ]]: Register RecipeEvent complete
[02:19:08] [Server thread/INFO] [TerraFirmaGreg-Core [ integration ]]: Register RecipeEvent start
[02:19:08] [Server thread/INFO] [TerraFirmaGreg-Core [ integration ]]: Register RecipeEvent complete
[02:19:08] [Server thread/INFO] [TerraFirmaGreg-Core [ core ]]: Register RecipeEvent start
[02:19:08] [Server thread/INFO] [TerraFirmaGreg-Core [ core ]]: Register RecipeEvent complete
[02:19:08] [Server thread/INFO] [TerraFirmaGreg-Core [ device ]]: Register EnchantmentEvent start
[02:19:08] [Server thread/INFO] [TerraFirmaGreg-Core [ device ]]: Register EnchantmentEvent complete
[02:19:08] [Server thread/INFO] [TerraFirmaGreg-Core [ metal ]]: Register EnchantmentEvent start
[02:19:08] [Server thread/INFO] [TerraFirmaGreg-Core [ metal ]]: Register EnchantmentEvent complete
[02:19:08] [Server thread/INFO] [TerraFirmaGreg-Core [ rock ]]: Register EnchantmentEvent start
[02:19:08] [Server thread/INFO] [TerraFirmaGreg-Core [ rock ]]: Register EnchantmentEvent complete
[02:19:08] [Server thread/INFO] [TerraFirmaGreg-Core [ integration ]]: Register EnchantmentEvent start
[02:19:08] [Server thread/INFO] [TerraFirmaGreg-Core [ integration ]]: Register EnchantmentEvent complete
[02:19:08] [Server thread/INFO] [TerraFirmaGreg-Core [ integration ]]: Register EnchantmentEvent start
[02:19:08] [Server thread/INFO] [TerraFirmaGreg-Core [ integration ]]: Register EnchantmentEvent complete
[02:19:08] [Server thread/INFO] [TerraFirmaGreg-Core [ core ]]: Register EnchantmentEvent start
[02:19:08] [Server thread/INFO] [TerraFirmaGreg-Core [ core ]]: Register EnchantmentEvent complete
[02:19:08] [Server thread/INFO] [TerraFirmaGreg-Core [ device ]]: Register EntityEvent start
[02:19:08] [Server thread/INFO] [TerraFirmaGreg-Core [ device ]]: Register EntityEvent complete
[02:19:08] [Server thread/INFO] [TerraFirmaGreg-Core [ metal ]]: Register EntityEvent start
[02:19:08] [Server thread/INFO] [TerraFirmaGreg-Core [ metal ]]: Register EntityEvent complete
[02:19:08] [Server thread/INFO] [TerraFirmaGreg-Core [ rock ]]: Register EntityEvent start
[02:19:08] [Server thread/INFO] [TerraFirmaGreg-Core [ rock ]]: Register EntityEvent complete
[02:19:08] [Server thread/INFO] [TerraFirmaGreg-Core [ integration ]]: Register EntityEvent start
[02:19:08] [Server thread/INFO] [TerraFirmaGreg-Core [ integration ]]: Register EntityEvent complete
[02:19:08] [Server thread/INFO] [TerraFirmaGreg-Core [ integration ]]: Register EntityEvent start
[02:19:08] [Server thread/INFO] [TerraFirmaGreg-Core [ integration ]]: Register EntityEvent complete
[02:19:08] [Server thread/INFO] [TerraFirmaGreg-Core [ core ]]: Register EntityEvent start
[02:19:08] [Server thread/INFO] [TerraFirmaGreg-Core [ core ]]: Register EntityEvent complete
[02:19:08] [Server thread/INFO] [TerraFirmaGreg-Core [ device ]]: Register PotionEvent start
[02:19:08] [Server thread/INFO] [TerraFirmaGreg-Core [ device ]]: Register PotionEvent complete
[02:19:08] [Server thread/INFO] [TerraFirmaGreg-Core [ metal ]]: Register PotionEvent start
[02:19:08] [Server thread/WARN] [FML]: ****************************************
[02:19:08] [Server thread/WARN] [FML]: * Registry Potion: The object su.terrafirmagreg.modules.core.object.effect.EffectOverburdened@783ea474 has been registered twice for the same name tfg:core/overburdened.
[02:19:08] [Server thread/WARN] [FML]: *  at net.minecraftforge.registries.ForgeRegistry.add(ForgeRegistry.java:300)
[02:19:08] [Server thread/WARN] [FML]: *  at net.minecraftforge.registries.ForgeRegistry.add(ForgeRegistry.java:281)
[02:19:08] [Server thread/WARN] [FML]: *  at net.minecraftforge.registries.ForgeRegistry.register(ForgeRegistry.java:113)
[02:19:08] [Server thread/WARN] [FML]: *  at su.terrafirmagreg.api.library.collection.RegistrySupplierMap.lambda$register$0(RegistrySupplierMap.java:25)
[02:19:08] [Server thread/WARN] [FML]: *  at java.util.Map.forEach(Map.java:630)
[02:19:08] [Server thread/WARN] [FML]: *  at su.terrafirmagreg.api.library.collection.RegistrySupplierMap.register(RegistrySupplierMap.java:19)...
[02:19:08] [Server thread/WARN] [FML]: ****************************************
[02:19:08] [Server thread/WARN] [FML]: ****************************************
[02:19:08] [Server thread/WARN] [FML]: * Registry Potion: The object su.terrafirmagreg.modules.core.object.effect.EffectThirst@6df86c8f has been registered twice for the same name tfg:core/thirst.
[02:19:08] [Server thread/WARN] [FML]: *  at net.minecraftforge.registries.ForgeRegistry.add(ForgeRegistry.java:300)
[02:19:08] [Server thread/WARN] [FML]: *  at net.minecraftforge.registries.ForgeRegistry.add(ForgeRegistry.java:281)
[02:19:08] [Server thread/WARN] [FML]: *  at net.minecraftforge.registries.ForgeRegistry.register(ForgeRegistry.java:113)
[02:19:08] [Server thread/WARN] [FML]: *  at su.terrafirmagreg.api.library.collection.RegistrySupplierMap.lambda$register$0(RegistrySupplierMap.java:25)
[02:19:08] [Server thread/WARN] [FML]: *  at java.util.Map.forEach(Map.java:630)
[02:19:08] [Server thread/WARN] [FML]: *  at su.terrafirmagreg.api.library.collection.RegistrySupplierMap.register(RegistrySupplierMap.java:19)...
[02:19:08] [Server thread/WARN] [FML]: ****************************************
[02:19:08] [Server thread/WARN] [FML]: ****************************************
[02:19:08] [Server thread/WARN] [FML]: * Registry Potion: The object su.terrafirmagreg.modules.core.object.effect.EffectParasites@29e4554b has been registered twice for the same name tfg:core/parasites.
[02:19:08] [Server thread/WARN] [FML]: *  at net.minecraftforge.registries.ForgeRegistry.add(ForgeRegistry.java:300)
[02:19:08] [Server thread/WARN] [FML]: *  at net.minecraftforge.registries.ForgeRegistry.add(ForgeRegistry.java:281)
[02:19:08] [Server thread/WARN] [FML]: *  at net.minecraftforge.registries.ForgeRegistry.register(ForgeRegistry.java:113)
[02:19:08] [Server thread/WARN] [FML]: *  at su.terrafirmagreg.api.library.collection.RegistrySupplierMap.lambda$register$0(RegistrySupplierMap.java:25)
[02:19:08] [Server thread/WARN] [FML]: *  at java.util.Map.forEach(Map.java:630)
[02:19:08] [Server thread/WARN] [FML]: *  at su.terrafirmagreg.api.library.collection.RegistrySupplierMap.register(RegistrySupplierMap.java:19)...
[02:19:08] [Server thread/WARN] [FML]: ****************************************
[02:19:08] [Server thread/WARN] [FML]: ****************************************
[02:19:08] [Server thread/WARN] [FML]: * Registry Potion: The object su.terrafirmagreg.modules.core.object.effect.EffectSwarm@70a95de has been registered twice for the same name tfg:core/swarm.
[02:19:08] [Server thread/WARN] [FML]: *  at net.minecraftforge.registries.ForgeRegistry.add(ForgeRegistry.java:300)
[02:19:08] [Server thread/WARN] [FML]: *  at net.minecraftforge.registries.ForgeRegistry.add(ForgeRegistry.java:281)
[02:19:08] [Server thread/WARN] [FML]: *  at net.minecraftforge.registries.ForgeRegistry.register(ForgeRegistry.java:113)
[02:19:08] [Server thread/WARN] [FML]: *  at su.terrafirmagreg.api.library.collection.RegistrySupplierMap.lambda$register$0(RegistrySupplierMap.java:25)
[02:19:08] [Server thread/WARN] [FML]: *  at java.util.Map.forEach(Map.java:630)
[02:19:08] [Server thread/WARN] [FML]: *  at su.terrafirmagreg.api.library.collection.RegistrySupplierMap.register(RegistrySupplierMap.java:19)...
[02:19:08] [Server thread/WARN] [FML]: ****************************************
[02:19:08] [Server thread/WARN] [FML]: ****************************************
[02:19:08] [Server thread/WARN] [FML]: * Registry Potion: The object su.terrafirmagreg.modules.core.object.effect.EffectHyperthermia@a9a8c4f has been registered twice for the same name tfg:core/hyperthermia.
[02:19:08] [Server thread/WARN] [FML]: *  at net.minecraftforge.registries.ForgeRegistry.add(ForgeRegistry.java:300)
[02:19:08] [Server thread/WARN] [FML]: *  at net.minecraftforge.registries.ForgeRegistry.add(ForgeRegistry.java:281)
[02:19:08] [Server thread/WARN] [FML]: *  at net.minecraftforge.registries.ForgeRegistry.register(ForgeRegistry.java:113)
[02:19:08] [Server thread/WARN] [FML]: *  at su.terrafirmagreg.api.library.collection.RegistrySupplierMap.lambda$register$0(RegistrySupplierMap.java:25)
[02:19:08] [Server thread/WARN] [FML]: *  at java.util.Map.forEach(Map.java:630)
[02:19:08] [Server thread/WARN] [FML]: *  at su.terrafirmagreg.api.library.collection.RegistrySupplierMap.register(RegistrySupplierMap.java:19)...
[02:19:08] [Server thread/WARN] [FML]: ****************************************
[02:19:08] [Server thread/WARN] [FML]: ****************************************
[02:19:08] [Server thread/WARN] [FML]: * Registry Potion: The object su.terrafirmagreg.modules.core.object.effect.EffectHypothermia@24a81587 has been registered twice for the same name tfg:core/hypothermia.
[02:19:08] [Server thread/WARN] [FML]: *  at net.minecraftforge.registries.ForgeRegistry.add(ForgeRegistry.java:300)
[02:19:08] [Server thread/WARN] [FML]: *  at net.minecraftforge.registries.ForgeRegistry.add(ForgeRegistry.java:281)
[02:19:08] [Server thread/WARN] [FML]: *  at net.minecraftforge.registries.ForgeRegistry.register(ForgeRegistry.java:113)
[02:19:08] [Server thread/WARN] [FML]: *  at su.terrafirmagreg.api.library.collection.RegistrySupplierMap.lambda$register$0(RegistrySupplierMap.java:25)
[02:19:08] [Server thread/WARN] [FML]: *  at java.util.Map.forEach(Map.java:630)
[02:19:08] [Server thread/WARN] [FML]: *  at su.terrafirmagreg.api.library.collection.RegistrySupplierMap.register(RegistrySupplierMap.java:19)...
[02:19:08] [Server thread/WARN] [FML]: ****************************************
[02:19:08] [Server thread/WARN] [FML]: ****************************************
[02:19:08] [Server thread/WARN] [FML]: * Registry Potion: The object su.terrafirmagreg.modules.core.object.effect.EffectResistCold@2fed5254 has been registered twice for the same name tfg:core/resist_cold.
[02:19:08] [Server thread/WARN] [FML]: *  at net.minecraftforge.registries.ForgeRegistry.add(ForgeRegistry.java:300)
[02:19:08] [Server thread/WARN] [FML]: *  at net.minecraftforge.registries.ForgeRegistry.add(ForgeRegistry.java:281)
[02:19:08] [Server thread/WARN] [FML]: *  at net.minecraftforge.registries.ForgeRegistry.register(ForgeRegistry.java:113)
[02:19:08] [Server thread/WARN] [FML]: *  at su.terrafirmagreg.api.library.collection.RegistrySupplierMap.lambda$register$0(RegistrySupplierMap.java:25)
[02:19:08] [Server thread/WARN] [FML]: *  at java.util.Map.forEach(Map.java:630)
[02:19:08] [Server thread/WARN] [FML]: *  at su.terrafirmagreg.api.library.collection.RegistrySupplierMap.register(RegistrySupplierMap.java:19)...
[02:19:08] [Server thread/WARN] [FML]: ****************************************
[02:19:08] [Server thread/WARN] [FML]: ****************************************
[02:19:08] [Server thread/WARN] [FML]: * Registry Potion: The object su.terrafirmagreg.modules.core.object.effect.EffectResistHeat@7c1a9612 has been registered twice for the same name tfg:core/resist_heat.
[02:19:08] [Server thread/WARN] [FML]: *  at net.minecraftforge.registries.ForgeRegistry.add(ForgeRegistry.java:300)
[02:19:08] [Server thread/WARN] [FML]: *  at net.minecraftforge.registries.ForgeRegistry.add(ForgeRegistry.java:281)
[02:19:08] [Server thread/WARN] [FML]: *  at net.minecraftforge.registries.ForgeRegistry.register(ForgeRegistry.java:113)
[02:19:08] [Server thread/WARN] [FML]: *  at su.terrafirmagreg.api.library.collection.RegistrySupplierMap.lambda$register$0(RegistrySupplierMap.java:25)
[02:19:08] [Server thread/WARN] [FML]: *  at java.util.Map.forEach(Map.java:630)
[02:19:08] [Server thread/WARN] [FML]: *  at su.terrafirmagreg.api.library.collection.RegistrySupplierMap.register(RegistrySupplierMap.java:19)...
[02:19:08] [Server thread/WARN] [FML]: ****************************************
[02:19:08] [Server thread/WARN] [FML]: ****************************************
[02:19:08] [Server thread/WARN] [FML]: * Registry Potion: The object su.terrafirmagreg.modules.core.object.effect.EffectCaffeine@22bc952a has been registered twice for the same name tfg:core/caffeine.
[02:19:08] [Server thread/WARN] [FML]: *  at net.minecraftforge.registries.ForgeRegistry.add(ForgeRegistry.java:300)
[02:19:08] [Server thread/WARN] [FML]: *  at net.minecraftforge.registries.ForgeRegistry.add(ForgeRegistry.java:281)
[02:19:08] [Server thread/WARN] [FML]: *  at net.minecraftforge.registries.ForgeRegistry.register(ForgeRegistry.java:113)
[02:19:08] [Server thread/WARN] [FML]: *  at su.terrafirmagreg.api.library.collection.RegistrySupplierMap.lambda$register$0(RegistrySupplierMap.java:25)
[02:19:08] [Server thread/WARN] [FML]: *  at java.util.Map.forEach(Map.java:630)
[02:19:08] [Server thread/WARN] [FML]: *  at su.terrafirmagreg.api.library.collection.RegistrySupplierMap.register(RegistrySupplierMap.java:19)...
[02:19:08] [Server thread/WARN] [FML]: ****************************************
[02:19:08] [Server thread/INFO] [TerraFirmaGreg-Core [ metal ]]: Register PotionEvent complete
[02:19:08] [Server thread/INFO] [TerraFirmaGreg-Core [ rock ]]: Register PotionEvent start
[02:19:08] [Server thread/WARN] [FML]: ****************************************
[02:19:08] [Server thread/WARN] [FML]: * Registry Potion: The object su.terrafirmagreg.modules.core.object.effect.EffectOverburdened@783ea474 has been registered twice for the same name tfg:core/overburdened.
[02:19:08] [Server thread/WARN] [FML]: *  at net.minecraftforge.registries.ForgeRegistry.add(ForgeRegistry.java:300)
[02:19:08] [Server thread/WARN] [FML]: *  at net.minecraftforge.registries.ForgeRegistry.add(ForgeRegistry.java:281)
[02:19:08] [Server thread/WARN] [FML]: *  at net.minecraftforge.registries.ForgeRegistry.register(ForgeRegistry.java:113)
[02:19:08] [Server thread/WARN] [FML]: *  at su.terrafirmagreg.api.library.collection.RegistrySupplierMap.lambda$register$0(RegistrySupplierMap.java:25)
[02:19:08] [Server thread/WARN] [FML]: *  at java.util.Map.forEach(Map.java:630)
[02:19:08] [Server thread/WARN] [FML]: *  at su.terrafirmagreg.api.library.collection.RegistrySupplierMap.register(RegistrySupplierMap.java:19)...
[02:19:08] [Server thread/WARN] [FML]: ****************************************
[02:19:08] [Server thread/WARN] [FML]: ****************************************
[02:19:08] [Server thread/WARN] [FML]: * Registry Potion: The object su.terrafirmagreg.modules.core.object.effect.EffectThirst@6df86c8f has been registered twice for the same name tfg:core/thirst.
[02:19:08] [Server thread/WARN] [FML]: *  at net.minecraftforge.registries.ForgeRegistry.add(ForgeRegistry.java:300)
[02:19:08] [Server thread/WARN] [FML]: *  at net.minecraftforge.registries.ForgeRegistry.add(ForgeRegistry.java:281)
[02:19:08] [Server thread/WARN] [FML]: *  at net.minecraftforge.registries.ForgeRegistry.register(ForgeRegistry.java:113)
[02:19:08] [Server thread/WARN] [FML]: *  at su.terrafirmagreg.api.library.collection.RegistrySupplierMap.lambda$register$0(RegistrySupplierMap.java:25)
[02:19:08] [Server thread/WARN] [FML]: *  at java.util.Map.forEach(Map.java:630)
[02:19:08] [Server thread/WARN] [FML]: *  at su.terrafirmagreg.api.library.collection.RegistrySupplierMap.register(RegistrySupplierMap.java:19)...
[02:19:08] [Server thread/WARN] [FML]: ****************************************
[02:19:08] [Server thread/WARN] [FML]: ****************************************
[02:19:08] [Server thread/WARN] [FML]: * Registry Potion: The object su.terrafirmagreg.modules.core.object.effect.EffectParasites@29e4554b has been registered twice for the same name tfg:core/parasites.
[02:19:08] [Server thread/WARN] [FML]: *  at net.minecraftforge.registries.ForgeRegistry.add(ForgeRegistry.java:300)
[02:19:08] [Server thread/WARN] [FML]: *  at net.minecraftforge.registries.ForgeRegistry.add(ForgeRegistry.java:281)
[02:19:08] [Server thread/WARN] [FML]: *  at net.minecraftforge.registries.ForgeRegistry.register(ForgeRegistry.java:113)
[02:19:08] [Server thread/WARN] [FML]: *  at su.terrafirmagreg.api.library.collection.RegistrySupplierMap.lambda$register$0(RegistrySupplierMap.java:25)
[02:19:08] [Server thread/WARN] [FML]: *  at java.util.Map.forEach(Map.java:630)
[02:19:08] [Server thread/WARN] [FML]: *  at su.terrafirmagreg.api.library.collection.RegistrySupplierMap.register(RegistrySupplierMap.java:19)...
[02:19:08] [Server thread/WARN] [FML]: ****************************************
[02:19:08] [Server thread/WARN] [FML]: ****************************************
[02:19:08] [Server thread/WARN] [FML]: * Registry Potion: The object su.terrafirmagreg.modules.core.object.effect.EffectSwarm@70a95de has been registered twice for the same name tfg:core/swarm.
[02:19:08] [Server thread/WARN] [FML]: *  at net.minecraftforge.registries.ForgeRegistry.add(ForgeRegistry.java:300)
[02:19:08] [Server thread/WARN] [FML]: *  at net.minecraftforge.registries.ForgeRegistry.add(ForgeRegistry.java:281)
[02:19:08] [Server thread/WARN] [FML]: *  at net.minecraftforge.registries.ForgeRegistry.register(ForgeRegistry.java:113)
[02:19:08] [Server thread/WARN] [FML]: *  at su.terrafirmagreg.api.library.collection.RegistrySupplierMap.lambda$register$0(RegistrySupplierMap.java:25)
[02:19:08] [Server thread/WARN] [FML]: *  at java.util.Map.forEach(Map.java:630)
[02:19:08] [Server thread/WARN] [FML]: *  at su.terrafirmagreg.api.library.collection.RegistrySupplierMap.register(RegistrySupplierMap.java:19)...
[02:19:08] [Server thread/WARN] [FML]: ****************************************
[02:19:08] [Server thread/WARN] [FML]: ****************************************
[02:19:08] [Server thread/WARN] [FML]: * Registry Potion: The object su.terrafirmagreg.modules.core.object.effect.EffectHyperthermia@a9a8c4f has been registered twice for the same name tfg:core/hyperthermia.
[02:19:08] [Server thread/WARN] [FML]: *  at net.minecraftforge.registries.ForgeRegistry.add(ForgeRegistry.java:300)
[02:19:08] [Server thread/WARN] [FML]: *  at net.minecraftforge.registries.ForgeRegistry.add(ForgeRegistry.java:281)
[02:19:08] [Server thread/WARN] [FML]: *  at net.minecraftforge.registries.ForgeRegistry.register(ForgeRegistry.java:113)
[02:19:08] [Server thread/WARN] [FML]: *  at su.terrafirmagreg.api.library.collection.RegistrySupplierMap.lambda$register$0(RegistrySupplierMap.java:25)
[02:19:08] [Server thread/WARN] [FML]: *  at java.util.Map.forEach(Map.java:630)
[02:19:08] [Server thread/WARN] [FML]: *  at su.terrafirmagreg.api.library.collection.RegistrySupplierMap.register(RegistrySupplierMap.java:19)...
[02:19:08] [Server thread/WARN] [FML]: ****************************************
[02:19:08] [Server thread/WARN] [FML]: ****************************************
[02:19:08] [Server thread/WARN] [FML]: * Registry Potion: The object su.terrafirmagreg.modules.core.object.effect.EffectHypothermia@24a81587 has been registered twice for the same name tfg:core/hypothermia.
[02:19:08] [Server thread/WARN] [FML]: *  at net.minecraftforge.registries.ForgeRegistry.add(ForgeRegistry.java:300)
[02:19:08] [Server thread/WARN] [FML]: *  at net.minecraftforge.registries.ForgeRegistry.add(ForgeRegistry.java:281)
[02:19:08] [Server thread/WARN] [FML]: *  at net.minecraftforge.registries.ForgeRegistry.register(ForgeRegistry.java:113)
[02:19:08] [Server thread/WARN] [FML]: *  at su.terrafirmagreg.api.library.collection.RegistrySupplierMap.lambda$register$0(RegistrySupplierMap.java:25)
[02:19:08] [Server thread/WARN] [FML]: *  at java.util.Map.forEach(Map.java:630)
[02:19:08] [Server thread/WARN] [FML]: *  at su.terrafirmagreg.api.library.collection.RegistrySupplierMap.register(RegistrySupplierMap.java:19)...
[02:19:08] [Server thread/WARN] [FML]: ****************************************
[02:19:08] [Server thread/WARN] [FML]: ****************************************
[02:19:08] [Server thread/WARN] [FML]: * Registry Potion: The object su.terrafirmagreg.modules.core.object.effect.EffectResistCold@2fed5254 has been registered twice for the same name tfg:core/resist_cold.
[02:19:08] [Server thread/WARN] [FML]: *  at net.minecraftforge.registries.ForgeRegistry.add(ForgeRegistry.java:300)
[02:19:08] [Server thread/WARN] [FML]: *  at net.minecraftforge.registries.ForgeRegistry.add(ForgeRegistry.java:281)
[02:19:08] [Server thread/WARN] [FML]: *  at net.minecraftforge.registries.ForgeRegistry.register(ForgeRegistry.java:113)
[02:19:08] [Server thread/WARN] [FML]: *  at su.terrafirmagreg.api.library.collection.RegistrySupplierMap.lambda$register$0(RegistrySupplierMap.java:25)
[02:19:08] [Server thread/WARN] [FML]: *  at java.util.Map.forEach(Map.java:630)
[02:19:08] [Server thread/WARN] [FML]: *  at su.terrafirmagreg.api.library.collection.RegistrySupplierMap.register(RegistrySupplierMap.java:19)...
[02:19:08] [Server thread/WARN] [FML]: ****************************************
[02:19:08] [Server thread/WARN] [FML]: ****************************************
[02:19:08] [Server thread/WARN] [FML]: * Registry Potion: The object su.terrafirmagreg.modules.core.object.effect.EffectResistHeat@7c1a9612 has been registered twice for the same name tfg:core/resist_heat.
[02:19:08] [Server thread/WARN] [FML]: *  at net.minecraftforge.registries.ForgeRegistry.add(ForgeRegistry.java:300)
[02:19:08] [Server thread/WARN] [FML]: *  at net.minecraftforge.registries.ForgeRegistry.add(ForgeRegistry.java:281)
[02:19:08] [Server thread/WARN] [FML]: *  at net.minecraftforge.registries.ForgeRegistry.register(ForgeRegistry.java:113)
[02:19:08] [Server thread/WARN] [FML]: *  at su.terrafirmagreg.api.library.collection.RegistrySupplierMap.lambda$register$0(RegistrySupplierMap.java:25)
[02:19:08] [Server thread/WARN] [FML]: *  at java.util.Map.forEach(Map.java:630)
[02:19:08] [Server thread/WARN] [FML]: *  at su.terrafirmagreg.api.library.collection.RegistrySupplierMap.register(RegistrySupplierMap.java:19)...
[02:19:08] [Server thread/WARN] [FML]: ****************************************
[02:19:08] [Server thread/WARN] [FML]: ****************************************
[02:19:08] [Server thread/WARN] [FML]: * Registry Potion: The object su.terrafirmagreg.modules.core.object.effect.EffectCaffeine@22bc952a has been registered twice for the same name tfg:core/caffeine.
[02:19:08] [Server thread/WARN] [FML]: *  at net.minecraftforge.registries.ForgeRegistry.add(ForgeRegistry.java:300)
[02:19:08] [Server thread/WARN] [FML]: *  at net.minecraftforge.registries.ForgeRegistry.add(ForgeRegistry.java:281)
[02:19:08] [Server thread/WARN] [FML]: *  at net.minecraftforge.registries.ForgeRegistry.register(ForgeRegistry.java:113)
[02:19:08] [Server thread/WARN] [FML]: *  at su.terrafirmagreg.api.library.collection.RegistrySupplierMap.lambda$register$0(RegistrySupplierMap.java:25)
[02:19:08] [Server thread/WARN] [FML]: *  at java.util.Map.forEach(Map.java:630)
[02:19:08] [Server thread/WARN] [FML]: *  at su.terrafirmagreg.api.library.collection.RegistrySupplierMap.register(RegistrySupplierMap.java:19)...
[02:19:08] [Server thread/WARN] [FML]: ****************************************
[02:19:08] [Server thread/INFO] [TerraFirmaGreg-Core [ rock ]]: Register PotionEvent complete
[02:19:08] [Server thread/INFO] [TerraFirmaGreg-Core [ integration ]]: Register PotionEvent start
[02:19:08] [Server thread/WARN] [FML]: ****************************************
[02:19:08] [Server thread/WARN] [FML]: * Registry Potion: The object su.terrafirmagreg.modules.core.object.effect.EffectOverburdened@783ea474 has been registered twice for the same name tfg:core/overburdened.
[02:19:08] [Server thread/WARN] [FML]: *  at net.minecraftforge.registries.ForgeRegistry.add(ForgeRegistry.java:300)
[02:19:08] [Server thread/WARN] [FML]: *  at net.minecraftforge.registries.ForgeRegistry.add(ForgeRegistry.java:281)
[02:19:08] [Server thread/WARN] [FML]: *  at net.minecraftforge.registries.ForgeRegistry.register(ForgeRegistry.java:113)
[02:19:08] [Server thread/WARN] [FML]: *  at su.terrafirmagreg.api.library.collection.RegistrySupplierMap.lambda$register$0(RegistrySupplierMap.java:25)
[02:19:08] [Server thread/WARN] [FML]: *  at java.util.Map.forEach(Map.java:630)
[02:19:08] [Server thread/WARN] [FML]: *  at su.terrafirmagreg.api.library.collection.RegistrySupplierMap.register(RegistrySupplierMap.java:19)...
[02:19:08] [Server thread/WARN] [FML]: ****************************************
[02:19:08] [Server thread/WARN] [FML]: ****************************************
[02:19:08] [Server thread/WARN] [FML]: * Registry Potion: The object su.terrafirmagreg.modules.core.object.effect.EffectThirst@6df86c8f has been registered twice for the same name tfg:core/thirst.
[02:19:08] [Server thread/WARN] [FML]: *  at net.minecraftforge.registries.ForgeRegistry.add(ForgeRegistry.java:300)
[02:19:08] [Server thread/WARN] [FML]: *  at net.minecraftforge.registries.ForgeRegistry.add(ForgeRegistry.java:281)
[02:19:08] [Server thread/WARN] [FML]: *  at net.minecraftforge.registries.ForgeRegistry.register(ForgeRegistry.java:113)
[02:19:08] [Server thread/WARN] [FML]: *  at su.terrafirmagreg.api.library.collection.RegistrySupplierMap.lambda$register$0(RegistrySupplierMap.java:25)
[02:19:08] [Server thread/WARN] [FML]: *  at java.util.Map.forEach(Map.java:630)
[02:19:08] [Server thread/WARN] [FML]: *  at su.terrafirmagreg.api.library.collection.RegistrySupplierMap.register(RegistrySupplierMap.java:19)...
[02:19:08] [Server thread/WARN] [FML]: ****************************************
[02:19:08] [Server thread/WARN] [FML]: ****************************************
[02:19:08] [Server thread/WARN] [FML]: * Registry Potion: The object su.terrafirmagreg.modules.core.object.effect.EffectParasites@29e4554b has been registered twice for the same name tfg:core/parasites.
[02:19:08] [Server thread/WARN] [FML]: *  at net.minecraftforge.registries.ForgeRegistry.add(ForgeRegistry.java:300)
[02:19:08] [Server thread/WARN] [FML]: *  at net.minecraftforge.registries.ForgeRegistry.add(ForgeRegistry.java:281)
[02:19:08] [Server thread/WARN] [FML]: *  at net.minecraftforge.registries.ForgeRegistry.register(ForgeRegistry.java:113)
[02:19:08] [Server thread/WARN] [FML]: *  at su.terrafirmagreg.api.library.collection.RegistrySupplierMap.lambda$register$0(RegistrySupplierMap.java:25)
[02:19:08] [Server thread/WARN] [FML]: *  at java.util.Map.forEach(Map.java:630)
[02:19:08] [Server thread/WARN] [FML]: *  at su.terrafirmagreg.api.library.collection.RegistrySupplierMap.register(RegistrySupplierMap.java:19)...
[02:19:08] [Server thread/WARN] [FML]: ****************************************
[02:19:08] [Server thread/WARN] [FML]: ****************************************
[02:19:08] [Server thread/WARN] [FML]: * Registry Potion: The object su.terrafirmagreg.modules.core.object.effect.EffectSwarm@70a95de has been registered twice for the same name tfg:core/swarm.
[02:19:08] [Server thread/WARN] [FML]: *  at net.minecraftforge.registries.ForgeRegistry.add(ForgeRegistry.java:300)
[02:19:08] [Server thread/WARN] [FML]: *  at net.minecraftforge.registries.ForgeRegistry.add(ForgeRegistry.java:281)
[02:19:08] [Server thread/WARN] [FML]: *  at net.minecraftforge.registries.ForgeRegistry.register(ForgeRegistry.java:113)
[02:19:08] [Server thread/WARN] [FML]: *  at su.terrafirmagreg.api.library.collection.RegistrySupplierMap.lambda$register$0(RegistrySupplierMap.java:25)
[02:19:08] [Server thread/WARN] [FML]: *  at java.util.Map.forEach(Map.java:630)
[02:19:08] [Server thread/WARN] [FML]: *  at su.terrafirmagreg.api.library.collection.RegistrySupplierMap.register(RegistrySupplierMap.java:19)...
[02:19:08] [Server thread/WARN] [FML]: ****************************************
[02:19:08] [Server thread/WARN] [FML]: ****************************************
[02:19:08] [Server thread/WARN] [FML]: * Registry Potion: The object su.terrafirmagreg.modules.core.object.effect.EffectHyperthermia@a9a8c4f has been registered twice for the same name tfg:core/hyperthermia.
[02:19:08] [Server thread/WARN] [FML]: *  at net.minecraftforge.registries.ForgeRegistry.add(ForgeRegistry.java:300)
[02:19:08] [Server thread/WARN] [FML]: *  at net.minecraftforge.registries.ForgeRegistry.add(ForgeRegistry.java:281)
[02:19:08] [Server thread/WARN] [FML]: *  at net.minecraftforge.registries.ForgeRegistry.register(ForgeRegistry.java:113)
[02:19:08] [Server thread/WARN] [FML]: *  at su.terrafirmagreg.api.library.collection.RegistrySupplierMap.lambda$register$0(RegistrySupplierMap.java:25)
[02:19:08] [Server thread/WARN] [FML]: *  at java.util.Map.forEach(Map.java:630)
[02:19:08] [Server thread/WARN] [FML]: *  at su.terrafirmagreg.api.library.collection.RegistrySupplierMap.register(RegistrySupplierMap.java:19)...
[02:19:08] [Server thread/WARN] [FML]: ****************************************
[02:19:08] [Server thread/WARN] [FML]: ****************************************
[02:19:08] [Server thread/WARN] [FML]: * Registry Potion: The object su.terrafirmagreg.modules.core.object.effect.EffectHypothermia@24a81587 has been registered twice for the same name tfg:core/hypothermia.
[02:19:08] [Server thread/WARN] [FML]: *  at net.minecraftforge.registries.ForgeRegistry.add(ForgeRegistry.java:300)
[02:19:08] [Server thread/WARN] [FML]: *  at net.minecraftforge.registries.ForgeRegistry.add(ForgeRegistry.java:281)
[02:19:08] [Server thread/WARN] [FML]: *  at net.minecraftforge.registries.ForgeRegistry.register(ForgeRegistry.java:113)
[02:19:08] [Server thread/WARN] [FML]: *  at su.terrafirmagreg.api.library.collection.RegistrySupplierMap.lambda$register$0(RegistrySupplierMap.java:25)
[02:19:08] [Server thread/WARN] [FML]: *  at java.util.Map.forEach(Map.java:630)
[02:19:08] [Server thread/WARN] [FML]: *  at su.terrafirmagreg.api.library.collection.RegistrySupplierMap.register(RegistrySupplierMap.java:19)...
[02:19:08] [Server thread/WARN] [FML]: ****************************************
[02:19:08] [Server thread/WARN] [FML]: ****************************************
[02:19:08] [Server thread/WARN] [FML]: * Registry Potion: The object su.terrafirmagreg.modules.core.object.effect.EffectResistCold@2fed5254 has been registered twice for the same name tfg:core/resist_cold.
[02:19:08] [Server thread/WARN] [FML]: *  at net.minecraftforge.registries.ForgeRegistry.add(ForgeRegistry.java:300)
[02:19:08] [Server thread/WARN] [FML]: *  at net.minecraftforge.registries.ForgeRegistry.add(ForgeRegistry.java:281)
[02:19:08] [Server thread/WARN] [FML]: *  at net.minecraftforge.registries.ForgeRegistry.register(ForgeRegistry.java:113)
[02:19:08] [Server thread/WARN] [FML]: *  at su.terrafirmagreg.api.library.collection.RegistrySupplierMap.lambda$register$0(RegistrySupplierMap.java:25)
[02:19:08] [Server thread/WARN] [FML]: *  at java.util.Map.forEach(Map.java:630)
[02:19:08] [Server thread/WARN] [FML]: *  at su.terrafirmagreg.api.library.collection.RegistrySupplierMap.register(RegistrySupplierMap.java:19)...
[02:19:08] [Server thread/WARN] [FML]: ****************************************
[02:19:08] [Server thread/WARN] [FML]: ****************************************
[02:19:08] [Server thread/WARN] [FML]: * Registry Potion: The object su.terrafirmagreg.modules.core.object.effect.EffectResistHeat@7c1a9612 has been registered twice for the same name tfg:core/resist_heat.
[02:19:08] [Server thread/WARN] [FML]: *  at net.minecraftforge.registries.ForgeRegistry.add(ForgeRegistry.java:300)
[02:19:08] [Server thread/WARN] [FML]: *  at net.minecraftforge.registries.ForgeRegistry.add(ForgeRegistry.java:281)
[02:19:08] [Server thread/WARN] [FML]: *  at net.minecraftforge.registries.ForgeRegistry.register(ForgeRegistry.java:113)
[02:19:08] [Server thread/WARN] [FML]: *  at su.terrafirmagreg.api.library.collection.RegistrySupplierMap.lambda$register$0(RegistrySupplierMap.java:25)
[02:19:08] [Server thread/WARN] [FML]: *  at java.util.Map.forEach(Map.java:630)
[02:19:08] [Server thread/WARN] [FML]: *  at su.terrafirmagreg.api.library.collection.RegistrySupplierMap.register(RegistrySupplierMap.java:19)...
[02:19:08] [Server thread/WARN] [FML]: ****************************************
[02:19:08] [Server thread/WARN] [FML]: ****************************************
[02:19:08] [Server thread/WARN] [FML]: * Registry Potion: The object su.terrafirmagreg.modules.core.object.effect.EffectCaffeine@22bc952a has been registered twice for the same name tfg:core/caffeine.
[02:19:08] [Server thread/WARN] [FML]: *  at net.minecraftforge.registries.ForgeRegistry.add(ForgeRegistry.java:300)
[02:19:08] [Server thread/WARN] [FML]: *  at net.minecraftforge.registries.ForgeRegistry.add(ForgeRegistry.java:281)
[02:19:08] [Server thread/WARN] [FML]: *  at net.minecraftforge.registries.ForgeRegistry.register(ForgeRegistry.java:113)
[02:19:08] [Server thread/WARN] [FML]: *  at su.terrafirmagreg.api.library.collection.RegistrySupplierMap.lambda$register$0(RegistrySupplierMap.java:25)
[02:19:08] [Server thread/WARN] [FML]: *  at java.util.Map.forEach(Map.java:630)
[02:19:08] [Server thread/WARN] [FML]: *  at su.terrafirmagreg.api.library.collection.RegistrySupplierMap.register(RegistrySupplierMap.java:19)...
[02:19:08] [Server thread/WARN] [FML]: ****************************************
[02:19:08] [Server thread/INFO] [TerraFirmaGreg-Core [ integration ]]: Register PotionEvent complete
[02:19:08] [Server thread/INFO] [TerraFirmaGreg-Core [ integration ]]: Register PotionEvent start
[02:19:08] [Server thread/WARN] [FML]: ****************************************
[02:19:08] [Server thread/WARN] [FML]: * Registry Potion: The object su.terrafirmagreg.modules.core.object.effect.EffectOverburdened@783ea474 has been registered twice for the same name tfg:core/overburdened.
[02:19:08] [Server thread/WARN] [FML]: *  at net.minecraftforge.registries.ForgeRegistry.add(ForgeRegistry.java:300)
[02:19:08] [Server thread/WARN] [FML]: *  at net.minecraftforge.registries.ForgeRegistry.add(ForgeRegistry.java:281)
[02:19:08] [Server thread/WARN] [FML]: *  at net.minecraftforge.registries.ForgeRegistry.register(ForgeRegistry.java:113)
[02:19:08] [Server thread/WARN] [FML]: *  at su.terrafirmagreg.api.library.collection.RegistrySupplierMap.lambda$register$0(RegistrySupplierMap.java:25)
[02:19:08] [Server thread/WARN] [FML]: *  at java.util.Map.forEach(Map.java:630)
[02:19:08] [Server thread/WARN] [FML]: *  at su.terrafirmagreg.api.library.collection.RegistrySupplierMap.register(RegistrySupplierMap.java:19)...
[02:19:08] [Server thread/WARN] [FML]: ****************************************
[02:19:08] [Server thread/WARN] [FML]: ****************************************
[02:19:08] [Server thread/WARN] [FML]: * Registry Potion: The object su.terrafirmagreg.modules.core.object.effect.EffectThirst@6df86c8f has been registered twice for the same name tfg:core/thirst.
[02:19:08] [Server thread/WARN] [FML]: *  at net.minecraftforge.registries.ForgeRegistry.add(ForgeRegistry.java:300)
[02:19:08] [Server thread/WARN] [FML]: *  at net.minecraftforge.registries.ForgeRegistry.add(ForgeRegistry.java:281)
[02:19:08] [Server thread/WARN] [FML]: *  at net.minecraftforge.registries.ForgeRegistry.register(ForgeRegistry.java:113)
[02:19:08] [Server thread/WARN] [FML]: *  at su.terrafirmagreg.api.library.collection.RegistrySupplierMap.lambda$register$0(RegistrySupplierMap.java:25)
[02:19:08] [Server thread/WARN] [FML]: *  at java.util.Map.forEach(Map.java:630)
[02:19:08] [Server thread/WARN] [FML]: *  at su.terrafirmagreg.api.library.collection.RegistrySupplierMap.register(RegistrySupplierMap.java:19)...
[02:19:08] [Server thread/WARN] [FML]: ****************************************
[02:19:08] [Server thread/WARN] [FML]: ****************************************
[02:19:08] [Server thread/WARN] [FML]: * Registry Potion: The object su.terrafirmagreg.modules.core.object.effect.EffectParasites@29e4554b has been registered twice for the same name tfg:core/parasites.
[02:19:08] [Server thread/WARN] [FML]: *  at net.minecraftforge.registries.ForgeRegistry.add(ForgeRegistry.java:300)
[02:19:08] [Server thread/WARN] [FML]: *  at net.minecraftforge.registries.ForgeRegistry.add(ForgeRegistry.java:281)
[02:19:08] [Server thread/WARN] [FML]: *  at net.minecraftforge.registries.ForgeRegistry.register(ForgeRegistry.java:113)
[02:19:08] [Server thread/WARN] [FML]: *  at su.terrafirmagreg.api.library.collection.RegistrySupplierMap.lambda$register$0(RegistrySupplierMap.java:25)
[02:19:08] [Server thread/WARN] [FML]: *  at java.util.Map.forEach(Map.java:630)
[02:19:08] [Server thread/WARN] [FML]: *  at su.terrafirmagreg.api.library.collection.RegistrySupplierMap.register(RegistrySupplierMap.java:19)...
[02:19:08] [Server thread/WARN] [FML]: ****************************************
[02:19:08] [Server thread/WARN] [FML]: ****************************************
[02:19:08] [Server thread/WARN] [FML]: * Registry Potion: The object su.terrafirmagreg.modules.core.object.effect.EffectSwarm@70a95de has been registered twice for the same name tfg:core/swarm.
[02:19:08] [Server thread/WARN] [FML]: *  at net.minecraftforge.registries.ForgeRegistry.add(ForgeRegistry.java:300)
[02:19:08] [Server thread/WARN] [FML]: *  at net.minecraftforge.registries.ForgeRegistry.add(ForgeRegistry.java:281)
[02:19:08] [Server thread/WARN] [FML]: *  at net.minecraftforge.registries.ForgeRegistry.register(ForgeRegistry.java:113)
[02:19:08] [Server thread/WARN] [FML]: *  at su.terrafirmagreg.api.library.collection.RegistrySupplierMap.lambda$register$0(RegistrySupplierMap.java:25)
[02:19:08] [Server thread/WARN] [FML]: *  at java.util.Map.forEach(Map.java:630)
[02:19:08] [Server thread/WARN] [FML]: *  at su.terrafirmagreg.api.library.collection.RegistrySupplierMap.register(RegistrySupplierMap.java:19)...
[02:19:08] [Server thread/WARN] [FML]: ****************************************
[02:19:08] [Server thread/WARN] [FML]: ****************************************
[02:19:08] [Server thread/WARN] [FML]: * Registry Potion: The object su.terrafirmagreg.modules.core.object.effect.EffectHyperthermia@a9a8c4f has been registered twice for the same name tfg:core/hyperthermia.
[02:19:08] [Server thread/WARN] [FML]: *  at net.minecraftforge.registries.ForgeRegistry.add(ForgeRegistry.java:300)
[02:19:08] [Server thread/WARN] [FML]: *  at net.minecraftforge.registries.ForgeRegistry.add(ForgeRegistry.java:281)
[02:19:08] [Server thread/WARN] [FML]: *  at net.minecraftforge.registries.ForgeRegistry.register(ForgeRegistry.java:113)
[02:19:08] [Server thread/WARN] [FML]: *  at su.terrafirmagreg.api.library.collection.RegistrySupplierMap.lambda$register$0(RegistrySupplierMap.java:25)
[02:19:08] [Server thread/WARN] [FML]: *  at java.util.Map.forEach(Map.java:630)
[02:19:08] [Server thread/WARN] [FML]: *  at su.terrafirmagreg.api.library.collection.RegistrySupplierMap.register(RegistrySupplierMap.java:19)...
[02:19:08] [Server thread/WARN] [FML]: ****************************************
[02:19:08] [Server thread/WARN] [FML]: ****************************************
[02:19:08] [Server thread/WARN] [FML]: * Registry Potion: The object su.terrafirmagreg.modules.core.object.effect.EffectHypothermia@24a81587 has been registered twice for the same name tfg:core/hypothermia.
[02:19:08] [Server thread/WARN] [FML]: *  at net.minecraftforge.registries.ForgeRegistry.add(ForgeRegistry.java:300)
[02:19:08] [Server thread/WARN] [FML]: *  at net.minecraftforge.registries.ForgeRegistry.add(ForgeRegistry.java:281)
[02:19:08] [Server thread/WARN] [FML]: *  at net.minecraftforge.registries.ForgeRegistry.register(ForgeRegistry.java:113)
[02:19:08] [Server thread/WARN] [FML]: *  at su.terrafirmagreg.api.library.collection.RegistrySupplierMap.lambda$register$0(RegistrySupplierMap.java:25)
[02:19:08] [Server thread/WARN] [FML]: *  at java.util.Map.forEach(Map.java:630)
[02:19:08] [Server thread/WARN] [FML]: *  at su.terrafirmagreg.api.library.collection.RegistrySupplierMap.register(RegistrySupplierMap.java:19)...
[02:19:08] [Server thread/WARN] [FML]: ****************************************
[02:19:08] [Server thread/WARN] [FML]: ****************************************
[02:19:08] [Server thread/WARN] [FML]: * Registry Potion: The object su.terrafirmagreg.modules.core.object.effect.EffectResistCold@2fed5254 has been registered twice for the same name tfg:core/resist_cold.
[02:19:08] [Server thread/WARN] [FML]: *  at net.minecraftforge.registries.ForgeRegistry.add(ForgeRegistry.java:300)
[02:19:08] [Server thread/WARN] [FML]: *  at net.minecraftforge.registries.ForgeRegistry.add(ForgeRegistry.java:281)
[02:19:08] [Server thread/WARN] [FML]: *  at net.minecraftforge.registries.ForgeRegistry.register(ForgeRegistry.java:113)
[02:19:08] [Server thread/WARN] [FML]: *  at su.terrafirmagreg.api.library.collection.RegistrySupplierMap.lambda$register$0(RegistrySupplierMap.java:25)
[02:19:08] [Server thread/WARN] [FML]: *  at java.util.Map.forEach(Map.java:630)
[02:19:08] [Server thread/WARN] [FML]: *  at su.terrafirmagreg.api.library.collection.RegistrySupplierMap.register(RegistrySupplierMap.java:19)...
[02:19:08] [Server thread/WARN] [FML]: ****************************************
[02:19:08] [Server thread/WARN] [FML]: ****************************************
[02:19:08] [Server thread/WARN] [FML]: * Registry Potion: The object su.terrafirmagreg.modules.core.object.effect.EffectResistHeat@7c1a9612 has been registered twice for the same name tfg:core/resist_heat.
[02:19:08] [Server thread/WARN] [FML]: *  at net.minecraftforge.registries.ForgeRegistry.add(ForgeRegistry.java:300)
[02:19:08] [Server thread/WARN] [FML]: *  at net.minecraftforge.registries.ForgeRegistry.add(ForgeRegistry.java:281)
[02:19:08] [Server thread/WARN] [FML]: *  at net.minecraftforge.registries.ForgeRegistry.register(ForgeRegistry.java:113)
[02:19:08] [Server thread/WARN] [FML]: *  at su.terrafirmagreg.api.library.collection.RegistrySupplierMap.lambda$register$0(RegistrySupplierMap.java:25)
[02:19:08] [Server thread/WARN] [FML]: *  at java.util.Map.forEach(Map.java:630)
[02:19:08] [Server thread/WARN] [FML]: *  at su.terrafirmagreg.api.library.collection.RegistrySupplierMap.register(RegistrySupplierMap.java:19)...
[02:19:08] [Server thread/WARN] [FML]: ****************************************
[02:19:08] [Server thread/WARN] [FML]: ****************************************
[02:19:08] [Server thread/WARN] [FML]: * Registry Potion: The object su.terrafirmagreg.modules.core.object.effect.EffectCaffeine@22bc952a has been registered twice for the same name tfg:core/caffeine.
[02:19:08] [Server thread/WARN] [FML]: *  at net.minecraftforge.registries.ForgeRegistry.add(ForgeRegistry.java:300)
[02:19:08] [Server thread/WARN] [FML]: *  at net.minecraftforge.registries.ForgeRegistry.add(ForgeRegistry.java:281)
[02:19:08] [Server thread/WARN] [FML]: *  at net.minecraftforge.registries.ForgeRegistry.register(ForgeRegistry.java:113)
[02:19:08] [Server thread/WARN] [FML]: *  at su.terrafirmagreg.api.library.collection.RegistrySupplierMap.lambda$register$0(RegistrySupplierMap.java:25)
[02:19:08] [Server thread/WARN] [FML]: *  at java.util.Map.forEach(Map.java:630)
[02:19:08] [Server thread/WARN] [FML]: *  at su.terrafirmagreg.api.library.collection.RegistrySupplierMap.register(RegistrySupplierMap.java:19)...
[02:19:08] [Server thread/WARN] [FML]: ****************************************
[02:19:08] [Server thread/INFO] [TerraFirmaGreg-Core [ integration ]]: Register PotionEvent complete
[02:19:08] [Server thread/INFO] [TerraFirmaGreg-Core [ core ]]: Register PotionEvent start
[02:19:08] [Server thread/WARN] [FML]: ****************************************
[02:19:08] [Server thread/WARN] [FML]: * Registry Potion: The object su.terrafirmagreg.modules.core.object.effect.EffectOverburdened@783ea474 has been registered twice for the same name tfg:core/overburdened.
[02:19:08] [Server thread/WARN] [FML]: *  at net.minecraftforge.registries.ForgeRegistry.add(ForgeRegistry.java:300)
[02:19:08] [Server thread/WARN] [FML]: *  at net.minecraftforge.registries.ForgeRegistry.add(ForgeRegistry.java:281)
[02:19:08] [Server thread/WARN] [FML]: *  at net.minecraftforge.registries.ForgeRegistry.register(ForgeRegistry.java:113)
[02:19:08] [Server thread/WARN] [FML]: *  at su.terrafirmagreg.api.library.collection.RegistrySupplierMap.lambda$register$0(RegistrySupplierMap.java:25)
[02:19:08] [Server thread/WARN] [FML]: *  at java.util.Map.forEach(Map.java:630)
[02:19:08] [Server thread/WARN] [FML]: *  at su.terrafirmagreg.api.library.collection.RegistrySupplierMap.register(RegistrySupplierMap.java:19)...
[02:19:08] [Server thread/WARN] [FML]: ****************************************
[02:19:08] [Server thread/WARN] [FML]: ****************************************
[02:19:08] [Server thread/WARN] [FML]: * Registry Potion: The object su.terrafirmagreg.modules.core.object.effect.EffectThirst@6df86c8f has been registered twice for the same name tfg:core/thirst.
[02:19:08] [Server thread/WARN] [FML]: *  at net.minecraftforge.registries.ForgeRegistry.add(ForgeRegistry.java:300)
[02:19:08] [Server thread/WARN] [FML]: *  at net.minecraftforge.registries.ForgeRegistry.add(ForgeRegistry.java:281)
[02:19:08] [Server thread/WARN] [FML]: *  at net.minecraftforge.registries.ForgeRegistry.register(ForgeRegistry.java:113)
[02:19:08] [Server thread/WARN] [FML]: *  at su.terrafirmagreg.api.library.collection.RegistrySupplierMap.lambda$register$0(RegistrySupplierMap.java:25)
[02:19:08] [Server thread/WARN] [FML]: *  at java.util.Map.forEach(Map.java:630)
[02:19:08] [Server thread/WARN] [FML]: *  at su.terrafirmagreg.api.library.collection.RegistrySupplierMap.register(RegistrySupplierMap.java:19)...
[02:19:08] [Server thread/WARN] [FML]: ****************************************
[02:19:08] [Server thread/WARN] [FML]: ****************************************
[02:19:08] [Server thread/WARN] [FML]: * Registry Potion: The object su.terrafirmagreg.modules.core.object.effect.EffectParasites@29e4554b has been registered twice for the same name tfg:core/parasites.
[02:19:08] [Server thread/WARN] [FML]: *  at net.minecraftforge.registries.ForgeRegistry.add(ForgeRegistry.java:300)
[02:19:08] [Server thread/WARN] [FML]: *  at net.minecraftforge.registries.ForgeRegistry.add(ForgeRegistry.java:281)
[02:19:08] [Server thread/WARN] [FML]: *  at net.minecraftforge.registries.ForgeRegistry.register(ForgeRegistry.java:113)
[02:19:08] [Server thread/WARN] [FML]: *  at su.terrafirmagreg.api.library.collection.RegistrySupplierMap.lambda$register$0(RegistrySupplierMap.java:25)
[02:19:08] [Server thread/WARN] [FML]: *  at java.util.Map.forEach(Map.java:630)
[02:19:08] [Server thread/WARN] [FML]: *  at su.terrafirmagreg.api.library.collection.RegistrySupplierMap.register(RegistrySupplierMap.java:19)...
[02:19:08] [Server thread/WARN] [FML]: ****************************************
[02:19:08] [Server thread/WARN] [FML]: ****************************************
[02:19:08] [Server thread/WARN] [FML]: * Registry Potion: The object su.terrafirmagreg.modules.core.object.effect.EffectSwarm@70a95de has been registered twice for the same name tfg:core/swarm.
[02:19:08] [Server thread/WARN] [FML]: *  at net.minecraftforge.registries.ForgeRegistry.add(ForgeRegistry.java:300)
[02:19:08] [Server thread/WARN] [FML]: *  at net.minecraftforge.registries.ForgeRegistry.add(ForgeRegistry.java:281)
[02:19:08] [Server thread/WARN] [FML]: *  at net.minecraftforge.registries.ForgeRegistry.register(ForgeRegistry.java:113)
[02:19:08] [Server thread/WARN] [FML]: *  at su.terrafirmagreg.api.library.collection.RegistrySupplierMap.lambda$register$0(RegistrySupplierMap.java:25)
[02:19:08] [Server thread/WARN] [FML]: *  at java.util.Map.forEach(Map.java:630)
[02:19:08] [Server thread/WARN] [FML]: *  at su.terrafirmagreg.api.library.collection.RegistrySupplierMap.register(RegistrySupplierMap.java:19)...
[02:19:08] [Server thread/WARN] [FML]: ****************************************
[02:19:08] [Server thread/WARN] [FML]: ****************************************
[02:19:08] [Server thread/WARN] [FML]: * Registry Potion: The object su.terrafirmagreg.modules.core.object.effect.EffectHyperthermia@a9a8c4f has been registered twice for the same name tfg:core/hyperthermia.
[02:19:08] [Server thread/WARN] [FML]: *  at net.minecraftforge.registries.ForgeRegistry.add(ForgeRegistry.java:300)
[02:19:08] [Server thread/WARN] [FML]: *  at net.minecraftforge.registries.ForgeRegistry.add(ForgeRegistry.java:281)
[02:19:08] [Server thread/WARN] [FML]: *  at net.minecraftforge.registries.ForgeRegistry.register(ForgeRegistry.java:113)
[02:19:08] [Server thread/WARN] [FML]: *  at su.terrafirmagreg.api.library.collection.RegistrySupplierMap.lambda$register$0(RegistrySupplierMap.java:25)
[02:19:08] [Server thread/WARN] [FML]: *  at java.util.Map.forEach(Map.java:630)
[02:19:08] [Server thread/WARN] [FML]: *  at su.terrafirmagreg.api.library.collection.RegistrySupplierMap.register(RegistrySupplierMap.java:19)...
[02:19:08] [Server thread/WARN] [FML]: ****************************************
[02:19:08] [Server thread/WARN] [FML]: ****************************************
[02:19:08] [Server thread/WARN] [FML]: * Registry Potion: The object su.terrafirmagreg.modules.core.object.effect.EffectHypothermia@24a81587 has been registered twice for the same name tfg:core/hypothermia.
[02:19:08] [Server thread/WARN] [FML]: *  at net.minecraftforge.registries.ForgeRegistry.add(ForgeRegistry.java:300)
[02:19:08] [Server thread/WARN] [FML]: *  at net.minecraftforge.registries.ForgeRegistry.add(ForgeRegistry.java:281)
[02:19:08] [Server thread/WARN] [FML]: *  at net.minecraftforge.registries.ForgeRegistry.register(ForgeRegistry.java:113)
[02:19:08] [Server thread/WARN] [FML]: *  at su.terrafirmagreg.api.library.collection.RegistrySupplierMap.lambda$register$0(RegistrySupplierMap.java:25)
[02:19:08] [Server thread/WARN] [FML]: *  at java.util.Map.forEach(Map.java:630)
[02:19:08] [Server thread/WARN] [FML]: *  at su.terrafirmagreg.api.library.collection.RegistrySupplierMap.register(RegistrySupplierMap.java:19)...
[02:19:08] [Server thread/WARN] [FML]: ****************************************
[02:19:08] [Server thread/WARN] [FML]: ****************************************
[02:19:08] [Server thread/WARN] [FML]: * Registry Potion: The object su.terrafirmagreg.modules.core.object.effect.EffectResistCold@2fed5254 has been registered twice for the same name tfg:core/resist_cold.
[02:19:08] [Server thread/WARN] [FML]: *  at net.minecraftforge.registries.ForgeRegistry.add(ForgeRegistry.java:300)
[02:19:08] [Server thread/WARN] [FML]: *  at net.minecraftforge.registries.ForgeRegistry.add(ForgeRegistry.java:281)
[02:19:08] [Server thread/WARN] [FML]: *  at net.minecraftforge.registries.ForgeRegistry.register(ForgeRegistry.java:113)
[02:19:08] [Server thread/WARN] [FML]: *  at su.terrafirmagreg.api.library.collection.RegistrySupplierMap.lambda$register$0(RegistrySupplierMap.java:25)
[02:19:08] [Server thread/WARN] [FML]: *  at java.util.Map.forEach(Map.java:630)
[02:19:08] [Server thread/WARN] [FML]: *  at su.terrafirmagreg.api.library.collection.RegistrySupplierMap.register(RegistrySupplierMap.java:19)...
[02:19:08] [Server thread/WARN] [FML]: ****************************************
[02:19:08] [Server thread/WARN] [FML]: ****************************************
[02:19:08] [Server thread/WARN] [FML]: * Registry Potion: The object su.terrafirmagreg.modules.core.object.effect.EffectResistHeat@7c1a9612 has been registered twice for the same name tfg:core/resist_heat.
[02:19:08] [Server thread/WARN] [FML]: *  at net.minecraftforge.registries.ForgeRegistry.add(ForgeRegistry.java:300)
[02:19:08] [Server thread/WARN] [FML]: *  at net.minecraftforge.registries.ForgeRegistry.add(ForgeRegistry.java:281)
[02:19:08] [Server thread/WARN] [FML]: *  at net.minecraftforge.registries.ForgeRegistry.register(ForgeRegistry.java:113)
[02:19:08] [Server thread/WARN] [FML]: *  at su.terrafirmagreg.api.library.collection.RegistrySupplierMap.lambda$register$0(RegistrySupplierMap.java:25)
[02:19:08] [Server thread/WARN] [FML]: *  at java.util.Map.forEach(Map.java:630)
[02:19:08] [Server thread/WARN] [FML]: *  at su.terrafirmagreg.api.library.collection.RegistrySupplierMap.register(RegistrySupplierMap.java:19)...
[02:19:08] [Server thread/WARN] [FML]: ****************************************
[02:19:08] [Server thread/WARN] [FML]: ****************************************
[02:19:08] [Server thread/WARN] [FML]: * Registry Potion: The object su.terrafirmagreg.modules.core.object.effect.EffectCaffeine@22bc952a has been registered twice for the same name tfg:core/caffeine.
[02:19:08] [Server thread/WARN] [FML]: *  at net.minecraftforge.registries.ForgeRegistry.add(ForgeRegistry.java:300)
[02:19:08] [Server thread/WARN] [FML]: *  at net.minecraftforge.registries.ForgeRegistry.add(ForgeRegistry.java:281)
[02:19:08] [Server thread/WARN] [FML]: *  at net.minecraftforge.registries.ForgeRegistry.register(ForgeRegistry.java:113)
[02:19:08] [Server thread/WARN] [FML]: *  at su.terrafirmagreg.api.library.collection.RegistrySupplierMap.lambda$register$0(RegistrySupplierMap.java:25)
[02:19:08] [Server thread/WARN] [FML]: *  at java.util.Map.forEach(Map.java:630)
[02:19:08] [Server thread/WARN] [FML]: *  at su.terrafirmagreg.api.library.collection.RegistrySupplierMap.register(RegistrySupplierMap.java:19)...
[02:19:08] [Server thread/WARN] [FML]: ****************************************
[02:19:08] [Server thread/INFO] [TerraFirmaGreg-Core [ core ]]: Register PotionEvent complete
[02:19:08] [Server thread/INFO] [TerraFirmaGreg-Core [ device ]]: Register PotionTypeEvent start
[02:19:08] [Server thread/INFO] [TerraFirmaGreg-Core [ device ]]: Register PotionTypeEvent complete
[02:19:08] [Server thread/INFO] [TerraFirmaGreg-Core [ metal ]]: Register PotionTypeEvent start
[02:19:08] [Server thread/INFO] [TerraFirmaGreg-Core [ metal ]]: Register PotionTypeEvent complete
[02:19:08] [Server thread/INFO] [TerraFirmaGreg-Core [ rock ]]: Register PotionTypeEvent start
[02:19:08] [Server thread/INFO] [TerraFirmaGreg-Core [ rock ]]: Register PotionTypeEvent complete
[02:19:08] [Server thread/INFO] [TerraFirmaGreg-Core [ integration ]]: Register PotionTypeEvent start
[02:19:08] [Server thread/INFO] [TerraFirmaGreg-Core [ integration ]]: Register PotionTypeEvent complete
[02:19:08] [Server thread/INFO] [TerraFirmaGreg-Core [ integration ]]: Register PotionTypeEvent start
[02:19:08] [Server thread/INFO] [TerraFirmaGreg-Core [ integration ]]: Register PotionTypeEvent complete
[02:19:08] [Server thread/INFO] [TerraFirmaGreg-Core [ core ]]: Register PotionTypeEvent start
[02:19:08] [Server thread/INFO] [TerraFirmaGreg-Core [ core ]]: Register PotionTypeEvent complete
[02:19:08] [Server thread/INFO] [TerraFirmaGreg-Core [ device ]]: Register SoundEvent start
[02:19:08] [Server thread/INFO] [TerraFirmaGreg-Core [ device ]]: Register SoundEvent complete
[02:19:08] [Server thread/INFO] [TerraFirmaGreg-Core [ metal ]]: Register SoundEvent start
[02:19:08] [Server thread/INFO] [TerraFirmaGreg-Core [ metal ]]: Register SoundEvent complete
[02:19:08] [Server thread/INFO] [TerraFirmaGreg-Core [ rock ]]: Register SoundEvent start
[02:19:08] [Server thread/INFO] [TerraFirmaGreg-Core [ rock ]]: Register SoundEvent complete
[02:19:08] [Server thread/INFO] [TerraFirmaGreg-Core [ integration ]]: Register SoundEvent start
[02:19:08] [Server thread/INFO] [TerraFirmaGreg-Core [ integration ]]: Register SoundEvent complete
[02:19:08] [Server thread/INFO] [TerraFirmaGreg-Core [ integration ]]: Register SoundEvent start
[02:19:08] [Server thread/INFO] [TerraFirmaGreg-Core [ integration ]]: Register SoundEvent complete
[02:19:08] [Server thread/INFO] [TerraFirmaGreg-Core [ core ]]: Register SoundEvent start
[02:19:08] [Server thread/INFO] [TerraFirmaGreg-Core [ core ]]: Register SoundEvent complete
[02:19:08] [Server thread/INFO] [TerraFirmaGreg-Core [ device ]]: Register VillagerProfessionEvent start
[02:19:08] [Server thread/INFO] [TerraFirmaGreg-Core [ device ]]: Register VillagerProfessionEvent complete
[02:19:08] [Server thread/INFO] [TerraFirmaGreg-Core [ metal ]]: Register VillagerProfessionEvent start
[02:19:08] [Server thread/INFO] [TerraFirmaGreg-Core [ metal ]]: Register VillagerProfessionEvent complete
[02:19:08] [Server thread/INFO] [TerraFirmaGreg-Core [ rock ]]: Register VillagerProfessionEvent start
[02:19:08] [Server thread/INFO] [TerraFirmaGreg-Core [ rock ]]: Register VillagerProfessionEvent complete
[02:19:08] [Server thread/INFO] [TerraFirmaGreg-Core [ integration ]]: Register VillagerProfessionEvent start
[02:19:08] [Server thread/INFO] [TerraFirmaGreg-Core [ integration ]]: Register VillagerProfessionEvent complete
[02:19:08] [Server thread/INFO] [TerraFirmaGreg-Core [ integration ]]: Register VillagerProfessionEvent start
[02:19:08] [Server thread/INFO] [TerraFirmaGreg-Core [ integration ]]: Register VillagerProfessionEvent complete
[02:19:08] [Server thread/INFO] [TerraFirmaGreg-Core [ core ]]: Register VillagerProfessionEvent start
[02:19:08] [Server thread/INFO] [TerraFirmaGreg-Core [ core ]]: Register VillagerProfessionEvent complete
[02:19:08] [Server thread/INFO] [firmalife]: Removed barrel recipe from tfc:milk_vinegar
[02:19:08] [Server thread/INFO] [firmalife]: Removed barrel recipe from tfc:curdled_milk
[02:19:08] [Server thread/INFO] [firmalife]: Removed barrel recipe from tfc:cheese
[02:19:08] [Server thread/INFO] [tfcflorae]: Removed barrel recipe tfc:sugar
[02:19:08] [Server thread/INFO] [tfcflorae]: Removed barrel recipe tfc:beer
[02:19:08] [Server thread/INFO] [tfcflorae]: Removed barrel recipe tfc:sake
[02:19:08] [Server thread/INFO] [firmalife]: Removed heating recipe tfc:barley_bread
[02:19:08] [Server thread/INFO] [firmalife]: Removed heating recipe tfc:cornbread
[02:19:08] [Server thread/INFO] [firmalife]: Removed heating recipe tfc:oat_bread
[02:19:08] [Server thread/INFO] [firmalife]: Removed heating recipe tfc:rice_bread
[02:19:08] [Server thread/INFO] [firmalife]: Removed heating recipe tfc:rye_bread
[02:19:08] [Server thread/INFO] [firmalife]: Removed heating recipe tfc:wheat_bread
[02:19:08] [Server thread/INFO] [FML]: Applying holder lookups
[02:19:08] [Server thread/INFO] [FML]: Holder lookups applied
[02:19:08] [Server thread/INFO] [FML]: Applying holder lookups
[02:19:08] [Server thread/INFO] [FML]: Holder lookups applied
[02:19:08] [Server thread/INFO] [FML]: Injecting itemstacks
[02:19:08] [Server thread/INFO] [FML]: Itemstack injection complete
[02:19:08] [Server thread/INFO] [net.minecraft.server.dedicated.DedicatedServer]: Loading properties
[02:19:08] [Server thread/INFO] [net.minecraft.server.dedicated.DedicatedServer]: Default game type: SURVIVAL
[02:19:08] [Server thread/INFO] [net.minecraft.server.dedicated.DedicatedServer]: Generating keypair
[02:19:08] [Server thread/INFO] [net.minecraft.server.dedicated.DedicatedServer]: Starting Minecraft server on *:25565
[02:19:08] [Server thread/INFO] [net.minecraft.network.NetworkSystem]: Using epoll channel type
[02:19:08] [Server thread/WARN] [net.minecraft.server.dedicated.DedicatedServer]: **** SERVER IS RUNNING IN OFFLINE/INSECURE MODE!
[02:19:08] [Server thread/WARN] [net.minecraft.server.dedicated.DedicatedServer]: The server will make no attempt to authenticate usernames. Beware.
[02:19:08] [Server thread/WARN] [net.minecraft.server.dedicated.DedicatedServer]: While this makes the game possible to play without internet access, it also opens up the ability for hackers to connect with any username they choose.
[02:19:08] [Server thread/WARN] [net.minecraft.server.dedicated.DedicatedServer]: To change this, set "online-mode" to "true" in the server.properties file.
[02:19:08] [Server thread/INFO] [bogosorter]: Applied PIM tryHarvestBlock ASM
[02:19:08] [Server thread/INFO] [bogosorter]: Applied PIM processRightClick ASM
[02:19:09] [Server thread/ERROR] [FML]: Error loading _constants.json: 
com.google.gson.JsonSyntaxException: Unknown item 'appliedenergistics2:nether_quartz_cutting_knife'
	at net.minecraftforge.common.crafting.CraftingHelper.getItemStackBasic(CraftingHelper.java:262) ~[CraftingHelper.class:?]
	at net.minecraftforge.common.crafting.CraftingHelper.lambda$init$16(CraftingHelper.java:544) ~[CraftingHelper.class:?]
	at net.minecraftforge.common.crafting.CraftingHelper.getIngredient(CraftingHelper.java:204) ~[CraftingHelper.class:?]
	at net.minecraftforge.common.crafting.CraftingHelper.lambda$getIngredient$0(CraftingHelper.java:152) ~[CraftingHelper.class:?]
	at java.lang.Iterable.forEach(Iterable.java:75) ~[?:1.8.0_492]
	at net.minecraftforge.common.crafting.CraftingHelper.getIngredient(CraftingHelper.java:150) ~[CraftingHelper.class:?]
	at net.minecraftforge.common.crafting.JsonContext.loadConstants(JsonContext.java:69) ~[JsonContext.class:?]
	at net.minecraftforge.common.crafting.CraftingHelper.lambda$loadRecipes$21(CraftingHelper.java:697) ~[CraftingHelper.class:?]
	at net.minecraftforge.common.crafting.CraftingHelper.findFiles(CraftingHelper.java:813) ~[CraftingHelper.class:?]
	at net.minecraftforge.common.crafting.CraftingHelper.loadRecipes(CraftingHelper.java:688) ~[CraftingHelper.class:?]
	at java.util.ArrayList.forEach(ArrayList.java:1259) [?:1.8.0_492]
	at net.minecraftforge.common.crafting.CraftingHelper.loadRecipes(CraftingHelper.java:633) [CraftingHelper.class:?]
	at net.minecraftforge.fml.common.Loader.initializeMods(Loader.java:747) [Loader.class:?]
	at net.minecraftforge.fml.server.FMLServerHandler.finishServerLoading(FMLServerHandler.java:108) [FMLServerHandler.class:?]
	at net.minecraftforge.fml.common.FMLCommonHandler.onServerStarted(FMLCommonHandler.java:338) [FMLCommonHandler.class:?]
	at net.minecraft.server.dedicated.DedicatedServer.func_71197_b(DedicatedServer.java:219) [nz.class:?]
	at net.minecraft.server.MinecraftServer.run(MinecraftServer.java:1802) [MinecraftServer.class:?]
	at java.lang.Thread.run(Thread.java:750) [?:1.8.0_492]
[02:19:09] [Server thread/WARN] [pl.asie.charset.ModCharset]: Could not create IOutputSupplierFactory pl.asie.charset.module.storage.barrels.BarrelCartOutputSupplier: pl.asie.charset.module.storage.barrels.BarrelCartOutputSupplier
[02:19:09] [Server thread/WARN] [pl.asie.charset.ModCharset]: Could not create IOutputSupplierFactory pl.asie.charset.module.storage.barrels.BarrelUpgradeOutputSupplier$Factory: pl.asie.charset.module.storage.barrels.BarrelUpgradeOutputSupplier$Factory
[02:19:09] [Server thread/WARN] [pl.asie.charset.ModCharset]: Could not create IOutputSupplierFactory pl.asie.charset.module.storage.locks.KeyOutputSupplier$Factory: pl.asie.charset.module.storage.locks.KeyOutputSupplier$Factory
[02:19:09] [Server thread/WARN] [pl.asie.charset.ModCharset]: Could not create IOutputSupplierFactory pl.asie.charset.module.storage.locks.LockOutputSupplier$Factory: pl.asie.charset.module.storage.locks.LockOutputSupplier$Factory
[02:19:11] [Server thread/INFO] [Chisel]: Loading recipes...
[02:19:11] [Server thread/INFO] [Chisel]: Skipping feature andesite as it was disabled in the config.
[02:19:11] [Server thread/INFO] [Chisel]: Skipping feature arcaneStone as its required mod thaumcraft was missing.
[02:19:11] [Server thread/INFO] [Chisel]: Skipping feature basalt as it was disabled in the config.
[02:19:11] [Server thread/INFO] [Chisel]: Skipping feature bloodMagic as its required mod bloodmagic was missing.
[02:19:11] [Server thread/INFO] [Chisel]: Skipping feature bookshelf as it was disabled in the config.
[02:19:11] [Server thread/INFO] [Chisel]: Skipping feature diorite as it was disabled in the config.
[02:19:11] [Server thread/INFO] [Chisel]: Skipping feature dirt as it was disabled in the config.
[02:19:11] [Server thread/INFO] [Chisel]: Skipping feature granite as it was disabled in the config.
[02:19:11] [Server thread/INFO] [Chisel]: Skipping feature marble as it was disabled in the config.
[02:19:11] [Server thread/INFO] [Chisel]: Skipping feature marblepillar as it was disabled in the config.
[02:19:11] [Server thread/INFO] [Chisel]: Skipping feature sandstone as it was disabled in the config.
[02:19:11] [Server thread/INFO] [Chisel]: Skipping feature sandstoneRed as it was disabled in the config.
[02:19:11] [Server thread/INFO] [Chisel]: Skipping feature sandstoneredScribbles as it was disabled in the config.
[02:19:11] [Server thread/INFO] [Chisel]: 62 Feature's recipes loaded.
[02:19:11] [Server thread/INFO] [GregTech]: Registering ore dictionary...
[02:19:11] [Server thread/INFO] [GregTech]: Registering OreDict entries.
[02:19:11] [Server thread/INFO] [GregTech]: Registering recipes...
[02:19:12] [Server thread/INFO] [GregTech]: Modifying vanilla recipes according to config. DON'T BE SCARED OF FML's WARNING ABOUT DANGEROUS ALTERNATIVE PREFIX.
[02:19:12] [Server thread/INFO] [gcym]: Registering recipes...
[02:19:12] [Server thread/INFO] [TerraFirmaGreg-Core [ device ]]: Register RecipeEvent start
[02:19:12] [Server thread/INFO] [TerraFirmaGreg-Core [ device ]]: Register RecipeEvent complete
[02:19:12] [Server thread/INFO] [TerraFirmaGreg-Core [ metal ]]: Register RecipeEvent start
[02:19:12] [Server thread/INFO] [TerraFirmaGreg-Core [ metal ]]: Register RecipeEvent complete
[02:19:12] [Server thread/INFO] [TerraFirmaGreg-Core [ rock ]]: Register RecipeEvent start
[02:19:12] [Server thread/INFO] [TerraFirmaGreg-Core [ rock ]]: Register RecipeEvent complete
[02:19:12] [Server thread/INFO] [TerraFirmaGreg-Core [ integration ]]: Register RecipeEvent start
[02:19:12] [Server thread/INFO] [TerraFirmaGreg-Core [ integration ]]: Register RecipeEvent complete
[02:19:12] [Server thread/INFO] [TerraFirmaGreg-Core [ integration ]]: Register RecipeEvent start
[02:19:12] [Server thread/INFO] [TerraFirmaGreg-Core [ integration ]]: Register RecipeEvent complete
[02:19:12] [Server thread/INFO] [TerraFirmaGreg-Core [ core ]]: Register RecipeEvent start
[02:19:12] [Server thread/INFO] [TerraFirmaGreg-Core [ core ]]: Register RecipeEvent complete
[02:19:12] [Server thread/INFO] [firmalife]: Removed crafting recipe tfc:food/barley/barley_dough
[02:19:12] [Server thread/INFO] [firmalife]: Removed crafting recipe tfc:food/cornmeal/cornmeal_dough
[02:19:12] [Server thread/INFO] [firmalife]: Removed crafting recipe tfc:food/oat/oat_dough
[02:19:12] [Server thread/INFO] [firmalife]: Removed crafting recipe tfc:food/rice/rice_dough
[02:19:12] [Server thread/INFO] [firmalife]: Removed crafting recipe tfc:food/rye/rye_dough
[02:19:12] [Server thread/INFO] [firmalife]: Removed crafting recipe tfc:food/wheat/wheat_dough
[02:19:12] [Server thread/INFO] [firmalife]: Removed crafting recipe tfc:food/barley/barley_bread_sandwich
[02:19:12] [Server thread/INFO] [firmalife]: Removed crafting recipe tfc:food/cornmeal/cornbread_sandwich
[02:19:12] [Server thread/INFO] [firmalife]: Removed crafting recipe tfc:food/oat/oat_bread_sandwich
[02:19:12] [Server thread/INFO] [firmalife]: Removed crafting recipe tfc:food/rice/rice_bread_sandwich
[02:19:12] [Server thread/INFO] [firmalife]: Removed crafting recipe tfc:food/rye/rye_bread_sandwich
[02:19:12] [Server thread/INFO] [firmalife]: Removed crafting recipe tfc:food/wheat/wheat_bread_sandwich
[02:19:12] [Server thread/INFO] [firmalife]: Removed crafting recipe tfcflorae:food/dough/amaranth
[02:19:12] [Server thread/INFO] [firmalife]: Removed crafting recipe tfcflorae:food/dough/buckwheat
[02:19:12] [Server thread/INFO] [firmalife]: Removed crafting recipe tfcflorae:food/dough/fonio
[02:19:12] [Server thread/INFO] [firmalife]: Removed crafting recipe tfcflorae:food/dough/millet
[02:19:12] [Server thread/INFO] [firmalife]: Removed crafting recipe tfcflorae:food/dough/quinoa
[02:19:12] [Server thread/INFO] [firmalife]: Removed crafting recipe tfcflorae:food/dough/spelt
[02:19:12] [Server thread/INFO] [firmalife]: Removed crafting recipe tfcflorae:food/sandwich/amaranth
[02:19:12] [Server thread/INFO] [firmalife]: Removed crafting recipe tfcflorae:food/sandwich/buckwheat
[02:19:12] [Server thread/INFO] [firmalife]: Removed crafting recipe tfcflorae:food/sandwich/fonio
[02:19:12] [Server thread/INFO] [firmalife]: Removed crafting recipe tfcflorae:food/sandwich/millet
[02:19:12] [Server thread/INFO] [firmalife]: Removed crafting recipe tfcflorae:food/sandwich/quinoa
[02:19:12] [Server thread/INFO] [firmalife]: Removed crafting recipe tfcflorae:food/sandwich/spelt
[02:19:12] [Server thread/INFO] [GregTech]: Running early material handlers...
[02:19:13] [Server thread/INFO] [FML]: Ignored smelting recipe with conflicting input: 1xtile.basic_block_core.0@5 = 1xitem.basic_item@3
[02:19:13] [Server thread/INFO] [FML]: Ignored smelting recipe with conflicting input: 1xtile.basic_block_core.0@6 = 1xitem.basic_item@4
[02:19:13] [Server thread/INFO] [FML]: Ignored smelting recipe with conflicting input: 1xtile.basic_block_moon.0@0 = 1xitem.basic_item@3
[02:19:13] [Server thread/INFO] [FML]: Ignored smelting recipe with conflicting input: 1xtile.basic_block_moon.0@1 = 1xitem.basic_item@4
[02:19:13] [Server thread/INFO] [GregTech]: Running late material handlers...
[02:19:14] [StellarCore-ItemStackCapInitializer-0/ERROR] [FML]: Exception caught during firing event net.minecraftforge.event.AttachCapabilitiesEvent@3456ef94:
java.util.ConcurrentModificationException: null
	at java.util.HashMap$HashIterator.nextNode(HashMap.java:1469) ~[?:1.8.0_492]
	at java.util.HashMap$KeyIterator.next(HashMap.java:1493) ~[?:1.8.0_492]
	at net.dries007.tfc.api.capability.metal.CapabilityMetalItem.getCustomMetalItem(CapabilityMetalItem.java:152) ~[CapabilityMetalItem.class:?]
	at net.dries007.tfc.CommonEventHandler.attachItemCapabilities(CommonEventHandler.java:655) ~[CommonEventHandler.class:?]
	at net.minecraftforge.fml.common.eventhandler.ASMEventHandler_242_CommonEventHandler_attachItemCapabilities_AttachCapabilitiesEvent.invoke(.dynamic) ~[?:?]
	at net.minecraftforge.fml.common.eventhandler.ASMEventHandler.invoke(ASMEventHandler.java:90) ~[ASMEventHandler.class:?]
	at net.minecraftforge.fml.common.eventhandler.EventBus.post(EventBus.java:182) [EventBus.class:?]
	at net.minecraftforge.event.ForgeEventFactory.gatherCapabilities(ForgeEventFactory.java:691) [ForgeEventFactory.class:?]
	at net.minecraftforge.event.ForgeEventFactory.gatherCapabilities(ForgeEventFactory.java:673) [ForgeEventFactory.class:?]
	at net.minecraft.item.ItemStack.stellar_core$initCap(ItemStack.java:1431) [aip.class:?]
	at github.kasuminova.stellarcore.common.itemstack.ItemStackCapInitTask.run(ItemStackCapInitTask.java:57) [ItemStackCapInitTask.class:?]
	at github.kasuminova.stellarcore.common.itemstack.ItemStackCapInitTask.tryRun(ItemStackCapInitTask.java:43) [ItemStackCapInitTask.class:?]
	at github.kasuminova.stellarcore.common.itemstack.ItemStackCapInitTask.join(ItemStackCapInitTask.java:77) [ItemStackCapInitTask.class:?]
	at net.minecraft.item.ItemStack.stellar_core$ensureCapInitialized(ItemStack.java:1517) [aip.class:?]
	at net.minecraft.item.ItemStack.handler$zza000$unknown-owner$injectGetCapability(ItemStack.java:1487) [aip.class:?]
	at net.minecraft.item.ItemStack.getCapability(ItemStack.java) [aip.class:?]
	at net.dries007.tfc.api.capability.size.CapabilityItemSize.getIItemSize(CapabilityItemSize.java:79) [CapabilityItemSize.class:?]
	at net.dries007.tfc.CommonEventHandler.attachItemCapabilities(CommonEventHandler.java:617) [CommonEventHandler.class:?]
	at net.minecraftforge.fml.common.eventhandler.ASMEventHandler_242_CommonEventHandler_attachItemCapabilities_AttachCapabilitiesEvent.invoke(.dynamic) [?:?]
	at net.minecraftforge.fml.common.eventhandler.ASMEventHandler.invoke(ASMEventHandler.java:90) [ASMEventHandler.class:?]
	at net.minecraftforge.fml.common.eventhandler.EventBus.post(EventBus.java:182) [EventBus.class:?]
	at net.minecraftforge.event.ForgeEventFactory.gatherCapabilities(ForgeEventFactory.java:691) [ForgeEventFactory.class:?]
	at net.minecraftforge.event.ForgeEventFactory.gatherCapabilities(ForgeEventFactory.java:673) [ForgeEventFactory.class:?]
	at net.minecraft.item.ItemStack.stellar_core$initCap(ItemStack.java:1431) [aip.class:?]
	at github.kasuminova.stellarcore.common.itemstack.ItemStackCapInitTask.run(ItemStackCapInitTask.java:57) [ItemStackCapInitTask.class:?]
	at github.kasuminova.stellarcore.common.itemstack.ItemStackCapInitTask.tryRun(ItemStackCapInitTask.java:43) [ItemStackCapInitTask.class:?]
	at github.kasuminova.stellarcore.common.itemstack.ItemStackCapInitializer.run(ItemStackCapInitializer.java:115) [ItemStackCapInitializer.class:?]
	at java.lang.Thread.run(Thread.java:750) [?:1.8.0_492]
[02:19:14] [StellarCore-ItemStackCapInitializer-0/ERROR] [FML]: Index: 9 Listeners:
[02:19:14] [StellarCore-ItemStackCapInitializer-0/ERROR] [FML]: 0: NORMAL
[02:19:14] [StellarCore-ItemStackCapInitializer-0/ERROR] [FML]: 1: ASM: appeng.core.Registration@7e9f16a5 attachSpatialDimensionManager(Lnet/minecraftforge/event/AttachCapabilitiesEvent;)V
[02:19:14] [StellarCore-ItemStackCapInitializer-0/ERROR] [FML]: 2: ASM: class gregtech.api.capability.GregtechCapabilities attachTileCapability(Lnet/minecraftforge/event/AttachCapabilitiesEvent;)V
[02:19:14] [StellarCore-ItemStackCapInitializer-0/ERROR] [FML]: 3: ASM: class gregtech.api.worldgen.generator.GTWorldGenCapability attachChunkCapabilities(Lnet/minecraftforge/event/AttachCapabilitiesEvent;)V
[02:19:14] [StellarCore-ItemStackCapInitializer-0/ERROR] [FML]: 4: ASM: class me.towdium.jecalculation.JecaCapability onAttachCapability(Lnet/minecraftforge/event/AttachCapabilitiesEvent;)V
[02:19:14] [StellarCore-ItemStackCapInitializer-0/ERROR] [FML]: 5: ASM: class com.supermartijn642.movingelevators.elevator.ElevatorGroupCapability attachCapabilities(Lnet/minecraftforge/event/AttachCapabilitiesEvent;)V
[02:19:14] [StellarCore-ItemStackCapInitializer-0/ERROR] [FML]: 6: ASM: class p455w0rdslib.LibEvents attachTileCapabilities(Lnet/minecraftforge/event/AttachCapabilitiesEvent;)V
[02:19:14] [StellarCore-ItemStackCapInitializer-0/ERROR] [FML]: 7: ASM: class net.dries007.tfc.api.capability.damage.CapabilityDamageResistance$EventHandler attachEntityCapabilityEvent(Lnet/minecraftforge/event/AttachCapabilitiesEvent;)V
[02:19:14] [StellarCore-ItemStackCapInitializer-0/ERROR] [FML]: 8: ASM: class net.dries007.tfc.world.classic.chunkdata.CapabilityChunkData onAttachCapabilitiesChunk(Lnet/minecraftforge/event/AttachCapabilitiesEvent;)V
[02:19:14] [StellarCore-ItemStackCapInitializer-0/ERROR] [FML]: 9: ASM: class net.dries007.tfc.CommonEventHandler attachItemCapabilities(Lnet/minecraftforge/event/AttachCapabilitiesEvent;)V
[02:19:14] [StellarCore-ItemStackCapInitializer-0/ERROR] [FML]: 10: ASM: class net.dries007.tfc.CommonEventHandler onAttachEntityCapabilities(Lnet/minecraftforge/event/AttachCapabilitiesEvent;)V
[02:19:14] [StellarCore-ItemStackCapInitializer-0/ERROR] [FML]: 11: ASM: class net.dries007.tfc.CommonEventHandler attachWorldCapabilities(Lnet/minecraftforge/event/AttachCapabilitiesEvent;)V
[02:19:14] [StellarCore-ItemStackCapInitializer-0/ERROR] [FML]: 12: ASM: class tfctech.CommonEventHandler attachItemCapabilities(Lnet/minecraftforge/event/AttachCapabilitiesEvent;)V
[02:19:14] [StellarCore-ItemStackCapInitializer-0/ERROR] [FML]: 13: ASM: class de.mennomax.astikorcarts.handler.CommonEventHandler onAttachCapability(Lnet/minecraftforge/event/AttachCapabilitiesEvent;)V
[02:19:14] [StellarCore-ItemStackCapInitializer-0/ERROR] [FML]: 14: ASM: class su.terrafirmagreg.modules.core.event.EventHandlerCapabilitiesEntity attachItemCapabilities(Lnet/minecraftforge/event/AttachCapabilitiesEvent;)V
[02:19:14] [StellarCore-ItemStackCapInitializer-0/ERROR] [FML]: 15: ASM: class com.eerussianguy.firmalife.CommonEventHandlerFL onAttachEntityCapabilities(Lnet/minecraftforge/event/AttachCapabilitiesEvent;)V
[02:19:14] [StellarCore-ItemStackCapInitializer-0/ERROR] [FML]: 16: ASM: class tfcflorae.CommonEventHandlerTFCF attachItemCapabilities(Lnet/minecraftforge/event/AttachCapabilitiesEvent;)V
[02:19:14] [StellarCore-ItemStackCapInitializer-0/ERROR] [FML]: 17: ASM: class com.tiviacz.travelersbackpack.handlers.PlayerEventHandler attachCapability(Lnet/minecraftforge/event/AttachCapabilitiesEvent;)V
[02:19:14] [StellarCore-ItemStackCapInitializer-0/ERROR] [FML]: 18: ASM: baubles.common.event.EventHandlerEntity@3e268e0a attachCapabilitiesPlayer(Lnet/minecraftforge/event/AttachCapabilitiesEvent;)V
[02:19:14] [StellarCore-ItemStackCapInitializer-0/ERROR] [FML]: 19: ASM: tschipp.carryon.common.capabilities.event.PositionCommonEvents@3f680fff onAttachCaps(Lnet/minecraftforge/event/AttachCapabilitiesEvent;)V
[02:19:14] [StellarCore-ItemStackCapInitializer-0/ERROR] [FML]: 20: ASM: pl.asie.charset.lib.capability.Capabilities@6129e4b4 onAttachCapabilityTile(Lnet/minecraftforge/event/AttachCapabilitiesEvent;)V
[02:19:14] [StellarCore-ItemStackCapInitializer-0/ERROR] [FML]: 21: ASM: pl.asie.charset.module.crafting.cauldron.fluid.PotionFluidContainerItem$Provider@2a65e9da onAttachCapabilities(Lnet/minecraftforge/event/AttachCapabilitiesEvent;)V
[02:19:14] [StellarCore-ItemStackCapInitializer-0/ERROR] [FML]: 22: ASM: micdoodle8.mods.galacticraft.core.entities.player.GCPlayerHandler@7879af onAttachCapability(Lnet/minecraftforge/event/AttachCapabilitiesEvent;)V
[02:19:14] [StellarCore-ItemStackCapInitializer-0/ERROR] [FML]: 23: ASM: com.mjr.extraplanets.handlers.MainHandlerServer@331cccf5 onAttachCapability(Lnet/minecraftforge/event/AttachCapabilitiesEvent;)V
[02:19:14] [StellarCore-ItemStackCapInitializer-0/ERROR] [FML]: 24: ASM: igentuman.galacticresearch.handler.GREventHandler@6ce425cf attachSpaceDataCapability(Lnet/minecraftforge/event/AttachCapabilitiesEvent;)V
[02:19:14] [StellarCore-ItemStackCapInitializer-0/ERROR] [FML]: 25: ASM: igentuman.galacticresearch.handler.GRPlayerHandler@17ae4a90 onAttachCapability(Lnet/minecraftforge/event/AttachCapabilitiesEvent;)V
[02:19:14] [StellarCore-ItemStackCapInitializer-0/ERROR] [FML]: 26: ASM: mcjty.theoneprobe.ForgeEventHandlers@4d04dd84 onEntityConstructing(Lnet/minecraftforge/event/AttachCapabilitiesEvent;)V
[02:19:14] [StellarCore-ItemStackCapInitializer-0/ERROR] [FML]: 27: ASM: lyeoj.tfcthings.capability.TFCThingsCapabilityHandler@74076870 attachCapability(Lnet/minecraftforge/event/AttachCapabilitiesEvent;)V
[02:19:14] [StellarCore-ItemStackCapInitializer-0/ERROR] [FML]: 28: ASM: gigaherz.toolbelt.slot.ExtensionSlotBelt$AttachHandlers@425d8e4 attachCapabilities(Lnet/minecraftforge/event/AttachCapabilitiesEvent;)V
[02:19:14] [StellarCore-ItemStackCapInitializer-0/ERROR] [FML]: 29: LOWEST
[02:19:14] [StellarCore-ItemStackCapInitializer-0/ERROR] [FML]: 30: ASM: baubles.common.event.EventHandlerItem@732a3dd5 itemCapabilityAttach(Lnet/minecraftforge/event/AttachCapabilitiesEvent;)V
[02:19:14] [StellarCore-ItemStackCapInitializer-0/ERROR] [FML]: Exception caught during firing event net.minecraftforge.event.AttachCapabilitiesEvent@43335f8a:
java.util.ConcurrentModificationException: null
	at java.util.HashMap$HashIterator.nextNode(HashMap.java:1469) ~[?:1.8.0_492]
	at java.util.HashMap$KeyIterator.next(HashMap.java:1493) ~[?:1.8.0_492]
	at net.dries007.tfc.api.capability.metal.CapabilityMetalItem.getCustomMetalItem(CapabilityMetalItem.java:152) ~[CapabilityMetalItem.class:?]
	at net.dries007.tfc.CommonEventHandler.attachItemCapabilities(CommonEventHandler.java:655) ~[CommonEventHandler.class:?]
	at net.minecraftforge.fml.common.eventhandler.ASMEventHandler_242_CommonEventHandler_attachItemCapabilities_AttachCapabilitiesEvent.invoke(.dynamic) ~[?:?]
	at net.minecraftforge.fml.common.eventhandler.ASMEventHandler.invoke(ASMEventHandler.java:90) ~[ASMEventHandler.class:?]
	at net.minecraftforge.fml.common.eventhandler.EventBus.post(EventBus.java:182) [EventBus.class:?]
	at net.minecraftforge.event.ForgeEventFactory.gatherCapabilities(ForgeEventFactory.java:691) ~[ForgeEventFactory.class:?]
	at net.minecraftforge.event.ForgeEventFactory.gatherCapabilities(ForgeEventFactory.java:673) ~[ForgeEventFactory.class:?]
	at net.minecraft.item.ItemStack.stellar_core$initCap(ItemStack.java:1431) ~[aip.class:?]
	at github.kasuminova.stellarcore.common.itemstack.ItemStackCapInitTask.run(ItemStackCapInitTask.java:57) ~[ItemStackCapInitTask.class:?]
	at github.kasuminova.stellarcore.common.itemstack.ItemStackCapInitTask.tryRun(ItemStackCapInitTask.java:43) ~[ItemStackCapInitTask.class:?]
	at github.kasuminova.stellarcore.common.itemstack.ItemStackCapInitTask.join(ItemStackCapInitTask.java:77) ~[ItemStackCapInitTask.class:?]
	at net.minecraft.item.ItemStack.stellar_core$ensureCapInitialized(ItemStack.java:1517) ~[aip.class:?]
	at net.minecraft.item.ItemStack.handler$zza000$unknown-owner$injectGetCapability(ItemStack.java:1487) ~[aip.class:?]
	at net.minecraft.item.ItemStack.getCapability(ItemStack.java) ~[aip.class:?]
	at net.dries007.tfc.api.capability.size.CapabilityItemSize.getIItemSize(CapabilityItemSize.java:79) ~[CapabilityItemSize.class:?]
	at net.dries007.tfc.CommonEventHandler.attachItemCapabilities(CommonEventHandler.java:617) ~[CommonEventHandler.class:?]
	at net.minecraftforge.fml.common.eventhandler.ASMEventHandler_242_CommonEventHandler_attachItemCapabilities_AttachCapabilitiesEvent.invoke(.dynamic) ~[?:?]
	at net.minecraftforge.fml.common.eventhandler.ASMEventHandler.invoke(ASMEventHandler.java:90) ~[ASMEventHandler.class:?]
	at net.minecraftforge.fml.common.eventhandler.EventBus.post(EventBus.java:182) [EventBus.class:?]
	at net.minecraftforge.event.ForgeEventFactory.gatherCapabilities(ForgeEventFactory.java:691) [ForgeEventFactory.class:?]
	at net.minecraftforge.event.ForgeEventFactory.gatherCapabilities(ForgeEventFactory.java:673) [ForgeEventFactory.class:?]
	at net.minecraft.item.ItemStack.stellar_core$initCap(ItemStack.java:1431) [aip.class:?]
	at github.kasuminova.stellarcore.common.itemstack.ItemStackCapInitTask.run(ItemStackCapInitTask.java:57) [ItemStackCapInitTask.class:?]
	at github.kasuminova.stellarcore.common.itemstack.ItemStackCapInitTask.tryRun(ItemStackCapInitTask.java:43) [ItemStackCapInitTask.class:?]
	at github.kasuminova.stellarcore.common.itemstack.ItemStackCapInitializer.run(ItemStackCapInitializer.java:115) [ItemStackCapInitializer.class:?]
	at java.lang.Thread.run(Thread.java:750) [?:1.8.0_492]
[02:19:14] [StellarCore-ItemStackCapInitializer-0/ERROR] [FML]: Index: 9 Listeners:
[02:19:14] [StellarCore-ItemStackCapInitializer-0/ERROR] [FML]: 0: NORMAL
[02:19:14] [StellarCore-ItemStackCapInitializer-0/ERROR] [FML]: 1: ASM: appeng.core.Registration@7e9f16a5 attachSpatialDimensionManager(Lnet/minecraftforge/event/AttachCapabilitiesEvent;)V
[02:19:14] [StellarCore-ItemStackCapInitializer-0/ERROR] [FML]: 2: ASM: class gregtech.api.capability.GregtechCapabilities attachTileCapability(Lnet/minecraftforge/event/AttachCapabilitiesEvent;)V
[02:19:14] [StellarCore-ItemStackCapInitializer-0/ERROR] [FML]: 3: ASM: class gregtech.api.worldgen.generator.GTWorldGenCapability attachChunkCapabilities(Lnet/minecraftforge/event/AttachCapabilitiesEvent;)V
[02:19:14] [StellarCore-ItemStackCapInitializer-0/ERROR] [FML]: 4: ASM: class me.towdium.jecalculation.JecaCapability onAttachCapability(Lnet/minecraftforge/event/AttachCapabilitiesEvent;)V
[02:19:14] [StellarCore-ItemStackCapInitializer-0/ERROR] [FML]: 5: ASM: class com.supermartijn642.movingelevators.elevator.ElevatorGroupCapability attachCapabilities(Lnet/minecraftforge/event/AttachCapabilitiesEvent;)V
[02:19:14] [StellarCore-ItemStackCapInitializer-0/ERROR] [FML]: 6: ASM: class p455w0rdslib.LibEvents attachTileCapabilities(Lnet/minecraftforge/event/AttachCapabilitiesEvent;)V
[02:19:14] [StellarCore-ItemStackCapInitializer-0/ERROR] [FML]: 7: ASM: class net.dries007.tfc.api.capability.damage.CapabilityDamageResistance$EventHandler attachEntityCapabilityEvent(Lnet/minecraftforge/event/AttachCapabilitiesEvent;)V
[02:19:14] [StellarCore-ItemStackCapInitializer-0/ERROR] [FML]: 8: ASM: class net.dries007.tfc.world.classic.chunkdata.CapabilityChunkData onAttachCapabilitiesChunk(Lnet/minecraftforge/event/AttachCapabilitiesEvent;)V
[02:19:14] [StellarCore-ItemStackCapInitializer-0/ERROR] [FML]: 9: ASM: class net.dries007.tfc.CommonEventHandler attachItemCapabilities(Lnet/minecraftforge/event/AttachCapabilitiesEvent;)V
[02:19:14] [StellarCore-ItemStackCapInitializer-0/ERROR] [FML]: 10: ASM: class net.dries007.tfc.CommonEventHandler onAttachEntityCapabilities(Lnet/minecraftforge/event/AttachCapabilitiesEvent;)V
[02:19:14] [StellarCore-ItemStackCapInitializer-0/ERROR] [FML]: 11: ASM: class net.dries007.tfc.CommonEventHandler attachWorldCapabilities(Lnet/minecraftforge/event/AttachCapabilitiesEvent;)V
[02:19:14] [StellarCore-ItemStackCapInitializer-0/ERROR] [FML]: 12: ASM: class tfctech.CommonEventHandler attachItemCapabilities(Lnet/minecraftforge/event/AttachCapabilitiesEvent;)V
[02:19:14] [StellarCore-ItemStackCapInitializer-0/ERROR] [FML]: 13: ASM: class de.mennomax.astikorcarts.handler.CommonEventHandler onAttachCapability(Lnet/minecraftforge/event/AttachCapabilitiesEvent;)V
[02:19:14] [StellarCore-ItemStackCapInitializer-0/ERROR] [FML]: 14: ASM: class su.terrafirmagreg.modules.core.event.EventHandlerCapabilitiesEntity attachItemCapabilities(Lnet/minecraftforge/event/AttachCapabilitiesEvent;)V
[02:19:14] [StellarCore-ItemStackCapInitializer-0/ERROR] [FML]: 15: ASM: class com.eerussianguy.firmalife.CommonEventHandlerFL onAttachEntityCapabilities(Lnet/minecraftforge/event/AttachCapabilitiesEvent;)V
[02:19:14] [StellarCore-ItemStackCapInitializer-0/ERROR] [FML]: 16: ASM: class tfcflorae.CommonEventHandlerTFCF attachItemCapabilities(Lnet/minecraftforge/event/AttachCapabilitiesEvent;)V
[02:19:14] [StellarCore-ItemStackCapInitializer-0/ERROR] [FML]: 17: ASM: class com.tiviacz.travelersbackpack.handlers.PlayerEventHandler attachCapability(Lnet/minecraftforge/event/AttachCapabilitiesEvent;)V
[02:19:14] [StellarCore-ItemStackCapInitializer-0/ERROR] [FML]: 18: ASM: baubles.common.event.EventHandlerEntity@3e268e0a attachCapabilitiesPlayer(Lnet/minecraftforge/event/AttachCapabilitiesEvent;)V
[02:19:14] [StellarCore-ItemStackCapInitializer-0/ERROR] [FML]: 19: ASM: tschipp.carryon.common.capabilities.event.PositionCommonEvents@3f680fff onAttachCaps(Lnet/minecraftforge/event/AttachCapabilitiesEvent;)V
[02:19:14] [StellarCore-ItemStackCapInitializer-0/ERROR] [FML]: 20: ASM: pl.asie.charset.lib.capability.Capabilities@6129e4b4 onAttachCapabilityTile(Lnet/minecraftforge/event/AttachCapabilitiesEvent;)V
[02:19:14] [StellarCore-ItemStackCapInitializer-0/ERROR] [FML]: 21: ASM: pl.asie.charset.module.crafting.cauldron.fluid.PotionFluidContainerItem$Provider@2a65e9da onAttachCapabilities(Lnet/minecraftforge/event/AttachCapabilitiesEvent;)V
[02:19:14] [StellarCore-ItemStackCapInitializer-0/ERROR] [FML]: 22: ASM: micdoodle8.mods.galacticraft.core.entities.player.GCPlayerHandler@7879af onAttachCapability(Lnet/minecraftforge/event/AttachCapabilitiesEvent;)V
[02:19:14] [StellarCore-ItemStackCapInitializer-0/ERROR] [FML]: 23: ASM: com.mjr.extraplanets.handlers.MainHandlerServer@331cccf5 onAttachCapability(Lnet/minecraftforge/event/AttachCapabilitiesEvent;)V
[02:19:14] [StellarCore-ItemStackCapInitializer-0/ERROR] [FML]: 24: ASM: igentuman.galacticresearch.handler.GREventHandler@6ce425cf attachSpaceDataCapability(Lnet/minecraftforge/event/AttachCapabilitiesEvent;)V
[02:19:14] [StellarCore-ItemStackCapInitializer-0/ERROR] [FML]: 25: ASM: igentuman.galacticresearch.handler.GRPlayerHandler@17ae4a90 onAttachCapability(Lnet/minecraftforge/event/AttachCapabilitiesEvent;)V
[02:19:14] [StellarCore-ItemStackCapInitializer-0/ERROR] [FML]: 26: ASM: mcjty.theoneprobe.ForgeEventHandlers@4d04dd84 onEntityConstructing(Lnet/minecraftforge/event/AttachCapabilitiesEvent;)V
[02:19:14] [StellarCore-ItemStackCapInitializer-0/ERROR] [FML]: 27: ASM: lyeoj.tfcthings.capability.TFCThingsCapabilityHandler@74076870 attachCapability(Lnet/minecraftforge/event/AttachCapabilitiesEvent;)V
[02:19:14] [StellarCore-ItemStackCapInitializer-0/ERROR] [FML]: 28: ASM: gigaherz.toolbelt.slot.ExtensionSlotBelt$AttachHandlers@425d8e4 attachCapabilities(Lnet/minecraftforge/event/AttachCapabilitiesEvent;)V
[02:19:14] [StellarCore-ItemStackCapInitializer-0/ERROR] [FML]: 29: LOWEST
[02:19:14] [StellarCore-ItemStackCapInitializer-0/ERROR] [FML]: 30: ASM: baubles.common.event.EventHandlerItem@732a3dd5 itemCapabilityAttach(Lnet/minecraftforge/event/AttachCapabilitiesEvent;)V
[02:19:14] [StellarCore-ItemStackCapInitializer-0/ERROR] [stellar_core]: [StellarCore] ItemStackCapInitializer failed to execute task.
java.util.ConcurrentModificationException: null
	at java.util.HashMap$HashIterator.nextNode(HashMap.java:1469) ~[?:1.8.0_492]
	at java.util.HashMap$KeyIterator.next(HashMap.java:1493) ~[?:1.8.0_492]
	at net.dries007.tfc.api.capability.metal.CapabilityMetalItem.getCustomMetalItem(CapabilityMetalItem.java:152) ~[CapabilityMetalItem.class:?]
	at net.dries007.tfc.CommonEventHandler.attachItemCapabilities(CommonEventHandler.java:655) ~[CommonEventHandler.class:?]
	at net.minecraftforge.fml.common.eventhandler.ASMEventHandler_242_CommonEventHandler_attachItemCapabilities_AttachCapabilitiesEvent.invoke(.dynamic) ~[?:?]
	at net.minecraftforge.fml.common.eventhandler.ASMEventHandler.invoke(ASMEventHandler.java:90) ~[ASMEventHandler.class:?]
	at net.minecraftforge.fml.common.eventhandler.EventBus.post(EventBus.java:182) ~[EventBus.class:?]
	at net.minecraftforge.event.ForgeEventFactory.gatherCapabilities(ForgeEventFactory.java:691) ~[ForgeEventFactory.class:?]
	at net.minecraftforge.event.ForgeEventFactory.gatherCapabilities(ForgeEventFactory.java:673) ~[ForgeEventFactory.class:?]
	at net.minecraft.item.ItemStack.stellar_core$initCap(ItemStack.java:1431) ~[aip.class:?]
	at github.kasuminova.stellarcore.common.itemstack.ItemStackCapInitTask.run(ItemStackCapInitTask.java:57) ~[ItemStackCapInitTask.class:?]
	at github.kasuminova.stellarcore.common.itemstack.ItemStackCapInitTask.tryRun(ItemStackCapInitTask.java:43) ~[ItemStackCapInitTask.class:?]
	at github.kasuminova.stellarcore.common.itemstack.ItemStackCapInitTask.join(ItemStackCapInitTask.java:77) ~[ItemStackCapInitTask.class:?]
	at net.minecraft.item.ItemStack.stellar_core$ensureCapInitialized(ItemStack.java:1517) ~[aip.class:?]
	at net.minecraft.item.ItemStack.handler$zza000$unknown-owner$injectGetCapability(ItemStack.java:1487) ~[aip.class:?]
	at net.minecraft.item.ItemStack.getCapability(ItemStack.java) ~[aip.class:?]
	at net.dries007.tfc.api.capability.size.CapabilityItemSize.getIItemSize(CapabilityItemSize.java:79) ~[CapabilityItemSize.class:?]
	at net.dries007.tfc.CommonEventHandler.attachItemCapabilities(CommonEventHandler.java:617) ~[CommonEventHandler.class:?]
	at net.minecraftforge.fml.common.eventhandler.ASMEventHandler_242_CommonEventHandler_attachItemCapabilities_AttachCapabilitiesEvent.invoke(.dynamic) ~[?:?]
	at net.minecraftforge.fml.common.eventhandler.ASMEventHandler.invoke(ASMEventHandler.java:90) ~[ASMEventHandler.class:?]
	at net.minecraftforge.fml.common.eventhandler.EventBus.post(EventBus.java:182) ~[EventBus.class:?]
	at net.minecraftforge.event.ForgeEventFactory.gatherCapabilities(ForgeEventFactory.java:691) ~[ForgeEventFactory.class:?]
	at net.minecraftforge.event.ForgeEventFactory.gatherCapabilities(ForgeEventFactory.java:673) ~[ForgeEventFactory.class:?]
	at net.minecraft.item.ItemStack.stellar_core$initCap(ItemStack.java:1431) ~[aip.class:?]
	at github.kasuminova.stellarcore.common.itemstack.ItemStackCapInitTask.run(ItemStackCapInitTask.java:57) ~[ItemStackCapInitTask.class:?]
	at github.kasuminova.stellarcore.common.itemstack.ItemStackCapInitTask.tryRun(ItemStackCapInitTask.java:43) ~[ItemStackCapInitTask.class:?]
	at github.kasuminova.stellarcore.common.itemstack.ItemStackCapInitializer.run(ItemStackCapInitializer.java:115) [ItemStackCapInitializer.class:?]
	at java.lang.Thread.run(Thread.java:750) [?:1.8.0_492]
[02:19:15] [StellarCore-ItemStackCapInitializer-0/ERROR] [FML]: Exception caught during firing event net.minecraftforge.event.AttachCapabilitiesEvent@1a13740f:
java.util.ConcurrentModificationException: null
	at java.util.HashMap$HashIterator.nextNode(HashMap.java:1469) ~[?:1.8.0_492]
	at java.util.HashMap$KeyIterator.next(HashMap.java:1493) ~[?:1.8.0_492]
	at net.dries007.tfc.api.capability.metal.CapabilityMetalItem.getCustomMetalItem(CapabilityMetalItem.java:152) ~[CapabilityMetalItem.class:?]
	at net.dries007.tfc.CommonEventHandler.attachItemCapabilities(CommonEventHandler.java:655) ~[CommonEventHandler.class:?]
	at net.minecraftforge.fml.common.eventhandler.ASMEventHandler_242_CommonEventHandler_attachItemCapabilities_AttachCapabilitiesEvent.invoke(.dynamic) ~[?:?]
	at net.minecraftforge.fml.common.eventhandler.ASMEventHandler.invoke(ASMEventHandler.java:90) ~[ASMEventHandler.class:?]
	at net.minecraftforge.fml.common.eventhandler.EventBus.post(EventBus.java:182) [EventBus.class:?]
	at net.minecraftforge.event.ForgeEventFactory.gatherCapabilities(ForgeEventFactory.java:691) [ForgeEventFactory.class:?]
	at net.minecraftforge.event.ForgeEventFactory.gatherCapabilities(ForgeEventFactory.java:673) [ForgeEventFactory.class:?]
	at net.minecraft.item.ItemStack.stellar_core$initCap(ItemStack.java:1431) [aip.class:?]
	at github.kasuminova.stellarcore.common.itemstack.ItemStackCapInitTask.run(ItemStackCapInitTask.java:57) [ItemStackCapInitTask.class:?]
	at github.kasuminova.stellarcore.common.itemstack.ItemStackCapInitTask.tryRun(ItemStackCapInitTask.java:43) [ItemStackCapInitTask.class:?]
	at github.kasuminova.stellarcore.common.itemstack.ItemStackCapInitTask.join(ItemStackCapInitTask.java:77) [ItemStackCapInitTask.class:?]
	at net.minecraft.item.ItemStack.stellar_core$ensureCapInitialized(ItemStack.java:1517) [aip.class:?]
	at net.minecraft.item.ItemStack.handler$zza000$unknown-owner$injectGetCapability(ItemStack.java:1487) [aip.class:?]
	at net.minecraft.item.ItemStack.getCapability(ItemStack.java) [aip.class:?]
	at net.dries007.tfc.api.capability.size.CapabilityItemSize.getIItemSize(CapabilityItemSize.java:79) [CapabilityItemSize.class:?]
	at net.dries007.tfc.CommonEventHandler.attachItemCapabilities(CommonEventHandler.java:617) [CommonEventHandler.class:?]
	at net.minecraftforge.fml.common.eventhandler.ASMEventHandler_242_CommonEventHandler_attachItemCapabilities_AttachCapabilitiesEvent.invoke(.dynamic) [?:?]
	at net.minecraftforge.fml.common.eventhandler.ASMEventHandler.invoke(ASMEventHandler.java:90) [ASMEventHandler.class:?]
	at net.minecraftforge.fml.common.eventhandler.EventBus.post(EventBus.java:182) [EventBus.class:?]
	at net.minecraftforge.event.ForgeEventFactory.gatherCapabilities(ForgeEventFactory.java:691) [ForgeEventFactory.class:?]
	at net.minecraftforge.event.ForgeEventFactory.gatherCapabilities(ForgeEventFactory.java:673) [ForgeEventFactory.class:?]
	at net.minecraft.item.ItemStack.stellar_core$initCap(ItemStack.java:1431) [aip.class:?]
	at github.kasuminova.stellarcore.common.itemstack.ItemStackCapInitTask.run(ItemStackCapInitTask.java:57) [ItemStackCapInitTask.class:?]
	at github.kasuminova.stellarcore.common.itemstack.ItemStackCapInitTask.tryRun(ItemStackCapInitTask.java:43) [ItemStackCapInitTask.class:?]
	at github.kasuminova.stellarcore.common.itemstack.ItemStackCapInitializer.run(ItemStackCapInitializer.java:115) [ItemStackCapInitializer.class:?]
	at java.lang.Thread.run(Thread.java:750) [?:1.8.0_492]
[02:19:15] [StellarCore-ItemStackCapInitializer-0/ERROR] [FML]: Index: 9 Listeners:
[02:19:15] [StellarCore-ItemStackCapInitializer-0/ERROR] [FML]: 0: NORMAL
[02:19:15] [StellarCore-ItemStackCapInitializer-0/ERROR] [FML]: 1: ASM: appeng.core.Registration@7e9f16a5 attachSpatialDimensionManager(Lnet/minecraftforge/event/AttachCapabilitiesEvent;)V
[02:19:15] [StellarCore-ItemStackCapInitializer-0/ERROR] [FML]: 2: ASM: class gregtech.api.capability.GregtechCapabilities attachTileCapability(Lnet/minecraftforge/event/AttachCapabilitiesEvent;)V
[02:19:15] [StellarCore-ItemStackCapInitializer-0/ERROR] [FML]: 3: ASM: class gregtech.api.worldgen.generator.GTWorldGenCapability attachChunkCapabilities(Lnet/minecraftforge/event/AttachCapabilitiesEvent;)V
[02:19:15] [StellarCore-ItemStackCapInitializer-0/ERROR] [FML]: 4: ASM: class me.towdium.jecalculation.JecaCapability onAttachCapability(Lnet/minecraftforge/event/AttachCapabilitiesEvent;)V
[02:19:15] [StellarCore-ItemStackCapInitializer-0/ERROR] [FML]: 5: ASM: class com.supermartijn642.movingelevators.elevator.ElevatorGroupCapability attachCapabilities(Lnet/minecraftforge/event/AttachCapabilitiesEvent;)V
[02:19:15] [StellarCore-ItemStackCapInitializer-0/ERROR] [FML]: 6: ASM: class p455w0rdslib.LibEvents attachTileCapabilities(Lnet/minecraftforge/event/AttachCapabilitiesEvent;)V
[02:19:15] [StellarCore-ItemStackCapInitializer-0/ERROR] [FML]: 7: ASM: class net.dries007.tfc.api.capability.damage.CapabilityDamageResistance$EventHandler attachEntityCapabilityEvent(Lnet/minecraftforge/event/AttachCapabilitiesEvent;)V
[02:19:15] [StellarCore-ItemStackCapInitializer-0/ERROR] [FML]: 8: ASM: class net.dries007.tfc.world.classic.chunkdata.CapabilityChunkData onAttachCapabilitiesChunk(Lnet/minecraftforge/event/AttachCapabilitiesEvent;)V
[02:19:15] [StellarCore-ItemStackCapInitializer-0/ERROR] [FML]: 9: ASM: class net.dries007.tfc.CommonEventHandler attachItemCapabilities(Lnet/minecraftforge/event/AttachCapabilitiesEvent;)V
[02:19:15] [StellarCore-ItemStackCapInitializer-0/ERROR] [FML]: 10: ASM: class net.dries007.tfc.CommonEventHandler onAttachEntityCapabilities(Lnet/minecraftforge/event/AttachCapabilitiesEvent;)V
[02:19:15] [StellarCore-ItemStackCapInitializer-0/ERROR] [FML]: 11: ASM: class net.dries007.tfc.CommonEventHandler attachWorldCapabilities(Lnet/minecraftforge/event/AttachCapabilitiesEvent;)V
[02:19:15] [StellarCore-ItemStackCapInitializer-0/ERROR] [FML]: 12: ASM: class tfctech.CommonEventHandler attachItemCapabilities(Lnet/minecraftforge/event/AttachCapabilitiesEvent;)V
[02:19:15] [StellarCore-ItemStackCapInitializer-0/ERROR] [FML]: 13: ASM: class de.mennomax.astikorcarts.handler.CommonEventHandler onAttachCapability(Lnet/minecraftforge/event/AttachCapabilitiesEvent;)V
[02:19:15] [StellarCore-ItemStackCapInitializer-0/ERROR] [FML]: 14: ASM: class su.terrafirmagreg.modules.core.event.EventHandlerCapabilitiesEntity attachItemCapabilities(Lnet/minecraftforge/event/AttachCapabilitiesEvent;)V
[02:19:15] [StellarCore-ItemStackCapInitializer-0/ERROR] [FML]: 15: ASM: class com.eerussianguy.firmalife.CommonEventHandlerFL onAttachEntityCapabilities(Lnet/minecraftforge/event/AttachCapabilitiesEvent;)V
[02:19:15] [StellarCore-ItemStackCapInitializer-0/ERROR] [FML]: 16: ASM: class tfcflorae.CommonEventHandlerTFCF attachItemCapabilities(Lnet/minecraftforge/event/AttachCapabilitiesEvent;)V
[02:19:15] [StellarCore-ItemStackCapInitializer-0/ERROR] [FML]: 17: ASM: class com.tiviacz.travelersbackpack.handlers.PlayerEventHandler attachCapability(Lnet/minecraftforge/event/AttachCapabilitiesEvent;)V
[02:19:15] [StellarCore-ItemStackCapInitializer-0/ERROR] [FML]: 18: ASM: baubles.common.event.EventHandlerEntity@3e268e0a attachCapabilitiesPlayer(Lnet/minecraftforge/event/AttachCapabilitiesEvent;)V
[02:19:15] [StellarCore-ItemStackCapInitializer-0/ERROR] [FML]: 19: ASM: tschipp.carryon.common.capabilities.event.PositionCommonEvents@3f680fff onAttachCaps(Lnet/minecraftforge/event/AttachCapabilitiesEvent;)V
[02:19:15] [StellarCore-ItemStackCapInitializer-0/ERROR] [FML]: 20: ASM: pl.asie.charset.lib.capability.Capabilities@6129e4b4 onAttachCapabilityTile(Lnet/minecraftforge/event/AttachCapabilitiesEvent;)V
[02:19:15] [StellarCore-ItemStackCapInitializer-0/ERROR] [FML]: 21: ASM: pl.asie.charset.module.crafting.cauldron.fluid.PotionFluidContainerItem$Provider@2a65e9da onAttachCapabilities(Lnet/minecraftforge/event/AttachCapabilitiesEvent;)V
[02:19:15] [StellarCore-ItemStackCapInitializer-0/ERROR] [FML]: 22: ASM: micdoodle8.mods.galacticraft.core.entities.player.GCPlayerHandler@7879af onAttachCapability(Lnet/minecraftforge/event/AttachCapabilitiesEvent;)V
[02:19:15] [StellarCore-ItemStackCapInitializer-0/ERROR] [FML]: 23: ASM: com.mjr.extraplanets.handlers.MainHandlerServer@331cccf5 onAttachCapability(Lnet/minecraftforge/event/AttachCapabilitiesEvent;)V
[02:19:15] [StellarCore-ItemStackCapInitializer-0/ERROR] [FML]: 24: ASM: igentuman.galacticresearch.handler.GREventHandler@6ce425cf attachSpaceDataCapability(Lnet/minecraftforge/event/AttachCapabilitiesEvent;)V
[02:19:15] [StellarCore-ItemStackCapInitializer-0/ERROR] [FML]: 25: ASM: igentuman.galacticresearch.handler.GRPlayerHandler@17ae4a90 onAttachCapability(Lnet/minecraftforge/event/AttachCapabilitiesEvent;)V
[02:19:15] [StellarCore-ItemStackCapInitializer-0/ERROR] [FML]: 26: ASM: mcjty.theoneprobe.ForgeEventHandlers@4d04dd84 onEntityConstructing(Lnet/minecraftforge/event/AttachCapabilitiesEvent;)V
[02:19:15] [StellarCore-ItemStackCapInitializer-0/ERROR] [FML]: 27: ASM: lyeoj.tfcthings.capability.TFCThingsCapabilityHandler@74076870 attachCapability(Lnet/minecraftforge/event/AttachCapabilitiesEvent;)V
[02:19:15] [StellarCore-ItemStackCapInitializer-0/ERROR] [FML]: 28: ASM: gigaherz.toolbelt.slot.ExtensionSlotBelt$AttachHandlers@425d8e4 attachCapabilities(Lnet/minecraftforge/event/AttachCapabilitiesEvent;)V
[02:19:15] [StellarCore-ItemStackCapInitializer-0/ERROR] [FML]: 29: LOWEST
[02:19:15] [StellarCore-ItemStackCapInitializer-0/ERROR] [FML]: 30: ASM: baubles.common.event.EventHandlerItem@732a3dd5 itemCapabilityAttach(Lnet/minecraftforge/event/AttachCapabilitiesEvent;)V
[02:19:15] [StellarCore-ItemStackCapInitializer-0/ERROR] [FML]: Exception caught during firing event net.minecraftforge.event.AttachCapabilitiesEvent@3cd7e34e:
java.util.ConcurrentModificationException: null
	at java.util.HashMap$HashIterator.nextNode(HashMap.java:1469) ~[?:1.8.0_492]
	at java.util.HashMap$KeyIterator.next(HashMap.java:1493) ~[?:1.8.0_492]
	at net.dries007.tfc.api.capability.metal.CapabilityMetalItem.getCustomMetalItem(CapabilityMetalItem.java:152) ~[CapabilityMetalItem.class:?]
	at net.dries007.tfc.CommonEventHandler.attachItemCapabilities(CommonEventHandler.java:655) ~[CommonEventHandler.class:?]
	at net.minecraftforge.fml.common.eventhandler.ASMEventHandler_242_CommonEventHandler_attachItemCapabilities_AttachCapabilitiesEvent.invoke(.dynamic) ~[?:?]
	at net.minecraftforge.fml.common.eventhandler.ASMEventHandler.invoke(ASMEventHandler.java:90) ~[ASMEventHandler.class:?]
	at net.minecraftforge.fml.common.eventhandler.EventBus.post(EventBus.java:182) [EventBus.class:?]
	at net.minecraftforge.event.ForgeEventFactory.gatherCapabilities(ForgeEventFactory.java:691) ~[ForgeEventFactory.class:?]
	at net.minecraftforge.event.ForgeEventFactory.gatherCapabilities(ForgeEventFactory.java:673) ~[ForgeEventFactory.class:?]
	at net.minecraft.item.ItemStack.stellar_core$initCap(ItemStack.java:1431) ~[aip.class:?]
	at github.kasuminova.stellarcore.common.itemstack.ItemStackCapInitTask.run(ItemStackCapInitTask.java:57) ~[ItemStackCapInitTask.class:?]
	at github.kasuminova.stellarcore.common.itemstack.ItemStackCapInitTask.tryRun(ItemStackCapInitTask.java:43) ~[ItemStackCapInitTask.class:?]
	at github.kasuminova.stellarcore.common.itemstack.ItemStackCapInitTask.join(ItemStackCapInitTask.java:77) ~[ItemStackCapInitTask.class:?]
	at net.minecraft.item.ItemStack.stellar_core$ensureCapInitialized(ItemStack.java:1517) ~[aip.class:?]
	at net.minecraft.item.ItemStack.handler$zza000$unknown-owner$injectGetCapability(ItemStack.java:1487) ~[aip.class:?]
	at net.minecraft.item.ItemStack.getCapability(ItemStack.java) ~[aip.class:?]
	at net.dries007.tfc.api.capability.size.CapabilityItemSize.getIItemSize(CapabilityItemSize.java:79) ~[CapabilityItemSize.class:?]
	at net.dries007.tfc.CommonEventHandler.attachItemCapabilities(CommonEventHandler.java:617) ~[CommonEventHandler.class:?]
	at net.minecraftforge.fml.common.eventhandler.ASMEventHandler_242_CommonEventHandler_attachItemCapabilities_AttachCapabilitiesEvent.invoke(.dynamic) ~[?:?]
	at net.minecraftforge.fml.common.eventhandler.ASMEventHandler.invoke(ASMEventHandler.java:90) ~[ASMEventHandler.class:?]
	at net.minecraftforge.fml.common.eventhandler.EventBus.post(EventBus.java:182) [EventBus.class:?]
	at net.minecraftforge.event.ForgeEventFactory.gatherCapabilities(ForgeEventFactory.java:691) [ForgeEventFactory.class:?]
	at net.minecraftforge.event.ForgeEventFactory.gatherCapabilities(ForgeEventFactory.java:673) [ForgeEventFactory.class:?]
	at net.minecraft.item.ItemStack.stellar_core$initCap(ItemStack.java:1431) [aip.class:?]
	at github.kasuminova.stellarcore.common.itemstack.ItemStackCapInitTask.run(ItemStackCapInitTask.java:57) [ItemStackCapInitTask.class:?]
	at github.kasuminova.stellarcore.common.itemstack.ItemStackCapInitTask.tryRun(ItemStackCapInitTask.java:43) [ItemStackCapInitTask.class:?]
	at github.kasuminova.stellarcore.common.itemstack.ItemStackCapInitializer.run(ItemStackCapInitializer.java:115) [ItemStackCapInitializer.class:?]
	at java.lang.Thread.run(Thread.java:750) [?:1.8.0_492]
[02:19:15] [StellarCore-ItemStackCapInitializer-0/ERROR] [FML]: Index: 9 Listeners:
[02:19:15] [StellarCore-ItemStackCapInitializer-0/ERROR] [FML]: 0: NORMAL
[02:19:15] [StellarCore-ItemStackCapInitializer-0/ERROR] [FML]: 1: ASM: appeng.core.Registration@7e9f16a5 attachSpatialDimensionManager(Lnet/minecraftforge/event/AttachCapabilitiesEvent;)V
[02:19:15] [StellarCore-ItemStackCapInitializer-0/ERROR] [FML]: 2: ASM: class gregtech.api.capability.GregtechCapabilities attachTileCapability(Lnet/minecraftforge/event/AttachCapabilitiesEvent;)V
[02:19:15] [StellarCore-ItemStackCapInitializer-0/ERROR] [FML]: 3: ASM: class gregtech.api.worldgen.generator.GTWorldGenCapability attachChunkCapabilities(Lnet/minecraftforge/event/AttachCapabilitiesEvent;)V
[02:19:15] [StellarCore-ItemStackCapInitializer-0/ERROR] [FML]: 4: ASM: class me.towdium.jecalculation.JecaCapability onAttachCapability(Lnet/minecraftforge/event/AttachCapabilitiesEvent;)V
[02:19:15] [StellarCore-ItemStackCapInitializer-0/ERROR] [FML]: 5: ASM: class com.supermartijn642.movingelevators.elevator.ElevatorGroupCapability attachCapabilities(Lnet/minecraftforge/event/AttachCapabilitiesEvent;)V
[02:19:15] [StellarCore-ItemStackCapInitializer-0/ERROR] [FML]: 6: ASM: class p455w0rdslib.LibEvents attachTileCapabilities(Lnet/minecraftforge/event/AttachCapabilitiesEvent;)V
[02:19:15] [StellarCore-ItemStackCapInitializer-0/ERROR] [FML]: 7: ASM: class net.dries007.tfc.api.capability.damage.CapabilityDamageResistance$EventHandler attachEntityCapabilityEvent(Lnet/minecraftforge/event/AttachCapabilitiesEvent;)V
[02:19:15] [StellarCore-ItemStackCapInitializer-0/ERROR] [FML]: 8: ASM: class net.dries007.tfc.world.classic.chunkdata.CapabilityChunkData onAttachCapabilitiesChunk(Lnet/minecraftforge/event/AttachCapabilitiesEvent;)V
[02:19:15] [StellarCore-ItemStackCapInitializer-0/ERROR] [FML]: 9: ASM: class net.dries007.tfc.CommonEventHandler attachItemCapabilities(Lnet/minecraftforge/event/AttachCapabilitiesEvent;)V
[02:19:15] [StellarCore-ItemStackCapInitializer-0/ERROR] [FML]: 10: ASM: class net.dries007.tfc.CommonEventHandler onAttachEntityCapabilities(Lnet/minecraftforge/event/AttachCapabilitiesEvent;)V
[02:19:15] [StellarCore-ItemStackCapInitializer-0/ERROR] [FML]: 11: ASM: class net.dries007.tfc.CommonEventHandler attachWorldCapabilities(Lnet/minecraftforge/event/AttachCapabilitiesEvent;)V
[02:19:15] [StellarCore-ItemStackCapInitializer-0/ERROR] [FML]: 12: ASM: class tfctech.CommonEventHandler attachItemCapabilities(Lnet/minecraftforge/event/AttachCapabilitiesEvent;)V
[02:19:15] [StellarCore-ItemStackCapInitializer-0/ERROR] [FML]: 13: ASM: class de.mennomax.astikorcarts.handler.CommonEventHandler onAttachCapability(Lnet/minecraftforge/event/AttachCapabilitiesEvent;)V
[02:19:15] [StellarCore-ItemStackCapInitializer-0/ERROR] [FML]: 14: ASM: class su.terrafirmagreg.modules.core.event.EventHandlerCapabilitiesEntity attachItemCapabilities(Lnet/minecraftforge/event/AttachCapabilitiesEvent;)V
[02:19:15] [StellarCore-ItemStackCapInitializer-0/ERROR] [FML]: 15: ASM: class com.eerussianguy.firmalife.CommonEventHandlerFL onAttachEntityCapabilities(Lnet/minecraftforge/event/AttachCapabilitiesEvent;)V
[02:19:15] [StellarCore-ItemStackCapInitializer-0/ERROR] [FML]: 16: ASM: class tfcflorae.CommonEventHandlerTFCF attachItemCapabilities(Lnet/minecraftforge/event/AttachCapabilitiesEvent;)V
[02:19:15] [StellarCore-ItemStackCapInitializer-0/ERROR] [FML]: 17: ASM: class com.tiviacz.travelersbackpack.handlers.PlayerEventHandler attachCapability(Lnet/minecraftforge/event/AttachCapabilitiesEvent;)V
[02:19:15] [StellarCore-ItemStackCapInitializer-0/ERROR] [FML]: 18: ASM: baubles.common.event.EventHandlerEntity@3e268e0a attachCapabilitiesPlayer(Lnet/minecraftforge/event/AttachCapabilitiesEvent;)V
[02:19:15] [StellarCore-ItemStackCapInitializer-0/ERROR] [FML]: 19: ASM: tschipp.carryon.common.capabilities.event.PositionCommonEvents@3f680fff onAttachCaps(Lnet/minecraftforge/event/AttachCapabilitiesEvent;)V
[02:19:15] [StellarCore-ItemStackCapInitializer-0/ERROR] [FML]: 20: ASM: pl.asie.charset.lib.capability.Capabilities@6129e4b4 onAttachCapabilityTile(Lnet/minecraftforge/event/AttachCapabilitiesEvent;)V
[02:19:15] [StellarCore-ItemStackCapInitializer-0/ERROR] [FML]: 21: ASM: pl.asie.charset.module.crafting.cauldron.fluid.PotionFluidContainerItem$Provider@2a65e9da onAttachCapabilities(Lnet/minecraftforge/event/AttachCapabilitiesEvent;)V
[02:19:15] [StellarCore-ItemStackCapInitializer-0/ERROR] [FML]: 22: ASM: micdoodle8.mods.galacticraft.core.entities.player.GCPlayerHandler@7879af onAttachCapability(Lnet/minecraftforge/event/AttachCapabilitiesEvent;)V
[02:19:15] [StellarCore-ItemStackCapInitializer-0/ERROR] [FML]: 23: ASM: com.mjr.extraplanets.handlers.MainHandlerServer@331cccf5 onAttachCapability(Lnet/minecraftforge/event/AttachCapabilitiesEvent;)V
[02:19:15] [StellarCore-ItemStackCapInitializer-0/ERROR] [FML]: 24: ASM: igentuman.galacticresearch.handler.GREventHandler@6ce425cf attachSpaceDataCapability(Lnet/minecraftforge/event/AttachCapabilitiesEvent;)V
[02:19:15] [StellarCore-ItemStackCapInitializer-0/ERROR] [FML]: 25: ASM: igentuman.galacticresearch.handler.GRPlayerHandler@17ae4a90 onAttachCapability(Lnet/minecraftforge/event/AttachCapabilitiesEvent;)V
[02:19:15] [StellarCore-ItemStackCapInitializer-0/ERROR] [FML]: 26: ASM: mcjty.theoneprobe.ForgeEventHandlers@4d04dd84 onEntityConstructing(Lnet/minecraftforge/event/AttachCapabilitiesEvent;)V
[02:19:15] [StellarCore-ItemStackCapInitializer-0/ERROR] [FML]: 27: ASM: lyeoj.tfcthings.capability.TFCThingsCapabilityHandler@74076870 attachCapability(Lnet/minecraftforge/event/AttachCapabilitiesEvent;)V
[02:19:15] [StellarCore-ItemStackCapInitializer-0/ERROR] [FML]: 28: ASM: gigaherz.toolbelt.slot.ExtensionSlotBelt$AttachHandlers@425d8e4 attachCapabilities(Lnet/minecraftforge/event/AttachCapabilitiesEvent;)V
[02:19:15] [StellarCore-ItemStackCapInitializer-0/ERROR] [FML]: 29: LOWEST
[02:19:15] [StellarCore-ItemStackCapInitializer-0/ERROR] [FML]: 30: ASM: baubles.common.event.EventHandlerItem@732a3dd5 itemCapabilityAttach(Lnet/minecraftforge/event/AttachCapabilitiesEvent;)V
[02:19:15] [StellarCore-ItemStackCapInitializer-0/ERROR] [stellar_core]: [StellarCore] ItemStackCapInitializer failed to execute task.
java.util.ConcurrentModificationException: null
	at java.util.HashMap$HashIterator.nextNode(HashMap.java:1469) ~[?:1.8.0_492]
	at java.util.HashMap$KeyIterator.next(HashMap.java:1493) ~[?:1.8.0_492]
	at net.dries007.tfc.api.capability.metal.CapabilityMetalItem.getCustomMetalItem(CapabilityMetalItem.java:152) ~[CapabilityMetalItem.class:?]
	at net.dries007.tfc.CommonEventHandler.attachItemCapabilities(CommonEventHandler.java:655) ~[CommonEventHandler.class:?]
	at net.minecraftforge.fml.common.eventhandler.ASMEventHandler_242_CommonEventHandler_attachItemCapabilities_AttachCapabilitiesEvent.invoke(.dynamic) ~[?:?]
	at net.minecraftforge.fml.common.eventhandler.ASMEventHandler.invoke(ASMEventHandler.java:90) ~[ASMEventHandler.class:?]
	at net.minecraftforge.fml.common.eventhandler.EventBus.post(EventBus.java:182) ~[EventBus.class:?]
	at net.minecraftforge.event.ForgeEventFactory.gatherCapabilities(ForgeEventFactory.java:691) ~[ForgeEventFactory.class:?]
	at net.minecraftforge.event.ForgeEventFactory.gatherCapabilities(ForgeEventFactory.java:673) ~[ForgeEventFactory.class:?]
	at net.minecraft.item.ItemStack.stellar_core$initCap(ItemStack.java:1431) ~[aip.class:?]
	at github.kasuminova.stellarcore.common.itemstack.ItemStackCapInitTask.run(ItemStackCapInitTask.java:57) ~[ItemStackCapInitTask.class:?]
	at github.kasuminova.stellarcore.common.itemstack.ItemStackCapInitTask.tryRun(ItemStackCapInitTask.java:43) ~[ItemStackCapInitTask.class:?]
	at github.kasuminova.stellarcore.common.itemstack.ItemStackCapInitTask.join(ItemStackCapInitTask.java:77) ~[ItemStackCapInitTask.class:?]
	at net.minecraft.item.ItemStack.stellar_core$ensureCapInitialized(ItemStack.java:1517) ~[aip.class:?]
	at net.minecraft.item.ItemStack.handler$zza000$unknown-owner$injectGetCapability(ItemStack.java:1487) ~[aip.class:?]
	at net.minecraft.item.ItemStack.getCapability(ItemStack.java) ~[aip.class:?]
	at net.dries007.tfc.api.capability.size.CapabilityItemSize.getIItemSize(CapabilityItemSize.java:79) ~[CapabilityItemSize.class:?]
	at net.dries007.tfc.CommonEventHandler.attachItemCapabilities(CommonEventHandler.java:617) ~[CommonEventHandler.class:?]
	at net.minecraftforge.fml.common.eventhandler.ASMEventHandler_242_CommonEventHandler_attachItemCapabilities_AttachCapabilitiesEvent.invoke(.dynamic) ~[?:?]
	at net.minecraftforge.fml.common.eventhandler.ASMEventHandler.invoke(ASMEventHandler.java:90) ~[ASMEventHandler.class:?]
	at net.minecraftforge.fml.common.eventhandler.EventBus.post(EventBus.java:182) ~[EventBus.class:?]
	at net.minecraftforge.event.ForgeEventFactory.gatherCapabilities(ForgeEventFactory.java:691) ~[ForgeEventFactory.class:?]
	at net.minecraftforge.event.ForgeEventFactory.gatherCapabilities(ForgeEventFactory.java:673) ~[ForgeEventFactory.class:?]
	at net.minecraft.item.ItemStack.stellar_core$initCap(ItemStack.java:1431) ~[aip.class:?]
	at github.kasuminova.stellarcore.common.itemstack.ItemStackCapInitTask.run(ItemStackCapInitTask.java:57) ~[ItemStackCapInitTask.class:?]
	at github.kasuminova.stellarcore.common.itemstack.ItemStackCapInitTask.tryRun(ItemStackCapInitTask.java:43) ~[ItemStackCapInitTask.class:?]
	at github.kasuminova.stellarcore.common.itemstack.ItemStackCapInitializer.run(ItemStackCapInitializer.java:115) [ItemStackCapInitializer.class:?]
	at java.lang.Thread.run(Thread.java:750) [?:1.8.0_492]
[02:19:15] [Server thread/INFO] [FML]: Applying holder lookups
[02:19:15] [Server thread/INFO] [FML]: Holder lookups applied
[02:19:15] [Server thread/INFO] [bdlib]: Initialized network channel 'bdew.ae2stuff' for mod 'ae2stuff'
[02:19:15] [Server thread/ERROR] [bdlib]: Error while processing RsRecipeShaped(List(GHG, GTG, GCG),StackBlock(ae2stuff,grower,32767),1): Block name 'appliedenergistics2:quartz_growth_accelerator' resolved to Air. This probably means that it isn't registered.
[02:19:15] [Server thread/ERROR] [bdlib]: Error while processing RsRecipeShaped(List(IHI, PSP, IHI),StackBlock(ae2stuff,inscriber,32767),1): Block name 'appliedenergistics2:inscriber' resolved to Air. This probably means that it isn't registered.
[02:19:15] [Server thread/WARN] [mixin]: @ModifyConstant conflict. Skipping mixins.bugfixes.misc.packetsize.json:UTSPacketCustomPayloadMixin from owner universaltweaks->@ModifyConstant::utPacketSizeCustomPayloadInit(I)I with priority 1000, already redirected by packetfixer.mixins.json:SPacketCustomPayloadMixin from owner unknown-owner->@ModifyConstant::newSize$init(I)I with priority 9999
[02:19:15] [Server thread/WARN] [mixin]: @ModifyConstant conflict. Skipping mixins.bugfixes.misc.packetsize.json:UTSPacketCustomPayloadMixin from owner universaltweaks->@ModifyConstant::utPacketSizeCustomPayloadRead(I)I with priority 1000, already redirected by packetfixer.mixins.json:SPacketCustomPayloadMixin from owner unknown-owner->@ModifyConstant::newSize$readPacketData(I)I with priority 9999
[02:19:16] [Server thread/INFO] [opencomputers]: Found extended redstone mods, enabling tier two redstone card.
[02:19:16] [Server thread/INFO] [opencomputers]: Initializing capabilities.
[02:19:17] [Server thread/INFO] [opencomputers]: Done with init phase.
[02:19:17] [Server thread/INFO] [galacticresearch]: Starting Initialization.
[02:19:17] [Server thread/INFO] [GregTech]: Initializing ore generation registry...
[02:19:17] [Server thread/INFO] [GregTech]: Reloading ore generation files from config...
[02:19:17] [Server thread/INFO] [GregTech]: Loaded 170 vein worldgen definitions
[02:19:17] [Server thread/INFO] [GregTech]: Loaded 33 bedrock worldgen definitions
[02:19:17] [Server thread/INFO] [GregTech]: Loaded 0 worldgen definitions from addon mods
[02:19:17] [Server thread/INFO] [GregTech]: Loaded 0 bedrock worldgen definitions from addon mods
[02:19:17] [Server thread/INFO] [GregTech]: Loaded 203 total worldgen definitions
[02:19:17] [Server thread/INFO] [GregTech]: Registering cover behaviors...
[02:19:17] [Server thread/INFO] [GregTech Mod Integration]: Registering OpenComputers Drivers...
[02:19:17] [Server thread/INFO] [GregTech Mod Integration]: TheOneProbe found. Enabling integration...
[02:19:17] [Server thread/INFO] [gregicprobe]: GregTech support loading
[02:19:17] [Server thread/INFO] [tfc]: Setting default level-type to `tfc_classic`
[02:19:17] [Server thread/INFO] [tfcthings]: TFC Things: Starting Init...
[02:19:17] [Server thread/INFO] [TerraFirmaGreg-Core [ device ]]: Init start
[02:19:17] [Server thread/INFO] [TerraFirmaGreg-Core [ device ]]: Init complete
[02:19:17] [Server thread/INFO] [TerraFirmaGreg-Core [ metal ]]: Init start
[02:19:17] [Server thread/INFO] [TerraFirmaGreg-Core [ metal ]]: Init complete
[02:19:17] [Server thread/INFO] [TerraFirmaGreg-Core [ rock ]]: Init start
[02:19:17] [Server thread/INFO] [TerraFirmaGreg-Core [ rock ]]: Init complete
[02:19:17] [Server thread/INFO] [TerraFirmaGreg-Core [ integration ]]: Init start
[02:19:17] [Server thread/INFO] [TerraFirmaGreg-Core [ integration ]]: Init complete
[02:19:17] [Server thread/INFO] [TerraFirmaGreg-Core [ integration ]]: Init start
[02:19:17] [Server thread/INFO] [TerraFirmaGreg-Core [ integration ]]: Init complete
[02:19:17] [Server thread/INFO] [TerraFirmaGreg-Core [ core ]]: Init start
[02:19:17] [Server thread/INFO] [TerraFirmaGreg-Core [ core ]]: Init complete
[02:19:17] [Server thread/INFO] [Universal Tweaks]: Universal Tweaks initialized
[02:19:17] [Server thread/INFO] [xaero.minimap.XaeroMinimap]: Loading Xaero's Minimap - Stage 1/2 (Server)
[02:19:17] [Server thread/INFO] [Chisel]: Received 406 IMC messages from mod gregtech.
[02:19:18] [Server thread/INFO] [FML]: Injecting itemstacks
[02:19:18] [Server thread/INFO] [FML]: Itemstack injection complete
[02:19:18] [Server thread/INFO] [GroovyLog]: Running scripts in loader 'init'
[02:19:18] [Server thread/INFO] [groovyscript]: Running Groovy scripts during init took 2 ms
[02:19:18] [Server thread/WARN] [FML]: No types have been added to Biome jeid:error_biome, types have been assigned on a best-effort guess: [PLAINS]
[02:19:18] [Server thread/WARN] [FML]: No types have been added to Biome appliedenergistics2:storage_biome, types have been assigned on a best-effort guess: [COLD, PLAINS]
[02:19:22] [Server thread/WARN] [pl.asie.charset.ModCharset]: Found OreDict cobblestone which does not give OreDict stone -> ItemMaterial[chisel:cobblestone;0]
[02:19:22] [Server thread/WARN] [pl.asie.charset.ModCharset]: Found OreDict cobblestone which does not give OreDict stone -> ItemMaterial[chisel:cobblestone;1]
[02:19:22] [Server thread/WARN] [pl.asie.charset.ModCharset]: Found OreDict cobblestone which does not give OreDict stone -> ItemMaterial[chisel:cobblestone;2]
[02:19:22] [Server thread/WARN] [pl.asie.charset.ModCharset]: Found OreDict cobblestone which does not give OreDict stone -> ItemMaterial[chisel:cobblestone;3]
[02:19:22] [Server thread/WARN] [pl.asie.charset.ModCharset]: Found OreDict cobblestone which does not give OreDict stone -> ItemMaterial[chisel:cobblestone;4]
[02:19:22] [Server thread/WARN] [pl.asie.charset.ModCharset]: Found OreDict cobblestone which does not give OreDict stone -> ItemMaterial[chisel:cobblestone;5]
[02:19:22] [Server thread/WARN] [pl.asie.charset.ModCharset]: Found OreDict cobblestone which does not give OreDict stone -> ItemMaterial[chisel:cobblestone;6]
[02:19:22] [Server thread/WARN] [pl.asie.charset.ModCharset]: Found OreDict cobblestone which does not give OreDict stone -> ItemMaterial[chisel:cobblestone;7]
[02:19:22] [Server thread/WARN] [pl.asie.charset.ModCharset]: Found OreDict cobblestone which does not give OreDict stone -> ItemMaterial[chisel:cobblestone;8]
[02:19:22] [Server thread/WARN] [pl.asie.charset.ModCharset]: Found OreDict cobblestone which does not give OreDict stone -> ItemMaterial[chisel:cobblestone;9]
[02:19:22] [Server thread/WARN] [pl.asie.charset.ModCharset]: Found OreDict cobblestone which does not give OreDict stone -> ItemMaterial[chisel:cobblestone;10]
[02:19:22] [Server thread/WARN] [pl.asie.charset.ModCharset]: Found OreDict cobblestone which does not give OreDict stone -> ItemMaterial[chisel:cobblestone;11]
[02:19:22] [Server thread/WARN] [pl.asie.charset.ModCharset]: Found OreDict cobblestone which does not give OreDict stone -> ItemMaterial[chisel:cobblestone;12]
[02:19:22] [Server thread/WARN] [pl.asie.charset.ModCharset]: Found OreDict cobblestone which does not give OreDict stone -> ItemMaterial[chisel:cobblestone;13]
[02:19:22] [Server thread/WARN] [pl.asie.charset.ModCharset]: Found OreDict cobblestone which does not give OreDict stone -> ItemMaterial[chisel:cobblestone;14]
[02:19:22] [Server thread/WARN] [pl.asie.charset.ModCharset]: Found OreDict cobblestone which does not give OreDict stone -> ItemMaterial[chisel:cobblestone;15]
[02:19:22] [Server thread/WARN] [pl.asie.charset.ModCharset]: Found OreDict cobblestone which does not give OreDict stone -> ItemMaterial[chisel:cobblestone1;0]
[02:19:22] [Server thread/WARN] [pl.asie.charset.ModCharset]: Found OreDict cobblestone which does not give OreDict stone -> ItemMaterial[chisel:cobblestone1;1]
[02:19:22] [Server thread/WARN] [pl.asie.charset.ModCharset]: Found OreDict cobblestone which does not give OreDict stone -> ItemMaterial[chisel:cobblestone1;2]
[02:19:22] [Server thread/WARN] [pl.asie.charset.ModCharset]: Found OreDict cobblestone which does not give OreDict stone -> ItemMaterial[chisel:cobblestone1;3]
[02:19:22] [Server thread/WARN] [pl.asie.charset.ModCharset]: Found OreDict cobblestone which does not give OreDict stone -> ItemMaterial[chisel:cobblestone1;4]
[02:19:22] [Server thread/WARN] [pl.asie.charset.ModCharset]: Found OreDict cobblestone which does not give OreDict stone -> ItemMaterial[chisel:cobblestone1;5]
[02:19:22] [Server thread/WARN] [pl.asie.charset.ModCharset]: Found OreDict cobblestone which does not give OreDict stone -> ItemMaterial[chisel:cobblestone1;6]
[02:19:22] [Server thread/WARN] [pl.asie.charset.ModCharset]: Found OreDict cobblestone which does not give OreDict stone -> ItemMaterial[chisel:cobblestone1;7]
[02:19:22] [Server thread/WARN] [pl.asie.charset.ModCharset]: Found OreDict cobblestone which does not give OreDict stone -> ItemMaterial[chisel:cobblestone1;8]
[02:19:22] [Server thread/WARN] [pl.asie.charset.ModCharset]: Found OreDict cobblestone which does not give OreDict stone -> ItemMaterial[chisel:cobblestone1;9]
[02:19:22] [Server thread/WARN] [pl.asie.charset.ModCharset]: Found OreDict cobblestone which does not give OreDict stone -> ItemMaterial[chisel:cobblestone2;0]
[02:19:22] [Server thread/WARN] [pl.asie.charset.ModCharset]: Found OreDict cobblestone which does not give OreDict stone -> ItemMaterial[chisel:cobblestone2;1]
[02:19:22] [Server thread/WARN] [pl.asie.charset.ModCharset]: Found OreDict cobblestone which does not give OreDict stone -> ItemMaterial[chisel:cobblestone2;2]
[02:19:22] [Server thread/WARN] [pl.asie.charset.ModCharset]: Found OreDict cobblestone which does not give OreDict stone -> ItemMaterial[chisel:cobblestone2;3]
[02:19:22] [Server thread/WARN] [pl.asie.charset.ModCharset]: Found OreDict cobblestone which does not give OreDict stone -> ItemMaterial[chisel:cobblestone2;4]
[02:19:22] [Server thread/WARN] [pl.asie.charset.ModCharset]: Found OreDict cobblestone which does not give OreDict stone -> ItemMaterial[chisel:cobblestone2;5]
[02:19:22] [Server thread/WARN] [pl.asie.charset.ModCharset]: Found OreDict cobblestone which does not give OreDict stone -> ItemMaterial[chisel:cobblestone2;6]
[02:19:22] [Server thread/WARN] [pl.asie.charset.ModCharset]: Found OreDict cobblestone which does not give OreDict stone -> ItemMaterial[chisel:cobblestone2;7]
[02:19:22] [Server thread/WARN] [pl.asie.charset.ModCharset]: Found OreDict cobblestone which does not give OreDict stone -> ItemMaterial[chisel:cobblestone2;8]
[02:19:22] [Server thread/WARN] [pl.asie.charset.ModCharset]: Found OreDict cobblestone which does not give OreDict stone -> ItemMaterial[chisel:cobblestone2;9]
[02:19:22] [Server thread/WARN] [pl.asie.charset.ModCharset]: Found OreDict cobblestone which does not give OreDict stone -> ItemMaterial[tfc:cobble/slate;0]
[02:19:22] [Server thread/WARN] [pl.asie.charset.ModCharset]: Found OreDict cobblestone which does not give OreDict stone -> ItemMaterial[tfc:cobble/diorite;0]
[02:19:22] [Server thread/WARN] [pl.asie.charset.ModCharset]: Found OreDict cobblestone which does not give OreDict stone -> ItemMaterial[tfc:cobble/conglomerate;0]
[02:19:22] [Server thread/WARN] [pl.asie.charset.ModCharset]: Found OreDict cobblestone which does not give OreDict stone -> ItemMaterial[tfc:cobble/peridotite;0]
[02:19:22] [Server thread/WARN] [pl.asie.charset.ModCharset]: Found OreDict cobblestone which does not give OreDict stone -> ItemMaterial[tfc:cobble/breccia;0]
[02:19:22] [Server thread/WARN] [pl.asie.charset.ModCharset]: Found OreDict cobblestone which does not give OreDict stone -> ItemMaterial[tfc:cobble/granite;0]
[02:19:22] [Server thread/WARN] [pl.asie.charset.ModCharset]: Found OreDict cobblestone which does not give OreDict stone -> ItemMaterial[tfc:cobble/shale;0]
[02:19:22] [Server thread/WARN] [pl.asie.charset.ModCharset]: Found OreDict cobblestone which does not give OreDict stone -> ItemMaterial[tfc:cobble/catlinite;0]
[02:19:22] [Server thread/WARN] [pl.asie.charset.ModCharset]: Found OreDict cobblestone which does not give OreDict stone -> ItemMaterial[tfc:cobble/rocksalt;0]
[02:19:22] [Server thread/WARN] [pl.asie.charset.ModCharset]: Found OreDict cobblestone which does not give OreDict stone -> ItemMaterial[tfc:cobble/chalk;0]
[02:19:22] [Server thread/WARN] [pl.asie.charset.ModCharset]: Found OreDict cobblestone which does not give OreDict stone -> ItemMaterial[tfc:cobble/dacite;0]
[02:19:22] [Server thread/WARN] [pl.asie.charset.ModCharset]: Found OreDict cobblestone which does not give OreDict stone -> ItemMaterial[tfc:cobble/novaculite;0]
[02:19:22] [Server thread/WARN] [pl.asie.charset.ModCharset]: Found OreDict cobblestone which does not give OreDict stone -> ItemMaterial[tfc:cobble/rhyolite;0]
[02:19:22] [Server thread/WARN] [pl.asie.charset.ModCharset]: Found OreDict cobblestone which does not give OreDict stone -> ItemMaterial[tfc:cobble/gabbro;0]
[02:19:22] [Server thread/WARN] [pl.asie.charset.ModCharset]: Found OreDict cobblestone which does not give OreDict stone -> ItemMaterial[tfc:cobble/siltstone;0]
[02:19:22] [Server thread/WARN] [pl.asie.charset.ModCharset]: Found OreDict cobblestone which does not give OreDict stone -> ItemMaterial[tfc:cobble/komatiite;0]
[02:19:22] [Server thread/WARN] [pl.asie.charset.ModCharset]: Found OreDict cobblestone which does not give OreDict stone -> ItemMaterial[tfc:cobble/basalt;0]
[02:19:22] [Server thread/WARN] [pl.asie.charset.ModCharset]: Found OreDict cobblestone which does not give OreDict stone -> ItemMaterial[tfc:cobble/sandstone;0]
[02:19:22] [Server thread/WARN] [pl.asie.charset.ModCharset]: Found OreDict cobblestone which does not give OreDict stone -> ItemMaterial[tfc:cobble/andesite;0]
[02:19:22] [Server thread/WARN] [pl.asie.charset.ModCharset]: Found OreDict cobblestone which does not give OreDict stone -> ItemMaterial[tfc:cobble/phyllite;0]
[02:19:22] [Server thread/WARN] [pl.asie.charset.ModCharset]: Found OreDict cobblestone which does not give OreDict stone -> ItemMaterial[tfc:cobble/mudstone;0]
[02:19:22] [Server thread/WARN] [pl.asie.charset.ModCharset]: Found OreDict cobblestone which does not give OreDict stone -> ItemMaterial[tfc:cobble/chert;0]
[02:19:22] [Server thread/WARN] [pl.asie.charset.ModCharset]: Found OreDict cobblestone which does not give OreDict stone -> ItemMaterial[tfc:cobble/schist;0]
[02:19:22] [Server thread/WARN] [pl.asie.charset.ModCharset]: Found OreDict cobblestone which does not give OreDict stone -> ItemMaterial[tfc:cobble/limestone;0]
[02:19:22] [Server thread/WARN] [pl.asie.charset.ModCharset]: Found OreDict cobblestone which does not give OreDict stone -> ItemMaterial[tfc:cobble/dolomite;0]
[02:19:22] [Server thread/WARN] [pl.asie.charset.ModCharset]: Found OreDict cobblestone which does not give OreDict stone -> ItemMaterial[tfc:cobble/porphyry;0]
[02:19:22] [Server thread/WARN] [pl.asie.charset.ModCharset]: Found OreDict cobblestone which does not give OreDict stone -> ItemMaterial[tfc:cobble/quartzite;0]
[02:19:22] [Server thread/WARN] [pl.asie.charset.ModCharset]: Found OreDict cobblestone which does not give OreDict stone -> ItemMaterial[tfc:cobble/gneiss;0]
[02:19:22] [Server thread/WARN] [pl.asie.charset.ModCharset]: Found OreDict cobblestone which does not give OreDict stone -> ItemMaterial[tfc:cobble/marble;0]
[02:19:22] [Server thread/WARN] [pl.asie.charset.ModCharset]: Found OreDict cobblestone which does not give OreDict stone -> ItemMaterial[tfc:cobble/soapstone;0]
[02:19:22] [Server thread/WARN] [pl.asie.charset.ModCharset]: Found OreDict cobblestone which does not give OreDict stone -> ItemMaterial[tfc:cobble/claystone;0]
[02:19:33] [Server thread/INFO] [pl.asie.charset.ModCharset]: Charset material heuristics time (phase 2): 14673ms
[02:19:33] [Server thread/INFO] [GalacticraftCore]: Activating AppliedEnergistics2 compatibility features.
[02:19:33] [Server thread/INFO] [opencomputers]: Done with post init phase.
[02:19:33] [Server thread/INFO] [placebo]: Beginning replacement of all shapeless recipes...
[02:19:33] [Server thread/INFO] [placebo]: Expect log spam from FML!
[02:19:33] [Server thread/INFO] [placebo]: Successfully replaced 679 recipes with fast recipes.
[02:19:33] [Server thread/INFO] [tfc]: Registered animal food data for tfc:alpacatfc
[02:19:33] [Server thread/INFO] [tfc]: Registered animal food data for tfc:cameltfc
[02:19:33] [Server thread/INFO] [tfc]: Registered animal food data for tfc:chickentfc
[02:19:33] [Server thread/INFO] [tfc]: Registered animal food data for tfc:cowtfc
[02:19:33] [Server thread/INFO] [tfc]: Registered animal food data for tfc:donkeytfc
[02:19:33] [Server thread/INFO] [tfc]: Registered animal food data for tfc:ducktfc
[02:19:33] [Server thread/INFO] [tfc]: Registered animal food data for tfc:goattfc
[02:19:33] [Server thread/INFO] [tfc]: Registered animal food data for tfc:horsetfc
[02:19:33] [Server thread/INFO] [tfc]: Registered animal food data for tfc:llamatfc
[02:19:33] [Server thread/INFO] [tfc]: Registered animal food data for tfc:muletfc
[02:19:33] [Server thread/INFO] [tfc]: Registered animal food data for tfc:ocelottfc
[02:19:33] [Server thread/INFO] [tfc]: Registered animal food data for tfc:pigtfc
[02:19:33] [Server thread/INFO] [tfc]: Registered animal food data for tfc:sheeptfc
[02:19:33] [Server thread/INFO] [tfc]: Registered animal food data for tfc:wolftfc
[02:19:33] [Server thread/INFO] [tfc]: Registered animal food data for tfc:yaktfc
[02:19:33] [Server thread/INFO] [tfc]: Registered animal food data for tfc:muskoxtfc
[02:19:33] [Server thread/INFO] [tfc]: Registered animal food data for tfc:zebutfc
[02:19:33] [Server thread/INFO] [tfc]: Registered animal food data for tfc:quailtfc
[02:19:33] [Server thread/INFO] [tfc]: Registered animal food data for tfc:grousetfc
[02:19:33] [Server thread/INFO] [tfc]: Registered animal food data for tfc:parrottfc
[02:19:33] [Server thread/INFO] [tfc]: Vein Registry Initialized, with 0 veins, 0 max radius, 0.0 total weight
[02:19:33] [Server thread/INFO] [tfc]: Entity resistance data initialized, loaded a total of 8 resistance configurations
[02:19:33] [Server thread/INFO] [tfcthings]: TFC Things: Starting Post-Init...
[02:19:33] [Server thread/INFO] [TerraFirmaGreg-Core [ device ]]: Post-Init start
[02:19:33] [Server thread/INFO] [TerraFirmaGreg-Core [ device ]]: Post-Init complete
[02:19:33] [Server thread/INFO] [TerraFirmaGreg-Core [ metal ]]: Post-Init start
[02:19:33] [Server thread/INFO] [TerraFirmaGreg-Core [ metal ]]: Post-Init complete
[02:19:33] [Server thread/INFO] [TerraFirmaGreg-Core [ rock ]]: Post-Init start
[02:19:33] [Server thread/INFO] [TerraFirmaGreg-Core [ rock ]]: Post-Init complete
[02:19:33] [Server thread/INFO] [TerraFirmaGreg-Core [ integration ]]: Post-Init start
[02:19:33] [Server thread/INFO] [TerraFirmaGreg-Core [ integration ]]: Post-Init complete
[02:19:33] [Server thread/INFO] [TerraFirmaGreg-Core [ integration ]]: Post-Init start
[02:19:33] [Server thread/INFO] [TerraFirmaGreg-Core [ integration ]]: Post-Init complete
[02:19:33] [Server thread/INFO] [TerraFirmaGreg-Core [ core ]]: Post-Init start
[02:19:33] [Server thread/INFO] [TerraFirmaGreg-Core [ core ]]: Post-Init complete
[02:19:33] [Server thread/INFO] [Universal Tweaks]: Entity Desync blacklist initialized
[02:19:33] [Server thread/INFO] [Universal Tweaks]: Block Dispenser block list initialized
[02:19:33] [Server thread/INFO] [Universal Tweaks]: Swing Through Grass lists initialized
[02:19:33] [Server thread/INFO] [Universal Tweaks]: Incurable Potions list initialized
[02:19:33] [Server thread/INFO] [Universal Tweaks]: Item rarity map initialized
[02:19:33] [Server thread/INFO] [Universal Tweaks]: Universal Tweaks post-initialized
[02:19:33] [Server thread/INFO] [xaero.minimap.XaeroMinimap]: Loading Xaero's Minimap - Stage 2/2 (Server)
[02:19:34] [Server thread/INFO] [GroovyLog]: Running scripts in loader 'postInit'
[02:19:40] [Server thread/INFO] [groovyscript]: Running Groovy scripts during postInit took 6695 ms
[02:19:41] [Server thread/INFO] [supermartijn642corelib]: Loaded '7' block tags
[02:19:41] [Server thread/INFO] [supermartijn642corelib]: Loaded '0' item tags
[02:19:41] [Server thread/INFO] [LoliASM]: Trimming simple registries
[02:19:41] [Server thread/INFO] [LoliASM]: Cleaning up LaunchClassLoader
[02:19:41] [Server thread/INFO] [LoliASM]: 325406 total strings processed. 78333 unique strings in LoliStringPool, 247073 strings deduplicated altogether during game load.
[02:19:41] [Server thread/INFO] [LoliASM]: Took 44.32 ms to canonicalize Java's FilePermission caches.
[02:19:41] [Server thread/INFO] [TerraFirmaGreg-Core [ device ]]: Load-complete start
[02:19:41] [Server thread/INFO] [TerraFirmaGreg-Core [ device ]]: Load-complete complete
[02:19:41] [Server thread/INFO] [TerraFirmaGreg-Core [ metal ]]: Load-complete start
[02:19:41] [Server thread/INFO] [TerraFirmaGreg-Core [ metal ]]: Load-complete complete
[02:19:41] [Server thread/INFO] [TerraFirmaGreg-Core [ rock ]]: Load-complete start
[02:19:41] [Server thread/INFO] [TerraFirmaGreg-Core [ rock ]]: Load-complete complete
[02:19:41] [Server thread/INFO] [TerraFirmaGreg-Core [ integration ]]: Load-complete start
[02:19:41] [Server thread/INFO] [TerraFirmaGreg-Core [ integration ]]: Load-complete complete
[02:19:41] [Server thread/INFO] [TerraFirmaGreg-Core [ integration ]]: Load-complete start
[02:19:41] [Server thread/INFO] [TerraFirmaGreg-Core [ integration ]]: Load-complete complete
[02:19:41] [Server thread/INFO] [TerraFirmaGreg-Core [ core ]]: Load-complete start
[02:19:41] [Server thread/INFO] [TerraFirmaGreg-Core [ core ]]: Load-complete complete
[02:19:41] [Server thread/INFO] [Universal Tweaks]: The game loaded in approximately 82.969 seconds
[02:19:42] [Server thread/INFO] [FML]: Forge Mod Loader has successfully loaded 109 mods
[02:19:42] [Server thread/INFO] [TerraFirmaGreg-Core [ device ]]: Server-about-to-start start
[02:19:42] [Server thread/INFO] [TerraFirmaGreg-Core [ device ]]: Server-about-to-start complete
[02:19:42] [Server thread/INFO] [TerraFirmaGreg-Core [ metal ]]: Server-about-to-start start
[02:19:42] [Server thread/INFO] [TerraFirmaGreg-Core [ metal ]]: Server-about-to-start complete
[02:19:42] [Server thread/INFO] [TerraFirmaGreg-Core [ rock ]]: Server-about-to-start start
[02:19:42] [Server thread/INFO] [TerraFirmaGreg-Core [ rock ]]: Server-about-to-start complete
[02:19:42] [Server thread/INFO] [TerraFirmaGreg-Core [ integration ]]: Server-about-to-start start
[02:19:42] [Server thread/INFO] [TerraFirmaGreg-Core [ integration ]]: Server-about-to-start complete
[02:19:42] [Server thread/INFO] [TerraFirmaGreg-Core [ integration ]]: Server-about-to-start start
[02:19:42] [Server thread/INFO] [TerraFirmaGreg-Core [ integration ]]: Server-about-to-start complete
[02:19:42] [Server thread/INFO] [TerraFirmaGreg-Core [ core ]]: Server-about-to-start start
[02:19:42] [Server thread/INFO] [TerraFirmaGreg-Core [ core ]]: Server-about-to-start complete
[02:19:42] [Server thread/INFO] [net.minecraft.server.dedicated.DedicatedServer]: Preparing level "world"
[02:19:42] [Server thread/INFO] [FML]: Injecting existing registry data into this server instance
[02:19:44] [Server thread/INFO] [FML]: Applying holder lookups
[02:19:44] [Server thread/INFO] [FML]: Holder lookups applied
[02:19:44] [Server thread/INFO] [FML]: Loading dimension 0 (world) (net.minecraft.server.dedicated.DedicatedServer@31b1b750)
[02:19:44] [Server thread/INFO] [Sledgehammer]: Advancement Reloading...
[02:19:45] [Server thread/WARN] [tfc]: Updating gamerule naturalRegeneration to false!
[02:19:45] [Server thread/INFO] [LoliASM]: Took 13.82 ms to canonicalize Java's FilePermission caches.
[02:19:45] [Server thread/INFO] [FML]: Loading dimension -1 (world) (net.minecraft.server.dedicated.DedicatedServer@31b1b750)
[02:19:45] [Server thread/WARN] [tfc]: Updating gamerule naturalRegeneration to false!
[02:19:45] [Server thread/INFO] [LoliASM]: Took 19.47 ms to canonicalize Java's FilePermission caches.
[02:19:45] [Server thread/INFO] [FML]: Loading dimension 1 (world) (net.minecraft.server.dedicated.DedicatedServer@31b1b750)
[02:19:45] [Server thread/WARN] [tfc]: Updating gamerule naturalRegeneration to false!
[02:19:45] [Server thread/INFO] [LoliASM]: Took 11.39 ms to canonicalize Java's FilePermission caches.
[02:19:45] [Server thread/INFO] [FML]: Loading dimension 2 (world) (net.minecraft.server.dedicated.DedicatedServer@31b1b750)
[02:19:45] [Server thread/WARN] [tfc]: Updating gamerule naturalRegeneration to false!
[02:19:45] [Server thread/INFO] [LoliASM]: Took 11.61 ms to canonicalize Java's FilePermission caches.
[02:19:45] [Server thread/INFO] [Ksyxis/MinecraftServerMixin]: Ksyxis: Hey. This is Ksyxis. We will now load the world and will try to do it quickly. If the game is not responding after this, it's probably us to blame or delete for good. This message appears always, even if the mod works flawlessly. (legacy)
[02:19:45] [Server thread/INFO] [net.minecraft.server.dedicated.DedicatedServer]: Done (3.117s)! For help, type "help" or "?"
[02:19:45] [Server thread/INFO] [GalacticraftCore]: Registered Dimension: -13
[02:19:45] [Server thread/INFO] [GalacticraftCore]: Registered Dimension: -20
[02:19:45] [Server thread/INFO] [GalacticraftCore]: Registered Dimension: -15
[02:19:45] [Server thread/INFO] [GalacticraftCore]: Registered Dimension: -16
[02:19:45] [Server thread/INFO] [GalacticraftCore]: Registered Dimension: -17
[02:19:45] [Server thread/INFO] [GalacticraftCore]: Registered Dimension: -18
[02:19:45] [Server thread/INFO] [GalacticraftCore]: Registered Dimension: -19
[02:19:45] [Server thread/INFO] [GalacticraftCore]: Registered Dimension: -21
[02:19:45] [Server thread/INFO] [GalacticraftCore]: Registered Dimension: -22
[02:19:45] [Server thread/INFO] [GalacticraftCore]: Registered Dimension: -29
[02:19:45] [Server thread/INFO] [GalacticraftCore]: Registered Dimension: -30
[02:19:45] [Server thread/INFO] [GalacticraftCore]: Registered Dimension: -31
[02:19:45] [Server thread/INFO] [GalacticraftCore]: Registered Dimension: -1504
[02:19:45] [Server thread/INFO] [GalacticraftCore]: Registered Dimension: -1501
[02:19:45] [Server thread/INFO] [GalacticraftCore]: Registered Dimension: -1500
[02:19:45] [Server thread/INFO] [GalacticraftCore]: Registered Dimension: -1503
[02:19:45] [Server thread/INFO] [GalacticraftCore]: Registered Dimension: -1502
[02:19:45] [Server thread/INFO] [GalacticraftCore]: Registered Dimension: -1505
[02:19:45] [Server thread/INFO] [GalacticraftCore]: Registered Dimension: -1506
[02:19:45] [Server thread/INFO] [GalacticraftCore]: Registered Dimension: -1507
[02:19:45] [Server thread/INFO] [GalacticraftCore]: Registered Dimension: -1508
[02:19:45] [Server thread/INFO] [GalacticraftCore]: Registered Dimension: -1509
[02:19:45] [Server thread/INFO] [GalacticraftCore]: Registered Dimension: -1510
[02:19:45] [Server thread/INFO] [GalacticraftCore]: Registered Dimension: -1511
[02:19:45] [Server thread/INFO] [GalacticraftCore]: Registered Dimension: -28
[02:19:45] [Server thread/WARN] [opencomputers]: ####################################################
[02:19:45] [Server thread/WARN] [opencomputers]: #                                                  #
[02:19:45] [Server thread/WARN] [opencomputers]: #    It appears that you're running a dedicated    #
[02:19:45] [Server thread/WARN] [opencomputers]: #  server with OpenComputers installed! Make sure  #
[02:19:45] [Server thread/WARN] [opencomputers]: #  to review the Internet Card address filtering   #
[02:19:45] [Server thread/WARN] [opencomputers]: #  list to ensure it is appropriately configured.  #
[02:19:45] [Server thread/WARN] [opencomputers]: #   (config/OpenComputers.cfg => filteringRules)   #
[02:19:45] [Server thread/WARN] [opencomputers]: #                                                  #
[02:19:45] [Server thread/WARN] [opencomputers]: ####################################################
[02:19:45] [Server thread/INFO] [TerraFirmaGreg-Core [ device ]]: Command Registering
[02:19:45] [Server thread/INFO] [TerraFirmaGreg-Core [ device ]]: Server-starting start
[02:19:45] [Server thread/INFO] [TerraFirmaGreg-Core [ device ]]: Server-starting complete
[02:19:45] [Server thread/INFO] [TerraFirmaGreg-Core [ metal ]]: Command Registering
[02:19:45] [Server thread/INFO] [TerraFirmaGreg-Core [ metal ]]: Server-starting start
[02:19:45] [Server thread/INFO] [TerraFirmaGreg-Core [ metal ]]: Server-starting complete
[02:19:45] [Server thread/INFO] [TerraFirmaGreg-Core [ rock ]]: Command Registering
[02:19:45] [Server thread/INFO] [TerraFirmaGreg-Core [ rock ]]: Server-starting start
[02:19:45] [Server thread/INFO] [TerraFirmaGreg-Core [ rock ]]: Server-starting complete
[02:19:45] [Server thread/INFO] [TerraFirmaGreg-Core [ integration ]]: Command Registering
[02:19:45] [Server thread/INFO] [TerraFirmaGreg-Core [ integration ]]: Server-starting start
[02:19:45] [Server thread/INFO] [TerraFirmaGreg-Core [ integration ]]: Server-starting complete
[02:19:45] [Server thread/INFO] [TerraFirmaGreg-Core [ integration ]]: Command Registering
[02:19:45] [Server thread/INFO] [TerraFirmaGreg-Core [ integration ]]: Server-starting start
[02:19:45] [Server thread/INFO] [TerraFirmaGreg-Core [ integration ]]: Server-starting complete
[02:19:45] [Server thread/INFO] [TerraFirmaGreg-Core [ core ]]: Command Registering
[02:19:45] [Server thread/INFO] [TerraFirmaGreg-Core [ core ]]: Server-starting start
[02:19:45] [Server thread/INFO] [TerraFirmaGreg-Core [ core ]]: Server-starting complete
[02:19:45] [Server thread/INFO] [xaero.hud.minimap.MinimapLogs]: Registered synced player tracker system: ftb_teams
[02:19:45] [Server thread/INFO] [net.minecraft.server.dedicated.DedicatedServer]: Sledgehammer v1.12.2-2.0.26 was successfully applied!
[02:19:45] [Server thread/INFO] [VintageFix]: Using alternate server main loop.
[02:19:45] [Server thread/INFO] [FTB Quests]: Loading quests from /workspaces/de-nuevo/servidor_minecraft/config/ftbquests/normal
[02:19:46] [Finalizer/WARN] [LoliASM]: Clearing LoliStringPool 1
[02:19:46] [Server thread/INFO] [FTB Quests]: Loaded 13 chapters, 1086 quests, 1314 tasks and 56 rewards. In total, 2490 objects
[02:19:46] [Finalizer/WARN] [LoliASM]: Clearing LoliStringPool 1
[02:19:46] [Finalizer/WARN] [LoliASM]: Clearing LoliStringPool 1
[02:19:46] [Finalizer/WARN] [LoliASM]: Clearing LoliStringPool 1
[02:19:46] [Finalizer/WARN] [LoliASM]: Clearing LoliStringPool 1
[02:19:46] [Server thread/INFO] [FTB Library]: Reloaded server in 8ms
[02:19:46] [Server thread/INFO] [FTB Utilities]: Overridden 154 commands
[02:19:46] [Server thread/INFO] [TerraFirmaGreg-Core [ device ]]: Server-started start
[02:19:46] [Server thread/INFO] [TerraFirmaGreg-Core [ device ]]: Server-started complete
[02:19:46] [Server thread/INFO] [TerraFirmaGreg-Core [ metal ]]: Server-started start
[02:19:46] [Server thread/INFO] [TerraFirmaGreg-Core [ metal ]]: Server-started complete
[02:19:46] [Server thread/INFO] [TerraFirmaGreg-Core [ rock ]]: Server-started start
[02:19:46] [Server thread/INFO] [TerraFirmaGreg-Core [ rock ]]: Server-started complete
[02:19:46] [Server thread/INFO] [TerraFirmaGreg-Core [ integration ]]: Server-started start
[02:19:46] [Server thread/INFO] [TerraFirmaGreg-Core [ integration ]]: Server-started complete
[02:19:46] [Server thread/INFO] [TerraFirmaGreg-Core [ integration ]]: Server-started start
[02:19:46] [Server thread/INFO] [TerraFirmaGreg-Core [ integration ]]: Server-started complete
[02:19:46] [Server thread/INFO] [TerraFirmaGreg-Core [ core ]]: Server-started start
[02:19:46] [Server thread/INFO] [TerraFirmaGreg-Core [ core ]]: Server-started complete
[02:19:47] [Server thread/INFO] [stellar_core]: [StellarCore] Set server thread priority to MAX.
[02:19:47] [Server thread/INFO] [FML]: Unloading dimension -1
[02:19:47] [Server thread/INFO] [FML]: Unloading dimension 1
[02:27:45] [Netty Epoll Server IO #7/WARN] [mixin]: @ModifyConstant conflict. Skipping mixins.bugfixes.misc.packetsize.json:UTNettyCompressionDecoderMixin from owner universaltweaks->@ModifyConstant::utPacketSizeDecoder(I)I with priority 1000, already redirected by packetfixer.mixins.json:NettyCompressionDecoderMixin from owner unknown-owner->@ModifyConstant::newSize$decode(I)I with priority 9999
[02:27:45] [Netty Epoll Server IO #7/WARN] [mixin]: @ModifyConstant conflict. Skipping mixins.bugfixes.misc.packetsize.json:UTNettyCompressionDecoderMixin from owner universaltweaks->@ModifyConstant::utPacketSizeDecoder(I)I with priority 1000, already redirected by packetfixer.mixins.json:NettyCompressionDecoderMixin from owner unknown-owner->@ModifyConstant::newSize$decode(I)I with priority 9999
[02:27:46] [Netty Epoll Server IO #7/INFO] [FML]: Client protocol version 2
[02:27:46] [Netty Epoll Server IO #7/INFO] [CodeChickenLib-ConfigSync]: Skipping config sync, No mods have registered a syncable config.
[02:27:55] [Server thread/INFO] [FML]: [Server thread] Server side modded connection established
[02:27:55] [Server thread/INFO] [net.minecraft.server.management.PlayerList]: FabiNoventero[/100.102.65.20:58605] logged in with entity id 1 at (167.5, 146.0, 281.5)
[02:27:55] [Server thread/INFO] [net.minecraft.server.dedicated.DedicatedServer]: FabiNoventero joined the game
[02:27:57] [Server thread/INFO] [tfc]: Player Logged In - Checking for Calendar Updates.
[02:27:57] [Server thread/INFO] [tfc]: Reverted doDaylightCycle to true as players are logged in.
[02:27:57] [Server thread/ERROR] [galacticresearch]: Sky seed: -4978990832977908632
[02:27:57] [Server thread/ERROR] [galacticresearch]: Asteoids: 
[02:28:00] [Server thread/WARN] [net.minecraft.server.MinecraftServer]: Can't keep up! Did the system time change, or is the server overloaded? Running 4761ms behind, skipping 56 tick(s)
[02:28:08] [Server thread/INFO] [jecalculation]: Failed to load default records at /workspaces/de-nuevo/servidor_minecraft/config/JustEnoughCalculation/default.json.
[02:28:15] [Server thread/WARN] [net.minecraft.server.MinecraftServer]: Can't keep up! Did the system time change, or is the server overloaded? Running 4850ms behind, skipping 57 tick(s)
[02:31:17] [Server thread/WARN] [tfc]: Unable to find a template for tfc:maclura/9
[02:31:17] [Server thread/WARN] [tfc]: Unable to find a template for tfc:maclura/9
[02:35:53] [Server thread/INFO] [GregTechTransformer]: Patched method applyArmor(Lnet/minecraft/entity/EntityLivingBase;Lnet/minecraft/util/NonNullList;Lnet/minecraft/util/DamageSource;D)F in net/minecraftforge/common/ISpecialArmor$ArmorProperties successfully
[02:36:02] [Server thread/INFO] [net.minecraft.server.dedicated.DedicatedServer]: FabiNoventero is bleeding...
[02:36:06] [Server thread/INFO] [net.minecraft.server.dedicated.DedicatedServer]: FabiNoventero was slain by Black Bear♂
[02:36:06] [Server thread/WARN] [net.minecraft.network.datasync.EntityDataManager]: defineId called for: class de.maxhenkel.corpse.entities.EntityCorpse from class de.maxhenkel.corpse.entities.EntityCorpseInventoryBase
[02:36:59] [Server thread/INFO] [net.minecraft.server.dedicated.DedicatedServer]: FabiNoventero is bleeding...
[02:37:02] [Server thread/INFO] [net.minecraft.server.dedicated.DedicatedServer]: FabiNoventero was slain by Black Bear♂
[02:37:18] [Server thread/INFO] [net.minecraft.server.dedicated.DedicatedServer]: Opped FabiNoventero
[02:37:25] [Server thread/INFO] [net.minecraft.server.dedicated.DedicatedServer]: [FabiNoventero: Set own game mode to Creative Mode]
[02:38:38] [Server thread/INFO] [net.minecraft.server.dedicated.DedicatedServer]: [FabiNoventero: Set own game mode to Survival Mode]
[02:38:41] [Server thread/INFO] [net.minecraft.server.dedicated.DedicatedServer]: [FabiNoventero: Set own game mode to Creative Mode]
[02:38:49] [Server thread/INFO] [net.minecraft.server.dedicated.DedicatedServer]: [FabiNoventero: Set own game mode to Survival Mode]
[02:39:00] [Server thread/INFO] [net.minecraft.server.dedicated.DedicatedServer]: [FabiNoventero: Set own game mode to Creative Mode]
[02:39:07] [Server thread/INFO] [net.minecraft.server.dedicated.DedicatedServer]: [FabiNoventero: Set own game mode to Survival Mode]
[02:39:25] [Server thread/INFO] [net.minecraft.server.dedicated.DedicatedServer]: [FabiNoventero: Set own game mode to Creative Mode]
[02:39:30] [Server thread/INFO] [net.minecraft.server.dedicated.DedicatedServer]: [FabiNoventero: Set own game mode to Survival Mode]
[02:39:57] [Server thread/INFO] [net.minecraft.server.dedicated.DedicatedServer]: [FabiNoventero: Set own game mode to Creative Mode]
[02:39:58] [Server thread/INFO] [net.minecraft.server.dedicated.DedicatedServer]: [FabiNoventero: Set own game mode to Survival Mode]
[02:54:32] [Server thread/INFO] [net.minecraft.network.NetHandlerPlayServer]: FabiNoventero lost connection: Disconnected
[02:54:32] [Server thread/INFO] [net.minecraft.server.dedicated.DedicatedServer]: FabiNoventero left the game
[02:54:32] [Server thread/INFO] [tfc]: Player Logged Out - Checking for Calendar Updates.
[02:54:32] [Server thread/INFO] [tfc]: Forced doDaylightCycle to false as no players are logged in. Will revert to true as soon as a player logs in.
[02:55:26] [Server thread/INFO] [net.minecraft.server.dedicated.DedicatedServer]: Stopping the server
[02:55:26] [Server thread/INFO] [TerraFirmaGreg-Core [ device ]]: Server-stopping start
[02:55:26] [Server thread/INFO] [TerraFirmaGreg-Core [ device ]]: Server-stopping complete
[02:55:26] [Server thread/INFO] [TerraFirmaGreg-Core [ metal ]]: Server-stopping start
[02:55:26] [Server thread/INFO] [TerraFirmaGreg-Core [ metal ]]: Server-stopping complete
[02:55:26] [Server thread/INFO] [TerraFirmaGreg-Core [ rock ]]: Server-stopping start
[02:55:26] [Server thread/INFO] [TerraFirmaGreg-Core [ rock ]]: Server-stopping complete
[02:55:26] [Server thread/INFO] [TerraFirmaGreg-Core [ integration ]]: Server-stopping start
[02:55:26] [Server thread/INFO] [TerraFirmaGreg-Core [ integration ]]: Server-stopping complete
[02:55:26] [Server thread/INFO] [TerraFirmaGreg-Core [ integration ]]: Server-stopping start
[02:55:26] [Server thread/INFO] [TerraFirmaGreg-Core [ integration ]]: Server-stopping complete
[02:55:26] [Server thread/INFO] [TerraFirmaGreg-Core [ core ]]: Server-stopping start
[02:55:26] [Server thread/INFO] [TerraFirmaGreg-Core [ core ]]: Server-stopping complete
[02:55:26] [Server thread/INFO] [net.minecraft.server.MinecraftServer]: Stopping server
[02:55:26] [Server thread/INFO] [net.minecraft.server.MinecraftServer]: Saving players
[02:55:26] [Server thread/INFO] [net.minecraft.server.MinecraftServer]: Saving worlds
[02:55:26] [Server thread/INFO] [net.minecraft.server.MinecraftServer]: Saving chunks for level 'world'/overworld
[02:55:26] [Server thread/INFO] [net.minecraft.server.MinecraftServer]: Saving chunks for level 'world'/Storage Cell
[02:55:26] [Server thread/INFO] [FML]: Unloading dimension 0
[02:55:26] [Server thread/INFO] [FML]: Unloading dimension 2
[02:55:26] [Server thread/INFO] [GalacticraftCore]: Unregistered Dimension: -13
[02:55:26] [Server thread/INFO] [GalacticraftCore]: Unregistered Dimension: -20
[02:55:26] [Server thread/INFO] [GalacticraftCore]: Unregistered Dimension: -15
[02:55:26] [Server thread/INFO] [GalacticraftCore]: Unregistered Dimension: -16
[02:55:26] [Server thread/INFO] [GalacticraftCore]: Unregistered Dimension: -17
[02:55:26] [Server thread/INFO] [GalacticraftCore]: Unregistered Dimension: -18
[02:55:26] [Server thread/INFO] [GalacticraftCore]: Unregistered Dimension: -19
[02:55:26] [Server thread/INFO] [GalacticraftCore]: Unregistered Dimension: -21
[02:55:26] [Server thread/INFO] [GalacticraftCore]: Unregistered Dimension: -22
[02:55:26] [Server thread/INFO] [GalacticraftCore]: Unregistered Dimension: -29
[02:55:26] [Server thread/INFO] [GalacticraftCore]: Unregistered Dimension: -30
[02:55:26] [Server thread/INFO] [GalacticraftCore]: Unregistered Dimension: -31
[02:55:26] [Server thread/INFO] [GalacticraftCore]: Unregistered Dimension: -1504
[02:55:26] [Server thread/INFO] [GalacticraftCore]: Unregistered Dimension: -1501
[02:55:26] [Server thread/INFO] [GalacticraftCore]: Unregistered Dimension: -1500
[02:55:26] [Server thread/INFO] [GalacticraftCore]: Unregistered Dimension: -1503
[02:55:26] [Server thread/INFO] [GalacticraftCore]: Unregistered Dimension: -1502
[02:55:26] [Server thread/INFO] [GalacticraftCore]: Unregistered Dimension: -1505
[02:55:26] [Server thread/INFO] [GalacticraftCore]: Unregistered Dimension: -1506
[02:55:26] [Server thread/INFO] [GalacticraftCore]: Unregistered Dimension: -1507
[02:55:26] [Server thread/INFO] [GalacticraftCore]: Unregistered Dimension: -1508
[02:55:26] [Server thread/INFO] [GalacticraftCore]: Unregistered Dimension: -1509
[02:55:26] [Server thread/INFO] [GalacticraftCore]: Unregistered Dimension: -1510
[02:55:26] [Server thread/INFO] [GalacticraftCore]: Unregistered Dimension: -1511
[02:55:26] [Server thread/INFO] [GalacticraftCore]: Unregistered Dimension: -28
[02:55:26] [Server thread/INFO] [TerraFirmaGreg-Core [ device ]]: Server-stopped start
[02:55:26] [Server thread/INFO] [TerraFirmaGreg-Core [ device ]]: Server-stopped complete
[02:55:26] [Server thread/INFO] [TerraFirmaGreg-Core [ metal ]]: Server-stopped start
[02:55:26] [Server thread/INFO] [TerraFirmaGreg-Core [ metal ]]: Server-stopped complete
[02:55:26] [Server thread/INFO] [TerraFirmaGreg-Core [ rock ]]: Server-stopped start
[02:55:26] [Server thread/INFO] [TerraFirmaGreg-Core [ rock ]]: Server-stopped complete
[02:55:26] [Server thread/INFO] [TerraFirmaGreg-Core [ integration ]]: Server-stopped start
[02:55:26] [Server thread/INFO] [TerraFirmaGreg-Core [ integration ]]: Server-stopped complete
[02:55:26] [Server thread/INFO] [TerraFirmaGreg-Core [ integration ]]: Server-stopped start
[02:55:26] [Server thread/INFO] [TerraFirmaGreg-Core [ integration ]]: Server-stopped complete
[02:55:26] [Server thread/INFO] [TerraFirmaGreg-Core [ core ]]: Server-stopped start
[02:55:26] [Server thread/INFO] [TerraFirmaGreg-Core [ core ]]: Server-stopped complete
[02:55:26] [Server Shutdown Thread/INFO] [net.minecraft.server.MinecraftServer]: Stopping server
[02:55:26] [Server Shutdown Thread/INFO] [net.minecraft.server.MinecraftServer]: Saving players
[02:55:26] [Server Shutdown Thread/INFO] [net.minecraft.server.MinecraftServer]: Saving worlds
